hostname,city,region,country,loc,org,postal,timezone,anycast
23-94-213-6-host.colocrossing.com,Los Angeles,California,US,"34.0522,-118.2437",AS36352 HostPapa,90009,America/Los_Angeles,
23-116-185-114.lightspeed.cicril.sbcglobal.net,Cicero,Illinois,US,"41.8456,-87.7539","AS7018 AT&T Enterprises, LLC",60804,America/Chicago,
,Houston,Texas,US,"29.7633,-95.3633","AS7922 Comcast Cable Communications, LLC",77002,America/Chicago,
45-79-106-170.ip.linodeusercontent.com,Fremont,California,US,"37.5483,-121.9886",AS63949 Akamai Connected Cloud,94536,America/Los_Angeles,
,New York City,New York,US,"40.7143,-74.0060",AS46562 Performive LLC,10001,America/New_York,
,Redmond,Washington,US,"47.6740,-122.1215",AS54858 Wave Broadband,98052,America/Los_Angeles,
census6.shodan.io,San Diego,California,US,"32.7157,-117.1647","AS10439 CariNet, Inc.",92101,America/Los_Angeles,
c-69-249-19-217.hsd1.de.comcast.net,Philadelphia,Pennsylvania,US,"39.9524,-75.1636","AS7922 Comcast Cable Communications, LLC",19099,America/New_York,
c-69-253-19-219.hsd1.pa.comcast.net,Philadelphia,Pennsylvania,US,"39.9524,-75.1636","AS7922 Comcast Cable Communications, LLC",19099,America/New_York,
,San Diego,California,US,"32.7157,-117.1647","AS10439 CariNet, Inc.",92101,America/Los_Angeles,
,San Diego,California,US,"32.7157,-117.1647","AS10439 CariNet, Inc.",92101,America/Los_Angeles,
refrigerator.census.shodan.io,San Diego,California,US,"32.7157,-117.1647","AS10439 CariNet, Inc.",92101,America/Los_Angeles,
pirate.census.shodan.io,San Diego,California,US,"32.7157,-117.1647","AS10439 CariNet, Inc.",92101,America/Los_Angeles,
inspire.census.shodan.io,San Diego,California,US,"32.7157,-117.1647","AS10439 CariNet, Inc.",92101,America/Los_Angeles,
ninja.census.shodan.io,San Diego,California,US,"32.7157,-117.1647","AS10439 CariNet, Inc.",92101,America/Los_Angeles,
census9.shodan.io,San Diego,California,US,"32.7157,-117.1647","AS10439 CariNet, Inc.",92101,America/Los_Angeles,
107-174-127-134-host.colocrossing.com,San Jose,California,US,"37.3394,-121.8950",AS36352 HostPapa,95025,America/Los_Angeles,
166-70-202-88.xmission.com,Salt Lake City,Utah,US,"40.6681,-111.9083","AS6315 XMission, L.C.",84150,America/Denver,
mail.villageliving.org,Richfield,Ohio,US,"41.2398,-81.6382",AS19009 OneCleveland,44286,America/New_York,
scan-21b.shadowserver.org,San Jose,California,US,"37.3394,-121.8950",AS6939 Hurricane Electric LLC,95025,America/Los_Angeles,
scan-13o.shadowserver.org,San Jose,California,US,"37.3394,-121.8950",AS6939 Hurricane Electric LLC,95025,America/Los_Angeles,
scan-14n.shadowserver.org,San Jose,California,US,"37.3394,-121.8950",AS6939 Hurricane Electric LLC,95025,America/Los_Angeles,
scan-13n.shadowserver.org,San Jose,California,US,"37.3394,-121.8950",AS6939 Hurricane Electric LLC,95025,America/Los_Angeles,
scan-15m.shadowserver.org,San Jose,California,US,"37.3394,-121.8950",AS6939 Hurricane Electric LLC,95025,America/Los_Angeles,
scan-21a.shadowserver.org,San Jose,California,US,"37.3394,-121.8950",AS6939 Hurricane Electric LLC,95025,America/Los_Angeles,
scan-13m.shadowserver.org,San Jose,California,US,"37.3394,-121.8950",AS6939 Hurricane Electric LLC,95025,America/Los_Angeles,
scan-15l.shadowserver.org,San Jose,California,US,"37.3394,-121.8950",AS6939 Hurricane Electric LLC,95025,America/Los_Angeles,
scan-14l.shadowserver.org,San Jose,California,US,"37.3394,-121.8950",AS6939 Hurricane Electric LLC,95025,America/Los_Angeles,
scan-13l.shadowserver.org,San Jose,California,US,"37.3394,-121.8950",AS6939 Hurricane Electric LLC,95025,America/Los_Angeles,
scan-15k.shadowserver.org,San Jose,California,US,"37.3394,-121.8950",AS6939 Hurricane Electric LLC,95025,America/Los_Angeles,
scan-14k.shadowserver.org,San Jose,California,US,"37.3394,-121.8950",AS6939 Hurricane Electric LLC,95025,America/Los_Angeles,
scan-21.shadowserver.org,San Jose,California,US,"37.3394,-121.8950",AS6939 Hurricane Electric LLC,95025,America/Los_Angeles,
scan-15j.shadowserver.org,San Jose,California,US,"37.3394,-121.8950",AS6939 Hurricane Electric LLC,95025,America/Los_Angeles,
scan-14j.shadowserver.org,San Jose,California,US,"37.3394,-121.8950",AS6939 Hurricane Electric LLC,95025,America/Los_Angeles,
scan-13j.shadowserver.org,San Jose,California,US,"37.3394,-121.8950",AS6939 Hurricane Electric LLC,95025,America/Los_Angeles,
scan-15i.shadowserver.org,San Jose,California,US,"37.3394,-121.8950",AS6939 Hurricane Electric LLC,95025,America/Los_Angeles,
scan-14i.shadowserver.org,San Jose,California,US,"37.3394,-121.8950",AS6939 Hurricane Electric LLC,95025,America/Los_Angeles,
scan-13i.shadowserver.org,San Jose,California,US,"37.3394,-121.8950",AS6939 Hurricane Electric LLC,95025,America/Los_Angeles,
scan-15h.shadowserver.org,San Jose,California,US,"37.3394,-121.8950",AS6939 Hurricane Electric LLC,95025,America/Los_Angeles,
scan-14h.shadowserver.org,San Jose,California,US,"37.3394,-121.8950",AS6939 Hurricane Electric LLC,95025,America/Los_Angeles,
scan-13h.shadowserver.org,San Jose,California,US,"37.3394,-121.8950",AS6939 Hurricane Electric LLC,95025,America/Los_Angeles,
scan-15g.shadowserver.org,San Jose,California,US,"37.3394,-121.8950",AS6939 Hurricane Electric LLC,95025,America/Los_Angeles,
scan-14g.shadowserver.org,San Jose,California,US,"37.3394,-121.8950",AS6939 Hurricane Electric LLC,95025,America/Los_Angeles,
scan-13g.shadowserver.org,San Jose,California,US,"37.3394,-121.8950",AS6939 Hurricane Electric LLC,95025,America/Los_Angeles,
scan-15f.shadowserver.org,San Jose,California,US,"37.3394,-121.8950",AS6939 Hurricane Electric LLC,95025,America/Los_Angeles,
scan-14f.shadowserver.org,San Jose,California,US,"37.3394,-121.8950",AS6939 Hurricane Electric LLC,95025,America/Los_Angeles,
scan-13f.shadowserver.org,San Jose,California,US,"37.3394,-121.8950",AS6939 Hurricane Electric LLC,95025,America/Los_Angeles,
scan-15e.shadowserver.org,San Jose,California,US,"37.3394,-121.8950",AS6939 Hurricane Electric LLC,95025,America/Los_Angeles,
scan-14e.shadowserver.org,San Jose,California,US,"37.3394,-121.8950",AS6939 Hurricane Electric LLC,95025,America/Los_Angeles,
scan-13e.shadowserver.org,San Jose,California,US,"37.3394,-121.8950",AS6939 Hurricane Electric LLC,95025,America/Los_Angeles,
scan-15d.shadowserver.org,San Jose,California,US,"37.3394,-121.8950",AS6939 Hurricane Electric LLC,95025,America/Los_Angeles,
scan-14d.shadowserver.org,San Jose,California,US,"37.3394,-121.8950",AS6939 Hurricane Electric LLC,95025,America/Los_Angeles,
scan-13d.shadowserver.org,San Jose,California,US,"37.3394,-121.8950",AS6939 Hurricane Electric LLC,95025,America/Los_Angeles,
scan-15c.shadowserver.org,San Jose,California,US,"37.3394,-121.8950",AS6939 Hurricane Electric LLC,95025,America/Los_Angeles,
scan-14c.shadowserver.org,San Jose,California,US,"37.3394,-121.8950",AS6939 Hurricane Electric LLC,95025,America/Los_Angeles,
scan-13c.shadowserver.org,San Jose,California,US,"37.3394,-121.8950",AS6939 Hurricane Electric LLC,95025,America/Los_Angeles,
scan-15b.shadowserver.org,San Jose,California,US,"37.3394,-121.8950",AS6939 Hurricane Electric LLC,95025,America/Los_Angeles,
scan-14b.shadowserver.org,San Jose,California,US,"37.3394,-121.8950",AS6939 Hurricane Electric LLC,95025,America/Los_Angeles,
scan-13b.shadowserver.org,San Jose,California,US,"37.3394,-121.8950",AS6939 Hurricane Electric LLC,95025,America/Los_Angeles,
scan-15a.shadowserver.org,San Jose,California,US,"37.3394,-121.8950",AS6939 Hurricane Electric LLC,95025,America/Los_Angeles,
scan-14a.shadowserver.org,San Jose,California,US,"37.3394,-121.8950",AS6939 Hurricane Electric LLC,95025,America/Los_Angeles,
scan-13a.shadowserver.org,San Jose,California,US,"37.3394,-121.8950",AS6939 Hurricane Electric LLC,95025,America/Los_Angeles,
scan-01i.shadowserver.org,San Jose,California,US,"37.3394,-121.8950",AS6939 Hurricane Electric LLC,95025,America/Los_Angeles,
scan-04g.shadowserver.org,San Jose,California,US,"37.3394,-121.8950",AS6939 Hurricane Electric LLC,95025,America/Los_Angeles,
scan-03f.shadowserver.org,San Jose,California,US,"37.3394,-121.8950",AS6939 Hurricane Electric LLC,95025,America/Los_Angeles,
scan-02g.shadowserver.org,San Jose,California,US,"37.3394,-121.8950",AS6939 Hurricane Electric LLC,95025,America/Los_Angeles,
scan-01h.shadowserver.org,San Jose,California,US,"37.3394,-121.8950",AS6939 Hurricane Electric LLC,95025,America/Los_Angeles,
scan-04f.shadowserver.org,San Jose,California,US,"37.3394,-121.8950",AS6939 Hurricane Electric LLC,95025,America/Los_Angeles,
scan-03e.shadowserver.org,San Jose,California,US,"37.3394,-121.8950",AS6939 Hurricane Electric LLC,95025,America/Los_Angeles,
scan-03c.shadowserver.org,San Jose,California,US,"37.3394,-121.8950",AS6939 Hurricane Electric LLC,95025,America/Los_Angeles,
scan-02d.shadowserver.org,San Jose,California,US,"37.3394,-121.8950",AS6939 Hurricane Electric LLC,95025,America/Los_Angeles,
scan-01e.shadowserver.org,San Jose,California,US,"37.3394,-121.8950",AS6939 Hurricane Electric LLC,95025,America/Los_Angeles,
scan-04c.shadowserver.org,San Jose,California,US,"37.3394,-121.8950",AS6939 Hurricane Electric LLC,95025,America/Los_Angeles,
scan-03b.shadowserver.org,San Jose,California,US,"37.3394,-121.8950",AS6939 Hurricane Electric LLC,95025,America/Los_Angeles,
scan-02c.shadowserver.org,San Jose,California,US,"37.3394,-121.8950",AS6939 Hurricane Electric LLC,95025,America/Los_Angeles,
scan-01d.shadowserver.org,San Jose,California,US,"37.3394,-121.8950",AS6939 Hurricane Electric LLC,95025,America/Los_Angeles,
scan-04b.shadowserver.org,San Jose,California,US,"37.3394,-121.8950",AS6939 Hurricane Electric LLC,95025,America/Los_Angeles,
scan-03b.shadowserver.org,San Jose,California,US,"37.3394,-121.8950",AS6939 Hurricane Electric LLC,95025,America/Los_Angeles,
scan-02b.shadowserver.org,San Jose,California,US,"37.3394,-121.8950",AS6939 Hurricane Electric LLC,95025,America/Los_Angeles,
scan-01c.shadowserver.org,San Jose,California,US,"37.3394,-121.8950",AS6939 Hurricane Electric LLC,95025,America/Los_Angeles,
scan-04a.shadowserver.org,San Jose,California,US,"37.3394,-121.8950",AS6939 Hurricane Electric LLC,95025,America/Los_Angeles,
scan-03a.shadowserver.org,San Jose,California,US,"37.3394,-121.8950",AS6939 Hurricane Electric LLC,95025,America/Los_Angeles,
scan-02a.shadowserver.org,San Jose,California,US,"37.3394,-121.8950",AS6939 Hurricane Electric LLC,95025,America/Los_Angeles,
scan-01a.shadowserver.org,San Jose,California,US,"37.3394,-121.8950",AS6939 Hurricane Electric LLC,95025,America/Los_Angeles,
scan-04.shadowserver.org,San Jose,California,US,"37.3394,-121.8950",AS6939 Hurricane Electric LLC,95025,America/Los_Angeles,
scan-03.shadowserver.org,San Jose,California,US,"37.3394,-121.8950",AS6939 Hurricane Electric LLC,95025,America/Los_Angeles,
scan-02.shadowserver.org,San Jose,California,US,"37.3394,-121.8950",AS6939 Hurricane Electric LLC,95025,America/Los_Angeles,
scan-01.shadowserver.org,San Jose,California,US,"37.3394,-121.8950",AS6939 Hurricane Electric LLC,95025,America/Los_Angeles,
esx-test-ipmi.englab.mmu.nac.net,New York City,New York,US,"40.7143,-74.0060","AS8001 Cologix, Inc",10001,America/New_York,
ip-208-102-75-158.dynamic.fuse.net,Cincinnati,Ohio,US,"39.1271,-84.5144",AS6181 Cincinnati Bell Telephone Company LLC,45219,America/New_York,
,Toronto,Ontario,CA,"43.7064,-79.3986",AS29988 Rogers Communications Canada Inc.,M5A,America/Toronto,
scanner2.scanning.cybergreen.net,Ashburn,Virginia,US,"39.0437,-77.4875","AS14618 Amazon.com, Inc.",20147,America/New_York,
,Hoffman Estates,Illinois,US,"42.0428,-88.0798","AS7922 Comcast Cable Communications, LLC",60192,America/Chicago,
,New York City,New York,US,"40.7139,-74.0070","AS54825 Packet Host, Inc.",10007,America/New_York,
adsl-99-35-124-46.dsl.aus2tx.sbcglobal.net,Austin,Texas,US,"30.2672,-97.7431","AS7018 AT&T Enterprises, LLC",78701,America/Chicago,
,Caguas,Caguas,PR,"18.2341,-66.0485",AS14638 Liberty Communications of Puerto Rico LLC,00725,America/Puerto_Rico,
65-73-156-118.f01de59ac358d029412113945fa4df17.ip.frontiernet.net,Redmond,Washington,US,"47.6740,-122.1215","AS5650 Frontier Communications of America, Inc.",98052,America/Los_Angeles,
scan-09f.shadowserver.org,San Jose,California,US,"37.3394,-121.8950",AS6939 Hurricane Electric LLC,95025,America/Los_Angeles,
scan-10d.shadowserver.org,San Jose,California,US,"37.3394,-121.8950",AS6939 Hurricane Electric LLC,95025,America/Los_Angeles,
scan-11d.shadowserver.org,San Jose,California,US,"37.3394,-121.8950",AS6939 Hurricane Electric LLC,95025,America/Los_Angeles,
scan-10e.shadowserver.org,San Jose,California,US,"37.3394,-121.8950",AS6939 Hurricane Electric LLC,95025,America/Los_Angeles,
scan-11e.shadowserver.org,San Jose,California,US,"37.3394,-121.8950",AS6939 Hurricane Electric LLC,95025,America/Los_Angeles,
scan-12d.shadowserver.org,San Jose,California,US,"37.3394,-121.8950",AS6939 Hurricane Electric LLC,95025,America/Los_Angeles,
scan-10c.shadowserver.org,San Jose,California,US,"37.3394,-121.8950",AS6939 Hurricane Electric LLC,95025,America/Los_Angeles,
scan-10f.shadowserver.org,San Jose,California,US,"37.3394,-121.8950",AS6939 Hurricane Electric LLC,95025,America/Los_Angeles,
scan-09h.shadowserver.org,San Jose,California,US,"37.3394,-121.8950",AS6939 Hurricane Electric LLC,95025,America/Los_Angeles,
scan-09m.shadowserver.org,San Jose,California,US,"37.3394,-121.8950",AS6939 Hurricane Electric LLC,95025,America/Los_Angeles,
scan-09d.shadowserver.org,San Jose,California,US,"37.3394,-121.8950",AS6939 Hurricane Electric LLC,95025,America/Los_Angeles,
scan-09.shadowserver.org,San Jose,California,US,"37.3394,-121.8950",AS6939 Hurricane Electric LLC,95025,America/Los_Angeles,
scan-09e.shadowserver.org,San Jose,California,US,"37.3394,-121.8950",AS6939 Hurricane Electric LLC,95025,America/Los_Angeles,
scan-12g.shadowserver.org,San Jose,California,US,"37.3394,-121.8950",AS6939 Hurricane Electric LLC,95025,America/Los_Angeles,
scan-10k.shadowserver.org,San Jose,California,US,"37.3394,-121.8950",AS6939 Hurricane Electric LLC,95025,America/Los_Angeles,
scan-11f.shadowserver.org,San Jose,California,US,"37.3394,-121.8950",AS6939 Hurricane Electric LLC,95025,America/Los_Angeles,
scan-12e.shadowserver.org,San Jose,California,US,"37.3394,-121.8950",AS6939 Hurricane Electric LLC,95025,America/Los_Angeles,
scan-10.shadowserver.org,San Jose,California,US,"37.3394,-121.8950",AS6939 Hurricane Electric LLC,95025,America/Los_Angeles,
scan-09g.shadowserver.org,San Jose,California,US,"37.3394,-121.8950",AS6939 Hurricane Electric LLC,95025,America/Los_Angeles,
scan-12f.shadowserver.org,San Jose,California,US,"37.3394,-121.8950",AS6939 Hurricane Electric LLC,95025,America/Los_Angeles,
scan-11g.shadowserver.org,San Jose,California,US,"37.3394,-121.8950",AS6939 Hurricane Electric LLC,95025,America/Los_Angeles,
scan-11k.shadowserver.org,San Jose,California,US,"37.3394,-121.8950",AS6939 Hurricane Electric LLC,95025,America/Los_Angeles,
scan-10h.shadowserver.org,San Jose,California,US,"37.3394,-121.8950",AS6939 Hurricane Electric LLC,95025,America/Los_Angeles,
scan-11h.shadowserver.org,San Jose,California,US,"37.3394,-121.8950",AS6939 Hurricane Electric LLC,95025,America/Los_Angeles,
scan-10i.shadowserver.org,San Jose,California,US,"37.3394,-121.8950",AS6939 Hurricane Electric LLC,95025,America/Los_Angeles,
scan-11.shadowserver.org,San Jose,California,US,"37.3394,-121.8950",AS6939 Hurricane Electric LLC,95025,America/Los_Angeles,
scan-11i.shadowserver.org,San Jose,California,US,"37.3394,-121.8950",AS6939 Hurricane Electric LLC,95025,America/Los_Angeles,
scan-09j.shadowserver.org,San Jose,California,US,"37.3394,-121.8950",AS6939 Hurricane Electric LLC,95025,America/Los_Angeles,
scan-09l.shadowserver.org,San Jose,California,US,"37.3394,-121.8950",AS6939 Hurricane Electric LLC,95025,America/Los_Angeles,
scan-11j.shadowserver.org,San Jose,California,US,"37.3394,-121.8950",AS6939 Hurricane Electric LLC,95025,America/Los_Angeles,
scan-10m.shadowserver.org,San Jose,California,US,"37.3394,-121.8950",AS6939 Hurricane Electric LLC,95025,America/Los_Angeles,
scan-12i.shadowserver.org,San Jose,California,US,"37.3394,-121.8950",AS6939 Hurricane Electric LLC,95025,America/Los_Angeles,
scan-12j.shadowserver.org,San Jose,California,US,"37.3394,-121.8950",AS6939 Hurricane Electric LLC,95025,America/Los_Angeles,
scan-12h.shadowserver.org,San Jose,California,US,"37.3394,-121.8950",AS6939 Hurricane Electric LLC,95025,America/Los_Angeles,
scan-10j.shadowserver.org,San Jose,California,US,"37.3394,-121.8950",AS6939 Hurricane Electric LLC,95025,America/Los_Angeles,
scan-12m.shadowserver.org,San Jose,California,US,"37.3394,-121.8950",AS6939 Hurricane Electric LLC,95025,America/Los_Angeles,
scan-10l.shadowserver.org,San Jose,California,US,"37.3394,-121.8950",AS6939 Hurricane Electric LLC,95025,America/Los_Angeles,
scan-11l.shadowserver.org,San Jose,California,US,"37.3394,-121.8950",AS6939 Hurricane Electric LLC,95025,America/Los_Angeles,
scan-12k.shadowserver.org,San Jose,California,US,"37.3394,-121.8950",AS6939 Hurricane Electric LLC,95025,America/Los_Angeles,
scan-12a.shadowserver.org,San Jose,California,US,"37.3394,-121.8950",AS6939 Hurricane Electric LLC,95025,America/Los_Angeles,
scan-11m.shadowserver.org,San Jose,California,US,"37.3394,-121.8950",AS6939 Hurricane Electric LLC,95025,America/Los_Angeles,
scan-12l.shadowserver.org,San Jose,California,US,"37.3394,-121.8950",AS6939 Hurricane Electric LLC,95025,America/Los_Angeles,
scan-09a.shadowserver.org,San Jose,California,US,"37.3394,-121.8950",AS6939 Hurricane Electric LLC,95025,America/Los_Angeles,
scan-11n.shadowserver.org,San Jose,California,US,"37.3394,-121.8950",AS6939 Hurricane Electric LLC,95025,America/Los_Angeles,
scan-09o.shadowserver.org,San Jose,California,US,"37.3394,-121.8950",AS6939 Hurricane Electric LLC,95025,America/Los_Angeles,
scan-10n.shadowserver.org,San Jose,California,US,"37.3394,-121.8950",AS6939 Hurricane Electric LLC,95025,America/Los_Angeles,
scan-11a.shadowserver.org,San Jose,California,US,"37.3394,-121.8950",AS6939 Hurricane Electric LLC,95025,America/Los_Angeles,
scan-10a.shadowserver.org,San Jose,California,US,"37.3394,-121.8950",AS6939 Hurricane Electric LLC,95025,America/Los_Angeles,
scan-09i.shadowserver.org,San Jose,California,US,"37.3394,-121.8950",AS6939 Hurricane Electric LLC,95025,America/Los_Angeles,
scan-11c.shadowserver.org,San Jose,California,US,"37.3394,-121.8950",AS6939 Hurricane Electric LLC,95025,America/Los_Angeles,
scan-12.shadowserver.org,San Jose,California,US,"37.3394,-121.8950",AS6939 Hurricane Electric LLC,95025,America/Los_Angeles,
scan-12c.shadowserver.org,San Jose,California,US,"37.3394,-121.8950",AS6939 Hurricane Electric LLC,95025,America/Los_Angeles,
scan-12b.shadowserver.org,San Jose,California,US,"37.3394,-121.8950",AS6939 Hurricane Electric LLC,95025,America/Los_Angeles,
scan-10g.shadowserver.org,San Jose,California,US,"37.3394,-121.8950",AS6939 Hurricane Electric LLC,95025,America/Los_Angeles,
scan-11b.shadowserver.org,San Jose,California,US,"37.3394,-121.8950",AS6939 Hurricane Electric LLC,95025,America/Los_Angeles,
scan-09b.shadowserver.org,San Jose,California,US,"37.3394,-121.8950",AS6939 Hurricane Electric LLC,95025,America/Los_Angeles,
scan-10b.shadowserver.org,San Jose,California,US,"37.3394,-121.8950",AS6939 Hurricane Electric LLC,95025,America/Los_Angeles,
scan-09c.shadowserver.org,San Jose,California,US,"37.3394,-121.8950",AS6939 Hurricane Electric LLC,95025,America/Los_Angeles,
scan-09n.shadowserver.org,San Jose,California,US,"37.3394,-121.8950",AS6939 Hurricane Electric LLC,95025,America/Los_Angeles,
scan-12b.shadowserver.org,San Jose,California,US,"37.3394,-121.8950",AS6939 Hurricane Electric LLC,95025,America/Los_Angeles,
scan-09k.shadowserver.org,San Jose,California,US,"37.3394,-121.8950",AS6939 Hurricane Electric LLC,95025,America/Los_Angeles,
172-245-87-62-host.colocrossing.com,Buffalo,New York,US,"42.8865,-78.8784",AS36352 HostPapa,14202,America/New_York,
scan-04d.shadowserver.org,San Jose,California,US,"37.3394,-121.8950",AS6939 Hurricane Electric LLC,95025,America/Los_Angeles,
scan-01f.shadowserver.org,San Jose,California,US,"37.3394,-121.8950",AS6939 Hurricane Electric LLC,95025,America/Los_Angeles,
scan-02e.shadowserver.org,San Jose,California,US,"37.3394,-121.8950",AS6939 Hurricane Electric LLC,95025,America/Los_Angeles,
scan-03d.shadowserver.org,San Jose,California,US,"37.3394,-121.8950",AS6939 Hurricane Electric LLC,95025,America/Los_Angeles,
scan-04e.shadowserver.org,San Jose,California,US,"37.3394,-121.8950",AS6939 Hurricane Electric LLC,95025,America/Los_Angeles,
scan-02h.shadowserver.org,San Jose,California,US,"37.3394,-121.8950",AS6939 Hurricane Electric LLC,95025,America/Los_Angeles,
scan-03g.shadowserver.org,San Jose,California,US,"37.3394,-121.8950",AS6939 Hurricane Electric LLC,95025,America/Los_Angeles,
scan-04h.shadowserver.org,San Jose,California,US,"37.3394,-121.8950",AS6939 Hurricane Electric LLC,95025,America/Los_Angeles,
scan-01j.shadowserver.org,San Jose,California,US,"37.3394,-121.8950",AS6939 Hurricane Electric LLC,95025,America/Los_Angeles,
scan-02i.shadowserver.org,San Jose,California,US,"37.3394,-121.8950",AS6939 Hurricane Electric LLC,95025,America/Los_Angeles,
scan-03h.shadowserver.org,San Jose,California,US,"37.3394,-121.8950",AS6939 Hurricane Electric LLC,95025,America/Los_Angeles,
scan-04i.shadowserver.org,San Jose,California,US,"37.3394,-121.8950",AS6939 Hurricane Electric LLC,95025,America/Los_Angeles,
scan-01k.shadowserver.org,San Jose,California,US,"37.3394,-121.8950",AS6939 Hurricane Electric LLC,95025,America/Los_Angeles,
scan-02j.shadowserver.org,San Jose,California,US,"37.3394,-121.8950",AS6939 Hurricane Electric LLC,95025,America/Los_Angeles,
scan-03i.shadowserver.org,San Jose,California,US,"37.3394,-121.8950",AS6939 Hurricane Electric LLC,95025,America/Los_Angeles,
scan-04j.shadowserver.org,San Jose,California,US,"37.3394,-121.8950",AS6939 Hurricane Electric LLC,95025,America/Los_Angeles,
scan-01l.shadowserver.org,San Jose,California,US,"37.3394,-121.8950",AS6939 Hurricane Electric LLC,95025,America/Los_Angeles,
scan-02k.shadowserver.org,San Jose,California,US,"37.3394,-121.8950",AS6939 Hurricane Electric LLC,95025,America/Los_Angeles,
scan-03j.shadowserver.org,San Jose,California,US,"37.3394,-121.8950",AS6939 Hurricane Electric LLC,95025,America/Los_Angeles,
scan-04k.shadowserver.org,San Jose,California,US,"37.3394,-121.8950",AS6939 Hurricane Electric LLC,95025,America/Los_Angeles,
scan-01m.shadowserver.org,San Jose,California,US,"37.3394,-121.8950",AS6939 Hurricane Electric LLC,95025,America/Los_Angeles,
scan-02l.shadowserver.org,San Jose,California,US,"37.3394,-121.8950",AS6939 Hurricane Electric LLC,95025,America/Los_Angeles,
scan-03k.shadowserver.org,San Jose,California,US,"37.3394,-121.8950",AS6939 Hurricane Electric LLC,95025,America/Los_Angeles,
scan-04l.shadowserver.org,San Jose,California,US,"37.3394,-121.8950",AS6939 Hurricane Electric LLC,95025,America/Los_Angeles,
scan-01n.shadowserver.org,San Jose,California,US,"37.3394,-121.8950",AS6939 Hurricane Electric LLC,95025,America/Los_Angeles,
scan-02m.shadowserver.org,San Jose,California,US,"37.3394,-121.8950",AS6939 Hurricane Electric LLC,95025,America/Los_Angeles,
scan-03l.shadowserver.org,San Jose,California,US,"37.3394,-121.8950",AS6939 Hurricane Electric LLC,95025,America/Los_Angeles,
scan-04m.shadowserver.org,San Jose,California,US,"37.3394,-121.8950",AS6939 Hurricane Electric LLC,95025,America/Los_Angeles,
scan-01o.shadowserver.org,San Jose,California,US,"37.3394,-121.8950",AS6939 Hurricane Electric LLC,95025,America/Los_Angeles,
scan-02n.shadowserver.org,San Jose,California,US,"37.3394,-121.8950",AS6939 Hurricane Electric LLC,95025,America/Los_Angeles,
scan-03m.shadowserver.org,San Jose,California,US,"37.3394,-121.8950",AS6939 Hurricane Electric LLC,95025,America/Los_Angeles,
scan-00a.shadowserver.org,San Jose,California,US,"37.3394,-121.8950",AS6939 Hurricane Electric LLC,95025,America/Los_Angeles,
scan-01g.shadowserver.org,San Jose,California,US,"37.3394,-121.8950",AS6939 Hurricane Electric LLC,95025,America/Los_Angeles,
scan-02f.shadowserver.org,San Jose,California,US,"37.3394,-121.8950",AS6939 Hurricane Electric LLC,95025,America/Los_Angeles,
scan-13.shadowserver.org,San Jose,California,US,"37.3394,-121.8950",AS6939 Hurricane Electric LLC,95025,America/Los_Angeles,
scan-14.shadowserver.org,San Jose,California,US,"37.3394,-121.8950",AS6939 Hurricane Electric LLC,95025,America/Los_Angeles,
scan-15.shadowserver.org,San Jose,California,US,"37.3394,-121.8950",AS6939 Hurricane Electric LLC,95025,America/Los_Angeles,
,Port Louis,Port Louis,MU,"-20.1619,57.4989",,,Indian/Mauritius,
,Port Louis,Port Louis,MU,"-20.1619,57.4989",,,Indian/Mauritius,
,Port Louis,Port Louis,MU,"-20.1619,57.4989",,,Indian/Mauritius,
,Port Louis,Port Louis,MU,"-20.1619,57.4989",,,Indian/Mauritius,
,Port Louis,Port Louis,MU,"-20.1619,57.4989",,,Indian/Mauritius,
,Port Louis,Port Louis,MU,"-20.1619,57.4989",,,Indian/Mauritius,
,Port Louis,Port Louis,MU,"-20.1619,57.4989",,,Indian/Mauritius,
,Port Louis,Port Louis,MU,"-20.1619,57.4989",,,Indian/Mauritius,
,Port Louis,Port Louis,MU,"-20.1619,57.4989",,,Indian/Mauritius,
,Port Louis,Port Louis,MU,"-20.1619,57.4989",,,Indian/Mauritius,
,Port Louis,Port Louis,MU,"-20.1619,57.4989",,,Indian/Mauritius,
,Port Louis,Port Louis,MU,"-20.1619,57.4989",,,Indian/Mauritius,
,Port Louis,Port Louis,MU,"-20.1619,57.4989",,,Indian/Mauritius,
,Port Louis,Port Louis,MU,"-20.1619,57.4989",,,Indian/Mauritius,
,Port Louis,Port Louis,MU,"-20.1619,57.4989",,,Indian/Mauritius,
,Port Louis,Port Louis,MU,"-20.1619,57.4989",,,Indian/Mauritius,
,Port Louis,Port Louis,MU,"-20.1619,57.4989",,,Indian/Mauritius,
,Port Louis,Port Louis,MU,"-20.1619,57.4989",,,Indian/Mauritius,
,Port Louis,Port Louis,MU,"-20.1619,57.4989",,,Indian/Mauritius,
,Port Louis,Port Louis,MU,"-20.1619,57.4989",,,Indian/Mauritius,
,Port Louis,Port Louis,MU,"-20.1619,57.4989",,,Indian/Mauritius,
,Port Louis,Port Louis,MU,"-20.1619,57.4989",,,Indian/Mauritius,
,Port Louis,Port Louis,MU,"-20.1619,57.4989",,,Indian/Mauritius,
,Port Louis,Port Louis,MU,"-20.1619,57.4989",,,Indian/Mauritius,
,Port Louis,Port Louis,MU,"-20.1619,57.4989",,,Indian/Mauritius,
,Port Louis,Port Louis,MU,"-20.1619,57.4989",,,Indian/Mauritius,
,Port Louis,Port Louis,MU,"-20.1619,57.4989",,,Indian/Mauritius,
,Port Louis,Port Louis,MU,"-20.1619,57.4989",,,Indian/Mauritius,
,Port Louis,Port Louis,MU,"-20.1619,57.4989",,,Indian/Mauritius,
,Port Louis,Port Louis,MU,"-20.1619,57.4989",,,Indian/Mauritius,
,Port Louis,Port Louis,MU,"-20.1619,57.4989",,,Indian/Mauritius,
,Port Louis,Port Louis,MU,"-20.1619,57.4989",,,Indian/Mauritius,
,Port Louis,Port Louis,MU,"-20.1619,57.4989",,,Indian/Mauritius,
,Port Louis,Port Louis,MU,"-20.1619,57.4989",,,Indian/Mauritius,
,Port Louis,Port Louis,MU,"-20.1619,57.4989",,,Indian/Mauritius,
,Port Louis,Port Louis,MU,"-20.1619,57.4989",,,Indian/Mauritius,
,Port Louis,Port Louis,MU,"-20.1619,57.4989",,,Indian/Mauritius,
,Port Louis,Port Louis,MU,"-20.1619,57.4989",,,Indian/Mauritius,
,Port Louis,Port Louis,MU,"-20.1619,57.4989",,,Indian/Mauritius,
,Port Louis,Port Louis,MU,"-20.1619,57.4989",,,Indian/Mauritius,
,Port Louis,Port Louis,MU,"-20.1619,57.4989",,,Indian/Mauritius,
,Port Louis,Port Louis,MU,"-20.1619,57.4989",,,Indian/Mauritius,
,Port Louis,Port Louis,MU,"-20.1619,57.4989",,,Indian/Mauritius,
,Port Louis,Port Louis,MU,"-20.1619,57.4989",,,Indian/Mauritius,
,Port Louis,Port Louis,MU,"-20.1619,57.4989",,,Indian/Mauritius,
,Port Louis,Port Louis,MU,"-20.1619,57.4989",,,Indian/Mauritius,
,Port Louis,Port Louis,MU,"-20.1619,57.4989",,,Indian/Mauritius,
,Port Louis,Port Louis,MU,"-20.1619,57.4989",,,Indian/Mauritius,
,Port Louis,Port Louis,MU,"-20.1619,57.4989",,,Indian/Mauritius,
198-12-69-86-host.colocrossing.com,Buffalo,New York,US,"42.8865,-78.8784",AS36352 HostPapa,14202,America/New_York,
114.70.20.198.unassigned.ord.singlehop.net,Phoenix,Arizona,US,"33.4484,-112.0740",AS32475 Internap Holding LLC,85001,America/Phoenix,
malware-hunter.census.shodan.io,San Diego,California,US,"32.7157,-117.1647","AS10439 CariNet, Inc.",92101,America/Los_Angeles,
,San Diego,California,US,"32.7157,-117.1647","AS10439 CariNet, Inc.",92101,America/Los_Angeles,
ip62.208-100-1.static.steadfastdns.net,Chicago,Illinois,US,"41.8500,-87.6500",AS32748 Steadfast,60666,America/Chicago,
,Chicago,Illinois,US,"41.8500,-87.6500","AS7922 Comcast Cable Communications, LLC",60666,America/Chicago,
65-36-74-159.dyn.grandenetworks.net,Corpus Christi,Texas,US,"27.8006,-97.3964","AS7459 Grande Communications Networks, LLC",78401,America/Chicago,
,New Bern,North Carolina,US,"35.1085,-77.0441",AS19108 Optimum,28563,America/New_York,
,Santa Clara,California,US,"37.3924,-121.9623","AS7018 AT&T Enterprises, LLC",95054,America/Los_Angeles,
amplifier200.us.archive.org,San Francisco,California,US,"37.7749,-122.4194",AS7941 Internet Archive,94102,America/Los_Angeles,
,Las Vegas,Nevada,US,"36.1008,-115.1365","AS53340 VegasNAP, LLC",89119,America/Los_Angeles,
whatsup.serverphase.com,Carrollton,Texas,US,"32.9537,-96.8903","AS19609 M&A Technology, Inc",75011,America/Chicago,
,Port Louis,Port Louis,MU,"-20.1619,57.4989",,,Indian/Mauritius,
70.15.157.147.res-cmts.eph2.ptd.net,Ephrata,Pennsylvania,US,"40.1798,-76.1788",AS3737 PenTeleData Inc.,17522,America/New_York,
,Port Louis,Port Louis,MU,"-20.1619,57.4989",,,Indian/Mauritius,
,New York City,New York,US,"40.7143,-74.0060","AS7922 Comcast Cable Communications, LLC",10001,America/New_York,
syn-162-155-180-142.biz.spectrum.com,Youngstown,Ohio,US,"41.1257,-80.6277",AS10796 Charter Communications Inc,44505,America/New_York,
syn-067-079-014-026.biz.spectrum.com,Austin,Texas,US,"30.2672,-97.7431",AS11427 Charter Communications Inc,78701,America/Chicago,
6.197.196.216.ded-dsl.fuse.net,The Village of Indian Hill,Ohio,US,"39.1795,-84.3352",AS6181 Cincinnati Bell Telephone Company LLC,45243,America/New_York,
,Port Louis,Port Louis,MU,"-20.1619,57.4989",,,Indian/Mauritius,
158.113-113-64.ftth.swbr.surewest.net,Sacramento,California,US,"38.5816,-121.4944","AS14051 Consolidated Communications, Inc.",94203,America/Los_Angeles,
syn-098-014-093-020.res.spectrum.com,Inwood,New York,US,"40.6769,-73.8448",AS12271 Charter Communications Inc,11417,America/New_York,
syn-162-155-192-189.biz.spectrum.com,Columbus,Ohio,US,"39.9874,-83.0456",AS10796 Charter Communications Inc,43212,America/New_York,
,San Diego,California,US,"32.7157,-117.1647","AS10439 CariNet, Inc.",92101,America/Los_Angeles,
syn-071-042-023-141.biz.spectrum.com,Apopka,Florida,US,"28.6354,-81.4888","AS33363 Charter Communications, Inc",32703,America/New_York,
c-73-231-127-23.hsd1.ca.comcast.net,Hayward,California,US,"37.6688,-122.0808","AS7922 Comcast Cable Communications, LLC",94541,America/Los_Angeles,
wsip-70-169-227-155.oc.oc.cox.net,Rancho Santa Margarita,California,US,"33.6409,-117.6031",AS22773 Cox Communications Inc.,92688,America/Los_Angeles,
syn-172-117-236-053.res.spectrum.com,Temecula,California,US,"33.4936,-117.1484",AS20001 Charter Communications Inc,92589,America/Los_Angeles,
,Port Louis,Port Louis,MU,"-20.1619,57.4989",,,Indian/Mauritius,
50-77-28-37-static.hfc.comcastbusiness.net,Boston,Massachusetts,US,"42.3584,-71.0598","AS7922 Comcast Cable Communications, LLC",02108,America/New_York,
researchscan535.eecs.umich.edu,Ann Arbor,Michigan,US,"42.2776,-83.7409",AS36375 University of Michigan,48109,America/Detroit,
researchscan536.eecs.umich.edu,Ann Arbor,Michigan,US,"42.2776,-83.7409",AS36375 University of Michigan,48109,America/Detroit,
researchscan537.eecs.umich.edu,Ann Arbor,Michigan,US,"42.2776,-83.7409",AS36375 University of Michigan,48109,America/Detroit,
researchscan539.eecs.umich.edu,Ann Arbor,Michigan,US,"42.2776,-83.7409",AS36375 University of Michigan,48109,America/Detroit,
researchscan538.eecs.umich.edu,Ann Arbor,Michigan,US,"42.2776,-83.7409",AS36375 University of Michigan,48109,America/Detroit,
154.16.178.108.unassigned.ord.singlehop.net,Chicago,Illinois,US,"41.8500,-87.6500",AS32475 Internap Holding LLC,60666,America/Chicago,
researchscan540.eecs.umich.edu,Ann Arbor,Michigan,US,"42.2776,-83.7409",AS36375 University of Michigan,48109,America/Detroit,
researchscan541.eecs.umich.edu,Ann Arbor,Michigan,US,"42.2776,-83.7409",AS36375 University of Michigan,48109,America/Detroit,
relay05.pop.fmt.plex.bz,Fremont,California,US,"37.5483,-121.9886",AS63949 Akamai Connected Cloud,94536,America/Los_Angeles,
50-244-25-90-static.hfc.comcastbusiness.net,Chicago,Illinois,US,"41.8500,-87.6500","AS7922 Comcast Cable Communications, LLC",60666,America/Chicago,
,Lake Wales,Florida,US,"27.9014,-81.5859","AS7922 Comcast Cable Communications, LLC",33853,America/New_York,
104-183-23-173.lightspeed.rcsntx.sbcglobal.net,Grand Prairie,Texas,US,"32.7649,-97.0112","AS7018 AT&T Enterprises, LLC",75050,America/Chicago,
,Vancouver,British Columbia,CA,"49.2497,-123.1193",AS852 TELUS Communications Inc.,V5Y,America/Vancouver,
syn-071-042-226-210.biz.spectrum.com,Kyle,Texas,US,"29.9891,-97.8772",AS11427 Charter Communications Inc,78640,America/Chicago,
burger.census.shodan.io,San Diego,California,US,"32.7157,-117.1647","AS10439 CariNet, Inc.",92101,America/Los_Angeles,
ml.techgreensecurity.com,Buffalo,New York,US,"42.8864,-78.8784",AS19084 ColoUp,14280,America/New_York,
,Iron Mountain,Michigan,US,"45.8202,-88.0660",AS237 Merit Network Inc.,49801,America/Menominee,
,Iron Mountain,Michigan,US,"45.8202,-88.0660",AS237 Merit Network Inc.,49801,America/Menominee,
,Iron Mountain,Michigan,US,"45.8202,-88.0660",AS237 Merit Network Inc.,49801,America/Menominee,
,Iron Mountain,Michigan,US,"45.8202,-88.0660",AS237 Merit Network Inc.,49801,America/Menominee,
,Iron Mountain,Michigan,US,"45.8202,-88.0660",AS237 Merit Network Inc.,49801,America/Menominee,
,Iron Mountain,Michigan,US,"45.8202,-88.0660",AS237 Merit Network Inc.,49801,America/Menominee,
,Iron Mountain,Michigan,US,"45.8202,-88.0660",AS237 Merit Network Inc.,49801,America/Menominee,
,Iron Mountain,Michigan,US,"45.8202,-88.0660",AS237 Merit Network Inc.,49801,America/Menominee,
,Iron Mountain,Michigan,US,"45.8202,-88.0660",AS237 Merit Network Inc.,49801,America/Menominee,
,Iron Mountain,Michigan,US,"45.8202,-88.0660",AS237 Merit Network Inc.,49801,America/Menominee,
,Iron Mountain,Michigan,US,"45.8202,-88.0660",AS237 Merit Network Inc.,49801,America/Menominee,
,Iron Mountain,Michigan,US,"45.8202,-88.0660",AS237 Merit Network Inc.,49801,America/Menominee,
,Iron Mountain,Michigan,US,"45.8202,-88.0660",AS237 Merit Network Inc.,49801,America/Menominee,
,Iron Mountain,Michigan,US,"45.8202,-88.0660",AS237 Merit Network Inc.,49801,America/Menominee,
,Iron Mountain,Michigan,US,"45.8202,-88.0660",AS237 Merit Network Inc.,49801,America/Menominee,
,Iron Mountain,Michigan,US,"45.8202,-88.0660",AS237 Merit Network Inc.,49801,America/Menominee,
,Iron Mountain,Michigan,US,"45.8202,-88.0660",AS237 Merit Network Inc.,49801,America/Menominee,
,Iron Mountain,Michigan,US,"45.8202,-88.0660",AS237 Merit Network Inc.,49801,America/Menominee,
,Iron Mountain,Michigan,US,"45.8202,-88.0660",AS237 Merit Network Inc.,49801,America/Menominee,
,Iron Mountain,Michigan,US,"45.8202,-88.0660",AS237 Merit Network Inc.,49801,America/Menominee,
,Iron Mountain,Michigan,US,"45.8202,-88.0660",AS237 Merit Network Inc.,49801,America/Menominee,
,Iron Mountain,Michigan,US,"45.8202,-88.0660",AS237 Merit Network Inc.,49801,America/Menominee,
,Iron Mountain,Michigan,US,"45.8202,-88.0660",AS237 Merit Network Inc.,49801,America/Menominee,
,Iron Mountain,Michigan,US,"45.8202,-88.0660",AS237 Merit Network Inc.,49801,America/Menominee,
,Iron Mountain,Michigan,US,"45.8202,-88.0660",AS237 Merit Network Inc.,49801,America/Menominee,
,Iron Mountain,Michigan,US,"45.8202,-88.0660",AS237 Merit Network Inc.,49801,America/Menominee,
,Iron Mountain,Michigan,US,"45.8202,-88.0660",AS237 Merit Network Inc.,49801,America/Menominee,
,Iron Mountain,Michigan,US,"45.8202,-88.0660",AS237 Merit Network Inc.,49801,America/Menominee,
,Iron Mountain,Michigan,US,"45.8202,-88.0660",AS237 Merit Network Inc.,49801,America/Menominee,
,Iron Mountain,Michigan,US,"45.8202,-88.0660",AS237 Merit Network Inc.,49801,America/Menominee,
,Iron Mountain,Michigan,US,"45.8202,-88.0660",AS237 Merit Network Inc.,49801,America/Menominee,
,Iron Mountain,Michigan,US,"45.8202,-88.0660",AS237 Merit Network Inc.,49801,America/Menominee,
,Iron Mountain,Michigan,US,"45.8202,-88.0660",AS237 Merit Network Inc.,49801,America/Menominee,
,Iron Mountain,Michigan,US,"45.8202,-88.0660",AS237 Merit Network Inc.,49801,America/Menominee,
,Iron Mountain,Michigan,US,"45.8202,-88.0660",AS237 Merit Network Inc.,49801,America/Menominee,
,Iron Mountain,Michigan,US,"45.8202,-88.0660",AS237 Merit Network Inc.,49801,America/Menominee,
,Iron Mountain,Michigan,US,"45.8202,-88.0660",AS237 Merit Network Inc.,49801,America/Menominee,
,Iron Mountain,Michigan,US,"45.8202,-88.0660",AS237 Merit Network Inc.,49801,America/Menominee,
,Iron Mountain,Michigan,US,"45.8202,-88.0660",AS237 Merit Network Inc.,49801,America/Menominee,
,Iron Mountain,Michigan,US,"45.8202,-88.0660",AS237 Merit Network Inc.,49801,America/Menominee,
,Iron Mountain,Michigan,US,"45.8202,-88.0660",AS237 Merit Network Inc.,49801,America/Menominee,
,Iron Mountain,Michigan,US,"45.8202,-88.0660",AS237 Merit Network Inc.,49801,America/Menominee,
,Iron Mountain,Michigan,US,"45.8202,-88.0660",AS237 Merit Network Inc.,49801,America/Menominee,
,Iron Mountain,Michigan,US,"45.8202,-88.0660",AS237 Merit Network Inc.,49801,America/Menominee,
,Iron Mountain,Michigan,US,"45.8202,-88.0660",AS237 Merit Network Inc.,49801,America/Menominee,
,Iron Mountain,Michigan,US,"45.8202,-88.0660",AS237 Merit Network Inc.,49801,America/Menominee,
,Iron Mountain,Michigan,US,"45.8202,-88.0660",AS237 Merit Network Inc.,49801,America/Menominee,
,Iron Mountain,Michigan,US,"45.8202,-88.0660",AS237 Merit Network Inc.,49801,America/Menominee,
,Iron Mountain,Michigan,US,"45.8202,-88.0660",AS237 Merit Network Inc.,49801,America/Menominee,
,Iron Mountain,Michigan,US,"45.8202,-88.0660",AS237 Merit Network Inc.,49801,America/Menominee,
,Iron Mountain,Michigan,US,"45.8202,-88.0660",AS237 Merit Network Inc.,49801,America/Menominee,
,Iron Mountain,Michigan,US,"45.8202,-88.0660",AS237 Merit Network Inc.,49801,America/Menominee,
,Iron Mountain,Michigan,US,"45.8202,-88.0660",AS237 Merit Network Inc.,49801,America/Menominee,
,Iron Mountain,Michigan,US,"45.8202,-88.0660",AS237 Merit Network Inc.,49801,America/Menominee,
,Iron Mountain,Michigan,US,"45.8202,-88.0660",AS237 Merit Network Inc.,49801,America/Menominee,
,Iron Mountain,Michigan,US,"45.8202,-88.0660",AS237 Merit Network Inc.,49801,America/Menominee,
,Iron Mountain,Michigan,US,"45.8202,-88.0660",AS237 Merit Network Inc.,49801,America/Menominee,
,Iron Mountain,Michigan,US,"45.8202,-88.0660",AS237 Merit Network Inc.,49801,America/Menominee,
,Iron Mountain,Michigan,US,"45.8202,-88.0660",AS237 Merit Network Inc.,49801,America/Menominee,
,Iron Mountain,Michigan,US,"45.8202,-88.0660",AS237 Merit Network Inc.,49801,America/Menominee,
,Iron Mountain,Michigan,US,"45.8202,-88.0660",AS237 Merit Network Inc.,49801,America/Menominee,
,Iron Mountain,Michigan,US,"45.8202,-88.0660",AS237 Merit Network Inc.,49801,America/Menominee,
,Iron Mountain,Michigan,US,"45.8202,-88.0660",AS237 Merit Network Inc.,49801,America/Menominee,
,Iron Mountain,Michigan,US,"45.8202,-88.0660",AS237 Merit Network Inc.,49801,America/Menominee,
,Iron Mountain,Michigan,US,"45.8202,-88.0660",AS237 Merit Network Inc.,49801,America/Menominee,
,Iron Mountain,Michigan,US,"45.8202,-88.0660",AS237 Merit Network Inc.,49801,America/Menominee,
,Iron Mountain,Michigan,US,"45.8202,-88.0660",AS237 Merit Network Inc.,49801,America/Menominee,
,Iron Mountain,Michigan,US,"45.8202,-88.0660",AS237 Merit Network Inc.,49801,America/Menominee,
,Iron Mountain,Michigan,US,"45.8202,-88.0660",AS237 Merit Network Inc.,49801,America/Menominee,
syn-071-014-255-251.biz.spectrum.com,Chesterfield,Missouri,US,"38.6631,-90.5771",AS20115 Charter Communications LLC,63006,America/Chicago,
,Iron Mountain,Michigan,US,"45.8202,-88.0660",AS237 Merit Network Inc.,49801,America/Menominee,
,Iron Mountain,Michigan,US,"45.8202,-88.0660",AS237 Merit Network Inc.,49801,America/Menominee,
,Iron Mountain,Michigan,US,"45.8202,-88.0660",AS237 Merit Network Inc.,49801,America/Menominee,
,Iron Mountain,Michigan,US,"45.8202,-88.0660",AS237 Merit Network Inc.,49801,America/Menominee,
,Iron Mountain,Michigan,US,"45.8202,-88.0660",AS237 Merit Network Inc.,49801,America/Menominee,
,Iron Mountain,Michigan,US,"45.8202,-88.0660",AS237 Merit Network Inc.,49801,America/Menominee,
,Iron Mountain,Michigan,US,"45.8202,-88.0660",AS237 Merit Network Inc.,49801,America/Menominee,
,Iron Mountain,Michigan,US,"45.8202,-88.0660",AS237 Merit Network Inc.,49801,America/Menominee,
,Iron Mountain,Michigan,US,"45.8202,-88.0660",AS237 Merit Network Inc.,49801,America/Menominee,
,Iron Mountain,Michigan,US,"45.8202,-88.0660",AS237 Merit Network Inc.,49801,America/Menominee,
,Iron Mountain,Michigan,US,"45.8202,-88.0660",AS237 Merit Network Inc.,49801,America/Menominee,
,Iron Mountain,Michigan,US,"45.8202,-88.0660",AS237 Merit Network Inc.,49801,America/Menominee,
,Iron Mountain,Michigan,US,"45.8202,-88.0660",AS237 Merit Network Inc.,49801,America/Menominee,
,Iron Mountain,Michigan,US,"45.8202,-88.0660",AS237 Merit Network Inc.,49801,America/Menominee,
,Iron Mountain,Michigan,US,"45.8202,-88.0660",AS237 Merit Network Inc.,49801,America/Menominee,
,New York City,New York,US,"40.7143,-74.0060",AS16504 Granite Telecommunications LLC,10001,America/New_York,
,Iron Mountain,Michigan,US,"45.8202,-88.0660",AS237 Merit Network Inc.,49801,America/Menominee,
,Iron Mountain,Michigan,US,"45.8202,-88.0660",AS237 Merit Network Inc.,49801,America/Menominee,
,Iron Mountain,Michigan,US,"45.8202,-88.0660",AS237 Merit Network Inc.,49801,America/Menominee,
,Iron Mountain,Michigan,US,"45.8202,-88.0660",AS237 Merit Network Inc.,49801,America/Menominee,
,Iron Mountain,Michigan,US,"45.8202,-88.0660",AS237 Merit Network Inc.,49801,America/Menominee,
,Iron Mountain,Michigan,US,"45.8202,-88.0660",AS237 Merit Network Inc.,49801,America/Menominee,
,Iron Mountain,Michigan,US,"45.8202,-88.0660",AS237 Merit Network Inc.,49801,America/Menominee,
,Iron Mountain,Michigan,US,"45.8202,-88.0660",AS237 Merit Network Inc.,49801,America/Menominee,
,Iron Mountain,Michigan,US,"45.8202,-88.0660",AS237 Merit Network Inc.,49801,America/Menominee,
,Iron Mountain,Michigan,US,"45.8202,-88.0660",AS237 Merit Network Inc.,49801,America/Menominee,
,Iron Mountain,Michigan,US,"45.8202,-88.0660",AS237 Merit Network Inc.,49801,America/Menominee,
,Iron Mountain,Michigan,US,"45.8202,-88.0660",AS237 Merit Network Inc.,49801,America/Menominee,
,Iron Mountain,Michigan,US,"45.8202,-88.0660",AS237 Merit Network Inc.,49801,America/Menominee,
,Iron Mountain,Michigan,US,"45.8202,-88.0660",AS237 Merit Network Inc.,49801,America/Menominee,
,Iron Mountain,Michigan,US,"45.8202,-88.0660",AS237 Merit Network Inc.,49801,America/Menominee,
,Iron Mountain,Michigan,US,"45.8202,-88.0660",AS237 Merit Network Inc.,49801,America/Menominee,
,Iron Mountain,Michigan,US,"45.8202,-88.0660",AS237 Merit Network Inc.,49801,America/Menominee,
,Iron Mountain,Michigan,US,"45.8202,-88.0660",AS237 Merit Network Inc.,49801,America/Menominee,
,Iron Mountain,Michigan,US,"45.8202,-88.0660",AS237 Merit Network Inc.,49801,America/Menominee,
,Iron Mountain,Michigan,US,"45.8202,-88.0660",AS237 Merit Network Inc.,49801,America/Menominee,
,Iron Mountain,Michigan,US,"45.8202,-88.0660",AS237 Merit Network Inc.,49801,America/Menominee,
,Iron Mountain,Michigan,US,"45.8202,-88.0660",AS237 Merit Network Inc.,49801,America/Menominee,
,Iron Mountain,Michigan,US,"45.8202,-88.0660",AS237 Merit Network Inc.,49801,America/Menominee,
,Iron Mountain,Michigan,US,"45.8202,-88.0660",AS237 Merit Network Inc.,49801,America/Menominee,
,Iron Mountain,Michigan,US,"45.8202,-88.0660",AS237 Merit Network Inc.,49801,America/Menominee,
,Iron Mountain,Michigan,US,"45.8202,-88.0660",AS237 Merit Network Inc.,49801,America/Menominee,
,Iron Mountain,Michigan,US,"45.8202,-88.0660",AS237 Merit Network Inc.,49801,America/Menominee,
,Iron Mountain,Michigan,US,"45.8202,-88.0660",AS237 Merit Network Inc.,49801,America/Menominee,
,Iron Mountain,Michigan,US,"45.8202,-88.0660",AS237 Merit Network Inc.,49801,America/Menominee,
,Iron Mountain,Michigan,US,"45.8202,-88.0660",AS237 Merit Network Inc.,49801,America/Menominee,
,Iron Mountain,Michigan,US,"45.8202,-88.0660",AS237 Merit Network Inc.,49801,America/Menominee,
,Iron Mountain,Michigan,US,"45.8202,-88.0660",AS237 Merit Network Inc.,49801,America/Menominee,
,Iron Mountain,Michigan,US,"45.8202,-88.0660",AS237 Merit Network Inc.,49801,America/Menominee,
,Iron Mountain,Michigan,US,"45.8202,-88.0660",AS237 Merit Network Inc.,49801,America/Menominee,
,Iron Mountain,Michigan,US,"45.8202,-88.0660",AS237 Merit Network Inc.,49801,America/Menominee,
,Iron Mountain,Michigan,US,"45.8202,-88.0660",AS237 Merit Network Inc.,49801,America/Menominee,
,Iron Mountain,Michigan,US,"45.8202,-88.0660",AS237 Merit Network Inc.,49801,America/Menominee,
,Iron Mountain,Michigan,US,"45.8202,-88.0660",AS237 Merit Network Inc.,49801,America/Menominee,
,Iron Mountain,Michigan,US,"45.8202,-88.0660",AS237 Merit Network Inc.,49801,America/Menominee,
,Iron Mountain,Michigan,US,"45.8202,-88.0660",AS237 Merit Network Inc.,49801,America/Menominee,
,Iron Mountain,Michigan,US,"45.8202,-88.0660",AS237 Merit Network Inc.,49801,America/Menominee,
,Iron Mountain,Michigan,US,"45.8202,-88.0660",AS237 Merit Network Inc.,49801,America/Menominee,
,Iron Mountain,Michigan,US,"45.8202,-88.0660",AS237 Merit Network Inc.,49801,America/Menominee,
,Iron Mountain,Michigan,US,"45.8202,-88.0660",AS237 Merit Network Inc.,49801,America/Menominee,
,Iron Mountain,Michigan,US,"45.8202,-88.0660",AS237 Merit Network Inc.,49801,America/Menominee,
,Iron Mountain,Michigan,US,"45.8202,-88.0660",AS237 Merit Network Inc.,49801,America/Menominee,
,Iron Mountain,Michigan,US,"45.8202,-88.0660",AS237 Merit Network Inc.,49801,America/Menominee,
,Iron Mountain,Michigan,US,"45.8202,-88.0660",AS237 Merit Network Inc.,49801,America/Menominee,
,Iron Mountain,Michigan,US,"45.8202,-88.0660",AS237 Merit Network Inc.,49801,America/Menominee,
,Iron Mountain,Michigan,US,"45.8202,-88.0660",AS237 Merit Network Inc.,49801,America/Menominee,
,Iron Mountain,Michigan,US,"45.8202,-88.0660",AS237 Merit Network Inc.,49801,America/Menominee,
,Iron Mountain,Michigan,US,"45.8202,-88.0660",AS237 Merit Network Inc.,49801,America/Menominee,
,Iron Mountain,Michigan,US,"45.8202,-88.0660",AS237 Merit Network Inc.,49801,America/Menominee,
,Iron Mountain,Michigan,US,"45.8202,-88.0660",AS237 Merit Network Inc.,49801,America/Menominee,
,Iron Mountain,Michigan,US,"45.8202,-88.0660",AS237 Merit Network Inc.,49801,America/Menominee,
,Iron Mountain,Michigan,US,"45.8202,-88.0660",AS237 Merit Network Inc.,49801,America/Menominee,
,Iron Mountain,Michigan,US,"45.8202,-88.0660",AS237 Merit Network Inc.,49801,America/Menominee,
,Iron Mountain,Michigan,US,"45.8202,-88.0660",AS237 Merit Network Inc.,49801,America/Menominee,
,Iron Mountain,Michigan,US,"45.8202,-88.0660",AS237 Merit Network Inc.,49801,America/Menominee,
,Iron Mountain,Michigan,US,"45.8202,-88.0660",AS237 Merit Network Inc.,49801,America/Menominee,
h182.165.139.40.ip.windstream.net,New York City,New York,US,"40.7143,-74.0060",AS7029 Windstream Communications LLC,10001,America/New_York,
,Iron Mountain,Michigan,US,"45.8202,-88.0660",AS237 Merit Network Inc.,49801,America/Menominee,
,Iron Mountain,Michigan,US,"45.8202,-88.0660",AS237 Merit Network Inc.,49801,America/Menominee,
,Iron Mountain,Michigan,US,"45.8202,-88.0660",AS237 Merit Network Inc.,49801,America/Menominee,
,Iron Mountain,Michigan,US,"45.8202,-88.0660",AS237 Merit Network Inc.,49801,America/Menominee,
,Iron Mountain,Michigan,US,"45.8202,-88.0660",AS237 Merit Network Inc.,49801,America/Menominee,
,Iron Mountain,Michigan,US,"45.8202,-88.0660",AS237 Merit Network Inc.,49801,America/Menominee,
,Iron Mountain,Michigan,US,"45.8202,-88.0660",AS237 Merit Network Inc.,49801,America/Menominee,
,Iron Mountain,Michigan,US,"45.8202,-88.0660",AS237 Merit Network Inc.,49801,America/Menominee,
,Iron Mountain,Michigan,US,"45.8202,-88.0660",AS237 Merit Network Inc.,49801,America/Menominee,
,Iron Mountain,Michigan,US,"45.8202,-88.0660",AS237 Merit Network Inc.,49801,America/Menominee,
,Iron Mountain,Michigan,US,"45.8202,-88.0660",AS237 Merit Network Inc.,49801,America/Menominee,
,Iron Mountain,Michigan,US,"45.8202,-88.0660",AS237 Merit Network Inc.,49801,America/Menominee,
,Iron Mountain,Michigan,US,"45.8202,-88.0660",AS237 Merit Network Inc.,49801,America/Menominee,
,Iron Mountain,Michigan,US,"45.8202,-88.0660",AS237 Merit Network Inc.,49801,America/Menominee,
,Iron Mountain,Michigan,US,"45.8202,-88.0660",AS237 Merit Network Inc.,49801,America/Menominee,
,Iron Mountain,Michigan,US,"45.8202,-88.0660",AS237 Merit Network Inc.,49801,America/Menominee,
syn-070-124-224-024.res.spectrum.com,Los Fresnos,Texas,US,"26.0717,-97.4764",AS11427 Charter Communications Inc,78566,America/Chicago,
,Iron Mountain,Michigan,US,"45.8202,-88.0660",AS237 Merit Network Inc.,49801,America/Menominee,
,Iron Mountain,Michigan,US,"45.8202,-88.0660",AS237 Merit Network Inc.,49801,America/Menominee,
,Iron Mountain,Michigan,US,"45.8202,-88.0660",AS237 Merit Network Inc.,49801,America/Menominee,
,Iron Mountain,Michigan,US,"45.8202,-88.0660",AS237 Merit Network Inc.,49801,America/Menominee,
,Iron Mountain,Michigan,US,"45.8202,-88.0660",AS237 Merit Network Inc.,49801,America/Menominee,
,Iron Mountain,Michigan,US,"45.8202,-88.0660",AS237 Merit Network Inc.,49801,America/Menominee,
,Dallas,Texas,US,"32.7831,-96.8067",AS36352 HostPapa,75201,America/Chicago,
63-142-101-63-142-101-182.cpe.sparklight.net,Lexington,Kentucky,US,"38.0102,-84.4274",,40509,America/New_York,
scanners.labs.rapid7.com,San Diego,California,US,"32.7157,-117.1647","AS10439 CariNet, Inc.",92101,America/Los_Angeles,
scanners.labs.rapid7.com,San Diego,California,US,"32.7157,-117.1647","AS10439 CariNet, Inc.",92101,America/Los_Angeles,
scanners.labs.rapid7.com,San Diego,California,US,"32.7157,-117.1647","AS10439 CariNet, Inc.",92101,America/Los_Angeles,
scanners.labs.rapid7.com,San Diego,California,US,"32.7157,-117.1647","AS10439 CariNet, Inc.",92101,America/Los_Angeles,
scanners.labs.rapid7.com,San Diego,California,US,"32.7157,-117.1647","AS10439 CariNet, Inc.",92101,America/Los_Angeles,
scanners.labs.rapid7.com,San Diego,California,US,"32.7157,-117.1647","AS10439 CariNet, Inc.",92101,America/Los_Angeles,
scanners.labs.rapid7.com,San Diego,California,US,"32.7157,-117.1647","AS10439 CariNet, Inc.",92101,America/Los_Angeles,
scanners.labs.rapid7.com,San Diego,California,US,"32.7157,-117.1647","AS10439 CariNet, Inc.",92101,America/Los_Angeles,
scanners.labs.rapid7.com,San Diego,California,US,"32.7157,-117.1647","AS10439 CariNet, Inc.",92101,America/Los_Angeles,
scanners.labs.rapid7.com,San Diego,California,US,"32.7157,-117.1647","AS10439 CariNet, Inc.",92101,America/Los_Angeles,
scanners.labs.rapid7.com,San Diego,California,US,"32.7157,-117.1647","AS10439 CariNet, Inc.",92101,America/Los_Angeles,
scanners.labs.rapid7.com,San Diego,California,US,"32.7157,-117.1647","AS10439 CariNet, Inc.",92101,America/Los_Angeles,
scanners.labs.rapid7.com,San Diego,California,US,"32.7157,-117.1647","AS10439 CariNet, Inc.",92101,America/Los_Angeles,
scanners.labs.rapid7.com,San Diego,California,US,"32.7157,-117.1647","AS10439 CariNet, Inc.",92101,America/Los_Angeles,
scanners.labs.rapid7.com,San Diego,California,US,"32.7157,-117.1647","AS10439 CariNet, Inc.",92101,America/Los_Angeles,
scanners.labs.rapid7.com,San Diego,California,US,"32.7157,-117.1647","AS10439 CariNet, Inc.",92101,America/Los_Angeles,
scanners.labs.rapid7.com,San Diego,California,US,"32.7157,-117.1647","AS10439 CariNet, Inc.",92101,America/Los_Angeles,
scanners.labs.rapid7.com,San Diego,California,US,"32.7157,-117.1647","AS10439 CariNet, Inc.",92101,America/Los_Angeles,
scanners.labs.rapid7.com,San Diego,California,US,"32.7157,-117.1647","AS10439 CariNet, Inc.",92101,America/Los_Angeles,
scanners.labs.rapid7.com,San Diego,California,US,"32.7157,-117.1647","AS10439 CariNet, Inc.",92101,America/Los_Angeles,
scanners.labs.rapid7.com,San Diego,California,US,"32.7157,-117.1647","AS10439 CariNet, Inc.",92101,America/Los_Angeles,
scanners.labs.rapid7.com,San Diego,California,US,"32.7157,-117.1647","AS10439 CariNet, Inc.",92101,America/Los_Angeles,
scanners.labs.rapid7.com,San Diego,California,US,"32.7157,-117.1647","AS10439 CariNet, Inc.",92101,America/Los_Angeles,
scanners.labs.rapid7.com,San Diego,California,US,"32.7157,-117.1647","AS10439 CariNet, Inc.",92101,America/Los_Angeles,
scanners.labs.rapid7.com,San Diego,California,US,"32.7157,-117.1647","AS10439 CariNet, Inc.",92101,America/Los_Angeles,
scanners.labs.rapid7.com,San Diego,California,US,"32.7157,-117.1647","AS10439 CariNet, Inc.",92101,America/Los_Angeles,
scanners.labs.rapid7.com,San Diego,California,US,"32.7157,-117.1647","AS10439 CariNet, Inc.",92101,America/Los_Angeles,
scanners.labs.rapid7.com,San Diego,California,US,"32.7157,-117.1647","AS10439 CariNet, Inc.",92101,America/Los_Angeles,
scanners.labs.rapid7.com,San Diego,California,US,"32.7157,-117.1647","AS10439 CariNet, Inc.",92101,America/Los_Angeles,
scanners.labs.rapid7.com,San Diego,California,US,"32.7157,-117.1647","AS10439 CariNet, Inc.",92101,America/Los_Angeles,
scanners.labs.rapid7.com,San Diego,California,US,"32.7157,-117.1647","AS10439 CariNet, Inc.",92101,America/Los_Angeles,
scanners.labs.rapid7.com,San Diego,California,US,"32.7157,-117.1647","AS10439 CariNet, Inc.",92101,America/Los_Angeles,
scanners.labs.rapid7.com,San Diego,California,US,"32.7157,-117.1647","AS10439 CariNet, Inc.",92101,America/Los_Angeles,
scanners.labs.rapid7.com,San Diego,California,US,"32.7157,-117.1647","AS10439 CariNet, Inc.",92101,America/Los_Angeles,
scanners.labs.rapid7.com,San Diego,California,US,"32.7157,-117.1647","AS10439 CariNet, Inc.",92101,America/Los_Angeles,
scanners.labs.rapid7.com,San Diego,California,US,"32.7157,-117.1647","AS10439 CariNet, Inc.",92101,America/Los_Angeles,
scanners.labs.rapid7.com,San Diego,California,US,"32.7157,-117.1647","AS10439 CariNet, Inc.",92101,America/Los_Angeles,
scanners.labs.rapid7.com,San Diego,California,US,"32.7157,-117.1647","AS10439 CariNet, Inc.",92101,America/Los_Angeles,
scanners.labs.rapid7.com,San Diego,California,US,"32.7157,-117.1647","AS10439 CariNet, Inc.",92101,America/Los_Angeles,
scanners.labs.rapid7.com,San Diego,California,US,"32.7157,-117.1647","AS10439 CariNet, Inc.",92101,America/Los_Angeles,
scanners.labs.rapid7.com,San Diego,California,US,"32.7157,-117.1647","AS10439 CariNet, Inc.",92101,America/Los_Angeles,
scanners.labs.rapid7.com,San Diego,California,US,"32.7157,-117.1647","AS10439 CariNet, Inc.",92101,America/Los_Angeles,
scanners.labs.rapid7.com,San Diego,California,US,"32.7157,-117.1647","AS10439 CariNet, Inc.",92101,America/Los_Angeles,
scanners.labs.rapid7.com,San Diego,California,US,"32.7157,-117.1647","AS10439 CariNet, Inc.",92101,America/Los_Angeles,
scanners.labs.rapid7.com,San Diego,California,US,"32.7157,-117.1647","AS10439 CariNet, Inc.",92101,America/Los_Angeles,
scanners.labs.rapid7.com,San Diego,California,US,"32.7157,-117.1647","AS10439 CariNet, Inc.",92101,America/Los_Angeles,
scanners.labs.rapid7.com,San Diego,California,US,"32.7157,-117.1647","AS10439 CariNet, Inc.",92101,America/Los_Angeles,
scanners.labs.rapid7.com,San Diego,California,US,"32.7157,-117.1647","AS10439 CariNet, Inc.",92101,America/Los_Angeles,
scanners.labs.rapid7.com,San Diego,California,US,"32.7157,-117.1647","AS10439 CariNet, Inc.",92101,America/Los_Angeles,
scanners.labs.rapid7.com,San Diego,California,US,"32.7157,-117.1647","AS10439 CariNet, Inc.",92101,America/Los_Angeles,
scanners.labs.rapid7.com,San Diego,California,US,"32.7157,-117.1647","AS10439 CariNet, Inc.",92101,America/Los_Angeles,
scanners.labs.rapid7.com,San Diego,California,US,"32.7157,-117.1647","AS10439 CariNet, Inc.",92101,America/Los_Angeles,
scanners.labs.rapid7.com,San Diego,California,US,"32.7157,-117.1647","AS10439 CariNet, Inc.",92101,America/Los_Angeles,
scanners.labs.rapid7.com,San Diego,California,US,"32.7157,-117.1647","AS10439 CariNet, Inc.",92101,America/Los_Angeles,
scanners.labs.rapid7.com,San Diego,California,US,"32.7157,-117.1647","AS10439 CariNet, Inc.",92101,America/Los_Angeles,
scanners.labs.rapid7.com,San Diego,California,US,"32.7157,-117.1647","AS10439 CariNet, Inc.",92101,America/Los_Angeles,
scanners.labs.rapid7.com,San Diego,California,US,"32.7157,-117.1647","AS10439 CariNet, Inc.",92101,America/Los_Angeles,
scanners.labs.rapid7.com,San Diego,California,US,"32.7157,-117.1647","AS10439 CariNet, Inc.",92101,America/Los_Angeles,
scanners.labs.rapid7.com,San Diego,California,US,"32.7157,-117.1647","AS10439 CariNet, Inc.",92101,America/Los_Angeles,
scanners.labs.rapid7.com,San Diego,California,US,"32.7157,-117.1647","AS10439 CariNet, Inc.",92101,America/Los_Angeles,
scanners.labs.rapid7.com,San Diego,California,US,"32.7157,-117.1647","AS10439 CariNet, Inc.",92101,America/Los_Angeles,
scanners.labs.rapid7.com,San Diego,California,US,"32.7157,-117.1647","AS10439 CariNet, Inc.",92101,America/Los_Angeles,
,Iron Mountain,Michigan,US,"45.8202,-88.0660",AS237 Merit Network Inc.,49801,America/Menominee,
,Iron Mountain,Michigan,US,"45.8202,-88.0660",AS237 Merit Network Inc.,49801,America/Menominee,
syn-076-177-204-176.res.spectrum.com,Zanesville,Ohio,US,"39.9274,-82.0041",AS10796 Charter Communications Inc,43701,America/New_York,
23-233-9-144.cpe.pppoe.ca,Toronto,Ontario,CA,"43.7064,-79.3986","AS5645 TekSavvy Solutions, Inc.",M5A,America/Toronto,
c-24-61-224-93.hsd1.ma.comcast.net,Weare,New Hampshire,US,"43.0948,-71.7306","AS7922 Comcast Cable Communications, LLC",03281,America/New_York,
syn-069-204-239-025.res.spectrum.com,Bellerose Terrace,New York,US,"40.7272,-73.7949",AS12271 Charter Communications Inc,11366,America/New_York,
107-143-150-124.lightspeed.irvnca.sbcglobal.net,Irvine,California,US,"33.6829,-117.8298","AS7018 AT&T Enterprises, LLC",92614,America/Los_Angeles,
syn-065-189-001-108.res.spectrum.com,Troy,Ohio,US,"40.0395,-84.2033",AS10796 Charter Communications Inc,45373,America/New_York,
137-119-55-87.neonova.net,Saluda,North Carolina,US,"35.2362,-82.3493","AS22191 Wilkes Communications, Inc.",28773,America/New_York,
syn-097-088-224-007.res.spectrum.com,Rochester,Minnesota,US,"44.1078,-92.4053",AS20115 Charter Communications LLC,55906,America/Chicago,
host96-45-6-226-eidnet.org,Brooks,Alberta,CA,"50.5834,-111.8851",AS2735 Eastern Irrigation District,T1R,America/Edmonton,
syn-096-036-101-238.biz.spectrum.com,Suffolk,Virginia,US,"36.7284,-76.5850",AS20115 Charter Communications LLC,23434,America/New_York,
,Iron Mountain,Michigan,US,"45.8202,-88.0660",AS237 Merit Network Inc.,49801,America/Menominee,
172-95-161-66.static.plsp.ca.ip.frontiernet.net,Palm Springs,California,US,"33.8303,-116.5453","AS5650 Frontier Communications of America, Inc.",92262,America/Los_Angeles,
,Apopka,Florida,US,"28.6354,-81.4888",,32703,America/New_York,
zx2.quadmetrics.com,San Diego,California,US,"32.7157,-117.1647","AS10439 CariNet, Inc.",92101,America/Los_Angeles,
zx1.quadmetrics.com,San Diego,California,US,"32.7157,-117.1647","AS10439 CariNet, Inc.",92101,America/Los_Angeles,
zx3.quadmetrics.com,San Diego,California,US,"32.7157,-117.1647","AS10439 CariNet, Inc.",92101,America/Los_Angeles,
,Atlanta,Georgia,US,"33.7490,-84.3880","AS7922 Comcast Cable Communications, LLC",30302,America/New_York,
,San Diego,California,US,"32.7157,-117.1647","AS10439 CariNet, Inc.",92101,America/Los_Angeles,
,Iron Mountain,Michigan,US,"45.8202,-88.0660",AS237 Merit Network Inc.,49801,America/Menominee,
,Iron Mountain,Michigan,US,"45.8202,-88.0660",AS237 Merit Network Inc.,49801,America/Menominee,
,Iron Mountain,Michigan,US,"45.8202,-88.0660",AS237 Merit Network Inc.,49801,America/Menominee,
,Iron Mountain,Michigan,US,"45.8202,-88.0660",AS237 Merit Network Inc.,49801,America/Menominee,
,Iron Mountain,Michigan,US,"45.8202,-88.0660",AS237 Merit Network Inc.,49801,America/Menominee,
,Iron Mountain,Michigan,US,"45.8202,-88.0660",AS237 Merit Network Inc.,49801,America/Menominee,
,Iron Mountain,Michigan,US,"45.8202,-88.0660",AS237 Merit Network Inc.,49801,America/Menominee,
,Iron Mountain,Michigan,US,"45.8202,-88.0660",AS237 Merit Network Inc.,49801,America/Menominee,
,Iron Mountain,Michigan,US,"45.8202,-88.0660",AS237 Merit Network Inc.,49801,America/Menominee,
,Iron Mountain,Michigan,US,"45.8202,-88.0660",AS237 Merit Network Inc.,49801,America/Menominee,
,Iron Mountain,Michigan,US,"45.8202,-88.0660",AS237 Merit Network Inc.,49801,America/Menominee,
,Iron Mountain,Michigan,US,"45.8202,-88.0660",AS237 Merit Network Inc.,49801,America/Menominee,
,Iron Mountain,Michigan,US,"45.8202,-88.0660",AS237 Merit Network Inc.,49801,America/Menominee,
,Iron Mountain,Michigan,US,"45.8202,-88.0660",AS237 Merit Network Inc.,49801,America/Menominee,
,Iron Mountain,Michigan,US,"45.8202,-88.0660",AS237 Merit Network Inc.,49801,America/Menominee,
,Iron Mountain,Michigan,US,"45.8202,-88.0660",AS237 Merit Network Inc.,49801,America/Menominee,
einstein.census.shodan.io,San Diego,California,US,"32.7157,-117.1647","AS10439 CariNet, Inc.",92101,America/Los_Angeles,
,Chicago,Illinois,US,"41.8500,-87.6500","AS7922 Comcast Cable Communications, LLC",60666,America/Chicago,
,Iron Mountain,Michigan,US,"45.8202,-88.0660",AS237 Merit Network Inc.,49801,America/Menominee,
,Iron Mountain,Michigan,US,"45.8202,-88.0660",AS237 Merit Network Inc.,49801,America/Menominee,
,Iron Mountain,Michigan,US,"45.8202,-88.0660",AS237 Merit Network Inc.,49801,America/Menominee,
,Iron Mountain,Michigan,US,"45.8202,-88.0660",AS237 Merit Network Inc.,49801,America/Menominee,
,Iron Mountain,Michigan,US,"45.8202,-88.0660",AS237 Merit Network Inc.,49801,America/Menominee,
soda.census.shodan.io,San Diego,California,US,"32.7157,-117.1647","AS10439 CariNet, Inc.",92101,America/Los_Angeles,
,Iron Mountain,Michigan,US,"45.8202,-88.0660",AS237 Merit Network Inc.,49801,America/Menominee,
,Iron Mountain,Michigan,US,"45.8202,-88.0660",AS237 Merit Network Inc.,49801,America/Menominee,
,Iron Mountain,Michigan,US,"45.8202,-88.0660",AS237 Merit Network Inc.,49801,America/Menominee,
,Iron Mountain,Michigan,US,"45.8202,-88.0660",AS237 Merit Network Inc.,49801,America/Menominee,
207-183-169-120.silverstar.com,Afton,Wyoming,US,"42.7249,-110.9319",AS26223 Silver Star Communications,83110,America/Denver,
,Iron Mountain,Michigan,US,"45.8202,-88.0660",AS237 Merit Network Inc.,49801,America/Menominee,
,Iron Mountain,Michigan,US,"45.8202,-88.0660",AS237 Merit Network Inc.,49801,America/Menominee,
,Iron Mountain,Michigan,US,"45.8202,-88.0660",AS237 Merit Network Inc.,49801,America/Menominee,
216.117.227.122.allwest.net,Park City,Utah,US,"40.6461,-111.4980","AS13614 All West Communications, Inc.",84060,America/Denver,
173.8.95.45-saltlakecity.hfc.comcastbusiness.net,Salt Lake City,Utah,US,"40.7608,-111.8911","AS7922 Comcast Cable Communications, LLC",84101,America/Denver,
syn-064-183-078-125.biz.spectrum.com,Hidden Hills,California,US,"34.1993,-118.5983",AS20001 Charter Communications Inc,91303,America/Los_Angeles,
ool-435331ea.dyn.optonline.net,New York City,New York,US,"40.7143,-74.0060",AS6128 Cablevision Systems Corp.,10001,America/New_York,
wsip-98-191-197-138.ok.ok.cox.net,Oklahoma City,Oklahoma,US,"35.4676,-97.5164",AS22773 Cox Communications Inc.,73102,America/Chicago,
syn-024-159-129-171.biz.spectrum.com,Spartanburg,South Carolina,US,"34.9496,-81.9321",AS20115 Charter Communications LLC,29305,America/New_York,
,Detroit,Michigan,US,"42.3314,-83.0457","AS7922 Comcast Cable Communications, LLC",48226,America/Detroit,
c-73-233-25-26.hsd1.pa.comcast.net,Philadelphia,Pennsylvania,US,"39.9524,-75.1636","AS7922 Comcast Cable Communications, LLC",19099,America/New_York,
,Iron Mountain,Michigan,US,"45.8202,-88.0660",AS237 Merit Network Inc.,49801,America/Menominee,
,Iron Mountain,Michigan,US,"45.8202,-88.0660",AS237 Merit Network Inc.,49801,America/Menominee,
98.87.20.198.unassigned.ord.singlehop.net,Chicago,Illinois,US,"41.8500,-87.6500",AS32475 Internap Holding LLC,60666,America/Chicago,
,Iron Mountain,Michigan,US,"45.8202,-88.0660",AS237 Merit Network Inc.,49801,America/Menominee,
,Iron Mountain,Michigan,US,"45.8202,-88.0660",AS237 Merit Network Inc.,49801,America/Menominee,
,Iron Mountain,Michigan,US,"45.8202,-88.0660",AS237 Merit Network Inc.,49801,America/Menominee,
,Iron Mountain,Michigan,US,"45.8202,-88.0660",AS237 Merit Network Inc.,49801,America/Menominee,
,Iron Mountain,Michigan,US,"45.8202,-88.0660",AS237 Merit Network Inc.,49801,America/Menominee,
,Iron Mountain,Michigan,US,"45.8202,-88.0660",AS237 Merit Network Inc.,49801,America/Menominee,
,Iron Mountain,Michigan,US,"45.8202,-88.0660",AS237 Merit Network Inc.,49801,America/Menominee,
,Iron Mountain,Michigan,US,"45.8202,-88.0660",AS237 Merit Network Inc.,49801,America/Menominee,
,Iron Mountain,Michigan,US,"45.8202,-88.0660",AS237 Merit Network Inc.,49801,America/Menominee,
,Iron Mountain,Michigan,US,"45.8202,-88.0660",AS237 Merit Network Inc.,49801,America/Menominee,
,Iron Mountain,Michigan,US,"45.8202,-88.0660",AS237 Merit Network Inc.,49801,America/Menominee,
,Iron Mountain,Michigan,US,"45.8202,-88.0660",AS237 Merit Network Inc.,49801,America/Menominee,
,Iron Mountain,Michigan,US,"45.8202,-88.0660",AS237 Merit Network Inc.,49801,America/Menominee,
,Iron Mountain,Michigan,US,"45.8202,-88.0660",AS237 Merit Network Inc.,49801,America/Menominee,
,Iron Mountain,Michigan,US,"45.8202,-88.0660",AS237 Merit Network Inc.,49801,America/Menominee,
,Iron Mountain,Michigan,US,"45.8202,-88.0660",AS237 Merit Network Inc.,49801,America/Menominee,
,Iron Mountain,Michigan,US,"45.8202,-88.0660",AS237 Merit Network Inc.,49801,America/Menominee,
,Iron Mountain,Michigan,US,"45.8202,-88.0660",AS237 Merit Network Inc.,49801,America/Menominee,
,Iron Mountain,Michigan,US,"45.8202,-88.0660",AS237 Merit Network Inc.,49801,America/Menominee,
,Iron Mountain,Michigan,US,"45.8202,-88.0660",AS237 Merit Network Inc.,49801,America/Menominee,
,Iron Mountain,Michigan,US,"45.8202,-88.0660",AS237 Merit Network Inc.,49801,America/Menominee,
,Iron Mountain,Michigan,US,"45.8202,-88.0660",AS237 Merit Network Inc.,49801,America/Menominee,
,Iron Mountain,Michigan,US,"45.8202,-88.0660",AS237 Merit Network Inc.,49801,America/Menominee,
,Iron Mountain,Michigan,US,"45.8202,-88.0660",AS237 Merit Network Inc.,49801,America/Menominee,
,Iron Mountain,Michigan,US,"45.8202,-88.0660",AS237 Merit Network Inc.,49801,America/Menominee,
,Iron Mountain,Michigan,US,"45.8202,-88.0660",AS237 Merit Network Inc.,49801,America/Menominee,
,Iron Mountain,Michigan,US,"45.8202,-88.0660",AS237 Merit Network Inc.,49801,America/Menominee,
,Iron Mountain,Michigan,US,"45.8202,-88.0660",AS237 Merit Network Inc.,49801,America/Menominee,
,Iron Mountain,Michigan,US,"45.8202,-88.0660",AS237 Merit Network Inc.,49801,America/Menominee,
,Iron Mountain,Michigan,US,"45.8202,-88.0660",AS237 Merit Network Inc.,49801,America/Menominee,
,Iron Mountain,Michigan,US,"45.8202,-88.0660",AS237 Merit Network Inc.,49801,America/Menominee,
,Iron Mountain,Michigan,US,"45.8202,-88.0660",AS237 Merit Network Inc.,49801,America/Menominee,
,Iron Mountain,Michigan,US,"45.8202,-88.0660",AS237 Merit Network Inc.,49801,America/Menominee,
,Iron Mountain,Michigan,US,"45.8202,-88.0660",AS237 Merit Network Inc.,49801,America/Menominee,
ool-6ca23cf5.static.optonline.net,Fairfield,Connecticut,US,"41.1412,-73.2637",AS6128 Cablevision Systems Corp.,06824,America/New_York,
209-197-191-71.rdns.distributel.net,Calgary,Alberta,CA,"51.0501,-114.0853",AS11814 Distributel Communications Limited,T3S,America/Edmonton,
static-host-66-18-54-164.epbinternet.com,Chattanooga,Tennessee,US,"35.0456,-85.3097",AS26827 EPB Fiber Optics,37401,America/New_York,
ws121.net226.siumed.edu,Carbondale,Illinois,US,"37.7273,-89.2168",AS15118 Southern Illinois University - School of Medicine,62901,America/Chicago,
,Clifton,New Jersey,US,"40.8344,-74.1377","AS14061 DigitalOcean, LLC",07014,America/New_York,
69-165-173-49.dsl.teksavvy.com,Mississauga,Ontario,CA,"43.5789,-79.6583","AS5645 TekSavvy Solutions, Inc.",L5C,America/Toronto,
,Memphis,Tennessee,US,"35.1495,-90.0490","AS7922 Comcast Cable Communications, LLC",37544,America/Chicago,
syn-065-024-235-086.res.spectrum.com,Logan,Ohio,US,"39.5401,-82.4071",AS10796 Charter Communications Inc,43138,America/New_York,
,Monroe,Louisiana,US,"32.5286,-92.1061","AS6640 CenturyLink Communications, LLC",71201,America/Chicago,
,Philadelphia,Pennsylvania,US,"39.9524,-75.1636","AS7922 Comcast Cable Communications, LLC",19099,America/New_York,
173-163-192-1-richmond.hfc.comcastbusiness.net,Tuckahoe,Virginia,US,"37.5902,-77.5564","AS7922 Comcast Cable Communications, LLC",23226,America/New_York,
,Calgary,Alberta,CA,"51.0501,-114.0853",AS852 TELUS Communications Inc.,T3S,America/Edmonton,
47-148-73-133.lsan.ca.frontiernet.net,Norwalk,California,US,"33.9022,-118.0817","AS5650 Frontier Communications of America, Inc.",90650,America/Los_Angeles,
,Houston,Texas,US,"29.7633,-95.3633","AS7922 Comcast Cable Communications, LLC",77002,America/Chicago,
,Iron Mountain,Michigan,US,"45.8202,-88.0660",AS237 Merit Network Inc.,49801,America/Menominee,
,Iron Mountain,Michigan,US,"45.8202,-88.0660",AS237 Merit Network Inc.,49801,America/Menominee,
,Lake Havasu City,Arizona,US,"34.4839,-114.3225",AS19108 Optimum,86405,America/Phoenix,
syn-071-047-079-050.res.spectrum.com,Kissimmee,Florida,US,"28.3306,-81.3544","AS33363 Charter Communications, Inc",34743,America/New_York,
,Iron Mountain,Michigan,US,"45.8202,-88.0660",AS237 Merit Network Inc.,49801,America/Menominee,
,Iron Mountain,Michigan,US,"45.8202,-88.0660",AS237 Merit Network Inc.,49801,America/Menominee,
,Iron Mountain,Michigan,US,"45.8202,-88.0660",AS237 Merit Network Inc.,49801,America/Menominee,
,Iron Mountain,Michigan,US,"45.8202,-88.0660",AS237 Merit Network Inc.,49801,America/Menominee,
,Iron Mountain,Michigan,US,"45.8202,-88.0660",AS237 Merit Network Inc.,49801,America/Menominee,
,Iron Mountain,Michigan,US,"45.8202,-88.0660",AS237 Merit Network Inc.,49801,America/Menominee,
,Iron Mountain,Michigan,US,"45.8202,-88.0660",AS237 Merit Network Inc.,49801,America/Menominee,
,Iron Mountain,Michigan,US,"45.8202,-88.0660",AS237 Merit Network Inc.,49801,America/Menominee,
,Iron Mountain,Michigan,US,"45.8202,-88.0660",AS237 Merit Network Inc.,49801,America/Menominee,
,Iron Mountain,Michigan,US,"45.8202,-88.0660",AS237 Merit Network Inc.,49801,America/Menominee,
,Iron Mountain,Michigan,US,"45.8202,-88.0660",AS237 Merit Network Inc.,49801,America/Menominee,
,Iron Mountain,Michigan,US,"45.8202,-88.0660",AS237 Merit Network Inc.,49801,America/Menominee,
,Port Louis,Port Louis,MU,"-20.1619,57.4989",,,Indian/Mauritius,
,Iron Mountain,Michigan,US,"45.8202,-88.0660",AS237 Merit Network Inc.,49801,America/Menominee,
,Iron Mountain,Michigan,US,"45.8202,-88.0660",AS237 Merit Network Inc.,49801,America/Menominee,
,Iron Mountain,Michigan,US,"45.8202,-88.0660",AS237 Merit Network Inc.,49801,America/Menominee,
,Iron Mountain,Michigan,US,"45.8202,-88.0660",AS237 Merit Network Inc.,49801,America/Menominee,
,Iron Mountain,Michigan,US,"45.8202,-88.0660",AS237 Merit Network Inc.,49801,America/Menominee,
,Iron Mountain,Michigan,US,"45.8202,-88.0660",AS237 Merit Network Inc.,49801,America/Menominee,
,Iron Mountain,Michigan,US,"45.8202,-88.0660",AS237 Merit Network Inc.,49801,America/Menominee,
,Iron Mountain,Michigan,US,"45.8202,-88.0660",AS237 Merit Network Inc.,49801,America/Menominee,
,Iron Mountain,Michigan,US,"45.8202,-88.0660",AS237 Merit Network Inc.,49801,America/Menominee,
,Iron Mountain,Michigan,US,"45.8202,-88.0660",AS237 Merit Network Inc.,49801,America/Menominee,
,Iron Mountain,Michigan,US,"45.8202,-88.0660",AS237 Merit Network Inc.,49801,America/Menominee,
,Iron Mountain,Michigan,US,"45.8202,-88.0660",AS237 Merit Network Inc.,49801,America/Menominee,
,Iron Mountain,Michigan,US,"45.8202,-88.0660",AS237 Merit Network Inc.,49801,America/Menominee,
,Iron Mountain,Michigan,US,"45.8202,-88.0660",AS237 Merit Network Inc.,49801,America/Menominee,
,Iron Mountain,Michigan,US,"45.8202,-88.0660",AS237 Merit Network Inc.,49801,America/Menominee,
,Iron Mountain,Michigan,US,"45.8202,-88.0660",AS237 Merit Network Inc.,49801,America/Menominee,
,Iron Mountain,Michigan,US,"45.8202,-88.0660",AS237 Merit Network Inc.,49801,America/Menominee,
,Iron Mountain,Michigan,US,"45.8202,-88.0660",AS237 Merit Network Inc.,49801,America/Menominee,
,Iron Mountain,Michigan,US,"45.8202,-88.0660",AS237 Merit Network Inc.,49801,America/Menominee,
,Iron Mountain,Michigan,US,"45.8202,-88.0660",AS237 Merit Network Inc.,49801,America/Menominee,
,Iron Mountain,Michigan,US,"45.8202,-88.0660",AS237 Merit Network Inc.,49801,America/Menominee,
,Iron Mountain,Michigan,US,"45.8202,-88.0660",AS237 Merit Network Inc.,49801,America/Menominee,
108-162-154-56.cable.teksavvy.com,Toronto,Ontario,CA,"43.7064,-79.3986","AS5645 TekSavvy Solutions, Inc.",M5A,America/Toronto,
wsip-70-169-19-114.hr.hr.cox.net,Norfolk,Virginia,US,"36.8468,-76.2852",AS22773 Cox Communications Inc.,23510,America/New_York,
47-154-229-133.frr02.malb.ca.ip.frontiernet.net,Malibu,California,US,"34.0258,-118.7804","AS5650 Frontier Communications of America, Inc.",90263,America/Los_Angeles,
syn-069-206-166-126.res.spectrum.com,New York City,New York,US,"40.7339,-74.0054",AS12271 Charter Communications Inc,10014,America/New_York,
,Albuquerque,New Mexico,US,"35.0845,-106.6511","AS209 CenturyLink Communications, LLC",87102,America/Denver,
,Lake Zurich,Illinois,US,"42.1970,-88.0934","AS7922 Comcast Cable Communications, LLC",60047,America/Chicago,
172-95-161-71.static.plsp.ca.ip.frontiernet.net,Palm Springs,California,US,"33.8303,-116.5453","AS5650 Frontier Communications of America, Inc.",92262,America/Los_Angeles,
unallocated-static.rogers.com,Richmond Hill,Ontario,CA,"43.8711,-79.4373",AS812 Rogers Communications Canada Inc.,L4C,America/Toronto,
,Levelland,Texas,US,"33.5873,-102.3780",AS13693 Vexus Fiber,79336,America/Chicago,
syn-066-214-040-126.biz.spectrum.com,Alhambra,California,US,"34.0953,-118.1270",AS20115 Charter Communications LLC,91801,America/Los_Angeles,
,Redmond,Washington,US,"47.6740,-122.1215",,98052,America/Los_Angeles,
,Redmond,Washington,US,"47.6740,-122.1215",,98052,America/Los_Angeles,
,Richardson,Texas,US,"32.9462,-96.7058","AS7018 AT&T Enterprises, LLC",75081,America/Chicago,
,Dallas,Texas,US,"32.8152,-96.8703","AS17378 TierPoint, LLC",75247,America/Chicago,
,Monroe,Louisiana,US,"32.5286,-92.1061","AS209 CenturyLink Communications, LLC",71201,America/Chicago,
,Manila,Metro Manila,PH,"14.6042,120.9822",AS984 OCTOPUS WEB SOLUTION INC,1001,Asia/Manila,
,Seattle,Washington,US,"47.6062,-122.3321",AS54858 Wave Broadband,98101,America/Los_Angeles,
,Burien,Washington,US,"47.4704,-122.3468","AS7922 Comcast Cable Communications, LLC",98062,America/Los_Angeles,
,Fort Lauderdale,Florida,US,"26.1223,-80.1434","AS7922 Comcast Cable Communications, LLC",33302,America/New_York,
,Carpentersville,Illinois,US,"42.1211,-88.2579","AS7922 Comcast Cable Communications, LLC",60110,America/Chicago,
,Dallas,Texas,US,"32.7781,-96.8054","AS7018 AT&T Enterprises, LLC",75202,America/Chicago,
,North Bergen,New Jersey,US,"40.8043,-74.0121","AS14061 DigitalOcean, LLC",07047,America/New_York,
syn-071-008-035-110.biz.spectrum.com,Birmingham,Alabama,US,"33.5207,-86.8025",AS20115 Charter Communications LLC,35201,America/Chicago,
hlfxns016cw-142-177-232-184.dhcp-dynamic.fibreop.ns.bellaliant.net,Halifax,Nova Scotia,CA,"44.6427,-63.5769",AS855 Bell Canada,B3J,America/Halifax,
c-67-180-254-106.hsd1.ca.comcast.net,San Lorenzo,California,US,"37.6810,-122.1244","AS7922 Comcast Cable Communications, LLC",94580,America/Los_Angeles,
170.250.36.73.hwccustomers.com,Miami,Florida,US,"25.7743,-80.1937",AS23089 Hotwire Communications,33101,America/New_York,
135-23-135-53.cpe.pppoe.ca,Vaughan,Ontario,CA,"43.8361,-79.4983","AS5645 TekSavvy Solutions, Inc.",L6A,America/Toronto,
135-23-135-60.cpe.pppoe.ca,Vaughan,Ontario,CA,"43.8361,-79.4983","AS5645 TekSavvy Solutions, Inc.",L6A,America/Toronto,
,Houston,Texas,US,"29.7633,-95.3633","AS3549 Level 3 Parent, LLC",77002,America/Chicago,
host-24-231-89-180.public.eastlink.ca,Lakefield,Ontario,CA,"44.4334,-78.2662",AS11260 EastLink,K9L,America/Toronto,
syn-172-119-005-177.res.spectrum.com,Los Angeles,California,US,"34.1121,-118.2594",AS20001 Charter Communications Inc,90039,America/Los_Angeles,
syn-108-185-228-045.res.spectrum.com,Stanton,California,US,"33.8025,-117.9931",,90680,America/Los_Angeles,
,Brockton,Massachusetts,US,"42.0834,-71.0184","AS7922 Comcast Cable Communications, LLC",02303,America/New_York,
syn-071-068-242-050.res.spectrum.com,Murrells Inlet,South Carolina,US,"33.5510,-79.0414",AS11426 Charter Communications Inc,29576,America/New_York,
ool-44c74fd3.dyn.optonline.net,New York City,New York,US,"40.7143,-74.0060",AS6128 Cablevision Systems Corp.,10001,America/New_York,
syn-023-240-082-066.res.spectrum.com,Burbank,California,US,"34.1802,-118.4324",AS20001 Charter Communications Inc,91401,America/Los_Angeles,
,Fort Lauderdale,Florida,US,"26.1223,-80.1434","AS7922 Comcast Cable Communications, LLC",33302,America/New_York,
ool-4a592ba8.dyn.optonline.net,New York City,New York,US,"40.7143,-74.0060",AS6128 Cablevision Systems Corp.,10001,America/New_York,
,Miami,Florida,US,"25.7743,-80.1937","AS7922 Comcast Cable Communications, LLC",33101,America/New_York,
syn-067-247-018-173.res.spectrum.com,Bellerose Terrace,New York,US,"40.7272,-73.7949",AS12271 Charter Communications Inc,11366,America/New_York,
50-47-109-245.evrt.wa.ptr.ziplyfiber.com,Lynnwood,Washington,US,"47.8049,-122.2855",AS20055 Wholesail networks LLC,98036,America/Los_Angeles,
,Atlanta,Georgia,US,"33.7490,-84.3880","AS7922 Comcast Cable Communications, LLC",30302,America/New_York,
syn-066-168-088-053.res.spectrum.com,Maryville,Tennessee,US,"35.6884,-84.0769",AS20115 Charter Communications LLC,37801,America/New_York,
regus.net,San Diego,California,US,"32.7157,-117.1647","AS7922 Comcast Cable Communications, LLC",92101,America/Los_Angeles,
pool-108-53-62-148.nwrknj.fios.verizon.net,Bridgewater,New Jersey,US,"40.6008,-74.6482",AS701 Verizon Business,08807,America/New_York,
syn-098-024-137-064.res.spectrum.com,Mount Airy,North Carolina,US,"36.4993,-80.6073",AS11426 Charter Communications Inc,27030,America/New_York,
,Canton,Michigan,US,"42.3087,-83.4822",AS6079 RCN,48187,America/Detroit,
96-67-224-11-static.hfc.comcastbusiness.net,Atlanta,Georgia,US,"33.7490,-84.3880","AS7922 Comcast Cable Communications, LLC",30302,America/New_York,
208-66-25-99.cab.webpass.net,San Francisco,California,US,"37.7749,-122.4194",AS19165 Webpass Inc.,94102,America/Los_Angeles,
c-73-20-107-242.hsd1.ut.comcast.net,Salt Lake City,Utah,US,"40.7608,-111.8911","AS7922 Comcast Cable Communications, LLC",84101,America/Denver,
syn-098-024-114-077.res.spectrum.com,Gastonia,North Carolina,US,"35.2449,-81.2194",AS11426 Charter Communications Inc,28052,America/New_York,
,Philadelphia,Pennsylvania,US,"39.9524,-75.1636","AS7922 Comcast Cable Communications, LLC",19099,America/New_York,
c-71-198-140-17.hsd1.ca.comcast.net,San Jose,California,US,"37.3394,-121.8950","AS7922 Comcast Cable Communications, LLC",95025,America/Los_Angeles,
,Humacao,Humacao,PR,"18.1497,-65.8274",AS21559 OSNET Wireless,00791,America/Puerto_Rico,
,Atlanta,Georgia,US,"33.7490,-84.3880","AS7922 Comcast Cable Communications, LLC",30302,America/New_York,
syn-128-092-144-011.biz.spectrum.com,Granite City,Illinois,US,"38.7014,-90.1487",AS20115 Charter Communications LLC,62040,America/Chicago,
s34-227-30-96.ssvec.az.wi-power.com,Benson,Arizona,US,"31.9679,-110.2945",AS13904 Cherryland Services Inc,85602,America/Phoenix,
135-23-48-232.cpe.pppoe.ca,Hamilton,Ontario,CA,"43.2501,-79.8496","AS5645 TekSavvy Solutions, Inc.",L8M,America/Toronto,
108-250-240-69.lightspeed.knvltn.sbcglobal.net,Knoxville,Tennessee,US,"35.9980,-83.9152","AS7018 AT&T Enterprises, LLC",37917,America/New_York,
ool-4a5ae7db.dyn.optonline.net,New York City,New York,US,"40.7143,-74.0060",AS6128 Cablevision Systems Corp.,10001,America/New_York,
,Palo Alto,California,US,"37.4419,-122.1430",AS6939 Hurricane Electric LLC,94301,America/Los_Angeles,
ool-4b7f9db4.static.optonline.net,Totowa,New Jersey,US,"40.9051,-74.2099",AS6128 Cablevision Systems Corp.,07512,America/New_York,
,Port Louis,Port Louis,MU,"-20.1619,57.4989",,,Indian/Mauritius,
i0-h0-s4008.p7-lax.cdngp.net,Bangkok,Bangkok,TH,"13.7540,100.5014",AS54994 Meteverse Limited.,10200,Asia/Bangkok,
i0-h0-s4201.p1-sea.cdngp.net,New York City,New York,US,"40.7143,-74.0060",AS54994 Meteverse Limited.,10001,America/New_York,
i0-h0-s4301.p1-iad.cdngp.net,New York City,New York,US,"40.7143,-74.0060",AS54994 Meteverse Limited.,10001,America/New_York,
,Port Louis,Port Louis,MU,"-20.1619,57.4989",,,Indian/Mauritius,
i0-h0-s4301.p6-ord.cdngp.net,Chicago,Illinois,US,"41.8500,-87.6500",,60666,America/Chicago,
i0-h4-s9.p1-yyz.cdngp.net,Toronto,Ontario,CA,"43.7064,-79.3986",,M5A,America/Toronto,
i0-h0-s4003.p0-atl.cdngp.net,East Point,Georgia,US,"33.6795,-84.4394",,30344,America/New_York,
internettl.org,Chicago,Illinois,US,"41.8500,-87.6500",AS14987 Rethem Hosting LLC,60666,America/Chicago,
s173-183-214-4.ab.hsia.telus.net,St. Albert,Alberta,CA,"53.6334,-113.6353",AS852 TELUS Communications Inc.,T8N,America/Edmonton,
i0-h0-s4014.p4-dfw.cdngp.net,Euless,Texas,US,"32.8371,-97.0820",,76040,America/Chicago,
,Al Fujairah City,Fujairah,AE,"25.1164,56.3414",AS54994 Meteverse Limited.,,Asia/Dubai,
,Al Fujairah City,Fujairah,AE,"25.1164,56.3414",AS54994 Meteverse Limited.,,Asia/Dubai,
143.158.169.192.host.secureserver.net,Phoenix,Arizona,US,"33.4484,-112.0740","AS26496 GoDaddy.com, LLC",85001,America/Phoenix,
,Tullahoma,Tennessee,US,"35.3620,-86.2094",AS30676 Tullahoma Utilities Authority,37388,America/Chicago,
ip-103-60-13-2.host.datawagon.net,Buffalo,New York,US,"42.8865,-78.8784",AS27176 DataWagon LLC,14202,America/New_York,
d142-179-39-202.bchsia.telus.net,Surrey,British Columbia,CA,"49.1063,-122.8251",AS852 TELUS Communications Inc.,V3Z,America/Vancouver,
,Amsterdam,North Holland,NL,"52.3740,4.8897",AS213371 SQUITTER NETWORKS,1012,Europe/Amsterdam,
,Houston,Texas,US,"29.7633,-95.3633","AS7922 Comcast Cable Communications, LLC",77002,America/Chicago,
syn-172-250-099-249.res.spectrum.com,Hidden Hills,California,US,"34.1993,-118.5983",AS20001 Charter Communications Inc,91303,America/Los_Angeles,
mail.aquamls.com,Kansas City,Missouri,US,"39.0997,-94.5786",AS8560 IONOS SE,64106,America/Chicago,
ec2-18-205-118-145.compute-1.amazonaws.com,Ashburn,Virginia,US,"39.0437,-77.4875","AS14618 Amazon.com, Inc.",20147,America/New_York,
s0106c4509cc8d2de.vs.shawcable.net,Walnut Grove,British Columbia,CA,"49.1647,-122.6404",AS6327 Shaw Communications Inc.,V1M,America/Vancouver,
syn-174-087-187-161.res.spectrum.com,San Luis Obispo,California,US,"35.2635,-120.6509",AS20115 Charter Communications LLC,93401,America/Los_Angeles,
syn-070-123-248-244.res.spectrum.com,Universal City,Texas,US,"29.5480,-98.2911",AS11427 Charter Communications Inc,78148,America/Chicago,
syn-024-236-177-043.res.spectrum.com,Whitmore Lake,Michigan,US,"42.4397,-83.7453",AS20115 Charter Communications LLC,48189,America/Detroit,
internettl.org,Chicago,Illinois,US,"41.8500,-87.6500",AS14987 Rethem Hosting LLC,60666,America/Chicago,
internettl.org,Chicago,Illinois,US,"41.8500,-87.6500",AS14987 Rethem Hosting LLC,60666,America/Chicago,
internettl.org,Chicago,Illinois,US,"41.8500,-87.6500",AS14987 Rethem Hosting LLC,60666,America/Chicago,
internettl.org,Chicago,Illinois,US,"41.8500,-87.6500",AS14987 Rethem Hosting LLC,60666,America/Chicago,
internettl.org,Chicago,Illinois,US,"41.8500,-87.6500",AS14987 Rethem Hosting LLC,60666,America/Chicago,
internettl.org,Chicago,Illinois,US,"41.8500,-87.6500",AS14987 Rethem Hosting LLC,60666,America/Chicago,
internettl.org,Chicago,Illinois,US,"41.8500,-87.6500",AS14987 Rethem Hosting LLC,60666,America/Chicago,
internettl.org,Chicago,Illinois,US,"41.8500,-87.6500",AS14987 Rethem Hosting LLC,60666,America/Chicago,
,Lake Worth,Texas,US,"32.8049,-97.4450","AS53828 NETWORK INNOVATIONS, LLC",76135,America/Chicago,
internettl.org,Chicago,Illinois,US,"41.8500,-87.6500",AS14987 Rethem Hosting LLC,60666,America/Chicago,
50-245-47-101-static.hfc.comcastbusiness.net,Plaistow,New Hampshire,US,"42.8365,-71.0948","AS7922 Comcast Cable Communications, LLC",03865,America/New_York,
c-76-119-105-15.hsd1.ma.comcast.net,Cambridge,Massachusetts,US,"42.3751,-71.1056","AS7922 Comcast Cable Communications, LLC",02238,America/New_York,
syn-067-078-173-090.biz.spectrum.com,Daytona Beach,Florida,US,"29.2108,-81.0228","AS33363 Charter Communications, Inc",32115,America/New_York,
syn-071-080-178-254.res.spectrum.com,Los Angeles,California,US,"34.1121,-118.2594",AS20115 Charter Communications LLC,90039,America/Los_Angeles,
internettl.org,Chicago,Illinois,US,"41.8500,-87.6500",AS14987 Rethem Hosting LLC,60666,America/Chicago,
internettl.org,Chicago,Illinois,US,"41.8500,-87.6500",AS14987 Rethem Hosting LLC,60666,America/Chicago,
,Chicago,Illinois,US,"41.8500,-87.6500","AS7018 AT&T Enterprises, LLC",60666,America/Chicago,
internettl.org,Chicago,Illinois,US,"41.8500,-87.6500",AS14987 Rethem Hosting LLC,60666,America/Chicago,
ch1v-bpiapp02stage-bpionline.ext.bpi.echomountain.com,Elk Grove Village,Illinois,US,"42.0039,-87.9703","AS63474 Sirius Computer Solutions, Inc.",60009,America/Chicago,
internettl.org,Chicago,Illinois,US,"41.8500,-87.6500",AS14987 Rethem Hosting LLC,60666,America/Chicago,
internettl.org,Chicago,Illinois,US,"41.8500,-87.6500",AS14987 Rethem Hosting LLC,60666,America/Chicago,
internettl.org,Chicago,Illinois,US,"41.8500,-87.6500",AS14987 Rethem Hosting LLC,60666,America/Chicago,
24.102.240.91.res-cmts.leh2.ptd.net,Lehighton,Pennsylvania,US,"40.8337,-75.7138",AS3737 PenTeleData Inc.,18235,America/New_York,
scanners.labs.rapid7.com,San Diego,California,US,"32.7157,-117.1647","AS10439 CariNet, Inc.",92101,America/Los_Angeles,
scanners.labs.rapid7.com,San Diego,California,US,"32.7157,-117.1647","AS10439 CariNet, Inc.",92101,America/Los_Angeles,
scanners.labs.rapid7.com,San Diego,California,US,"32.7157,-117.1647","AS10439 CariNet, Inc.",92101,America/Los_Angeles,
scanners.labs.rapid7.com,San Diego,California,US,"32.7157,-117.1647","AS10439 CariNet, Inc.",92101,America/Los_Angeles,
scanners.labs.rapid7.com,San Diego,California,US,"32.7157,-117.1647","AS10439 CariNet, Inc.",92101,America/Los_Angeles,
scanners.labs.rapid7.com,San Diego,California,US,"32.7157,-117.1647","AS10439 CariNet, Inc.",92101,America/Los_Angeles,
scanners.labs.rapid7.com,San Diego,California,US,"32.7157,-117.1647","AS10439 CariNet, Inc.",92101,America/Los_Angeles,
scanners.labs.rapid7.com,San Diego,California,US,"32.7157,-117.1647","AS10439 CariNet, Inc.",92101,America/Los_Angeles,
scanners.labs.rapid7.com,San Diego,California,US,"32.7157,-117.1647","AS10439 CariNet, Inc.",92101,America/Los_Angeles,
scanners.labs.rapid7.com,San Diego,California,US,"32.7157,-117.1647","AS10439 CariNet, Inc.",92101,America/Los_Angeles,
scanners.labs.rapid7.com,San Diego,California,US,"32.7157,-117.1647","AS10439 CariNet, Inc.",92101,America/Los_Angeles,
scanners.labs.rapid7.com,San Diego,California,US,"32.7157,-117.1647","AS10439 CariNet, Inc.",92101,America/Los_Angeles,
scanners.labs.rapid7.com,San Diego,California,US,"32.7157,-117.1647","AS10439 CariNet, Inc.",92101,America/Los_Angeles,
scanners.labs.rapid7.com,San Diego,California,US,"32.7157,-117.1647","AS10439 CariNet, Inc.",92101,America/Los_Angeles,
scanners.labs.rapid7.com,San Diego,California,US,"32.7157,-117.1647","AS10439 CariNet, Inc.",92101,America/Los_Angeles,
scanners.labs.rapid7.com,San Diego,California,US,"32.7157,-117.1647","AS10439 CariNet, Inc.",92101,America/Los_Angeles,
scanners.labs.rapid7.com,San Diego,California,US,"32.7157,-117.1647","AS10439 CariNet, Inc.",92101,America/Los_Angeles,
scanners.labs.rapid7.com,San Diego,California,US,"32.7157,-117.1647","AS10439 CariNet, Inc.",92101,America/Los_Angeles,
scanners.labs.rapid7.com,San Diego,California,US,"32.7157,-117.1647","AS10439 CariNet, Inc.",92101,America/Los_Angeles,
scanners.labs.rapid7.com,San Diego,California,US,"32.7157,-117.1647","AS10439 CariNet, Inc.",92101,America/Los_Angeles,
scanners.labs.rapid7.com,San Diego,California,US,"32.7157,-117.1647","AS10439 CariNet, Inc.",92101,America/Los_Angeles,
scanners.labs.rapid7.com,San Diego,California,US,"32.7157,-117.1647","AS10439 CariNet, Inc.",92101,America/Los_Angeles,
scanners.labs.rapid7.com,San Diego,California,US,"32.7157,-117.1647","AS10439 CariNet, Inc.",92101,America/Los_Angeles,
scanners.labs.rapid7.com,San Diego,California,US,"32.7157,-117.1647","AS10439 CariNet, Inc.",92101,America/Los_Angeles,
scanners.labs.rapid7.com,San Diego,California,US,"32.7157,-117.1647","AS10439 CariNet, Inc.",92101,America/Los_Angeles,
scanners.labs.rapid7.com,San Diego,California,US,"32.7157,-117.1647","AS10439 CariNet, Inc.",92101,America/Los_Angeles,
scanners.labs.rapid7.com,San Diego,California,US,"32.7157,-117.1647","AS10439 CariNet, Inc.",92101,America/Los_Angeles,
scanners.labs.rapid7.com,San Diego,California,US,"32.7157,-117.1647","AS10439 CariNet, Inc.",92101,America/Los_Angeles,
scanners.labs.rapid7.com,San Diego,California,US,"32.7157,-117.1647","AS10439 CariNet, Inc.",92101,America/Los_Angeles,
scanners.labs.rapid7.com,San Diego,California,US,"32.7157,-117.1647","AS10439 CariNet, Inc.",92101,America/Los_Angeles,
scanners.labs.rapid7.com,San Diego,California,US,"32.7157,-117.1647","AS10439 CariNet, Inc.",92101,America/Los_Angeles,
scanners.labs.rapid7.com,San Diego,California,US,"32.7157,-117.1647","AS10439 CariNet, Inc.",92101,America/Los_Angeles,
scanners.labs.rapid7.com,San Diego,California,US,"32.7157,-117.1647","AS10439 CariNet, Inc.",92101,America/Los_Angeles,
scanners.labs.rapid7.com,San Diego,California,US,"32.7157,-117.1647","AS10439 CariNet, Inc.",92101,America/Los_Angeles,
scanners.labs.rapid7.com,San Diego,California,US,"32.7157,-117.1647","AS10439 CariNet, Inc.",92101,America/Los_Angeles,
scanners.labs.rapid7.com,San Diego,California,US,"32.7157,-117.1647","AS10439 CariNet, Inc.",92101,America/Los_Angeles,
scanners.labs.rapid7.com,San Diego,California,US,"32.7157,-117.1647","AS10439 CariNet, Inc.",92101,America/Los_Angeles,
scanners.labs.rapid7.com,San Diego,California,US,"32.7157,-117.1647","AS10439 CariNet, Inc.",92101,America/Los_Angeles,
scanners.labs.rapid7.com,San Diego,California,US,"32.7157,-117.1647","AS10439 CariNet, Inc.",92101,America/Los_Angeles,
scanners.labs.rapid7.com,San Diego,California,US,"32.7157,-117.1647","AS10439 CariNet, Inc.",92101,America/Los_Angeles,
scanners.labs.rapid7.com,San Diego,California,US,"32.7157,-117.1647","AS10439 CariNet, Inc.",92101,America/Los_Angeles,
scanners.labs.rapid7.com,San Diego,California,US,"32.7157,-117.1647","AS10439 CariNet, Inc.",92101,America/Los_Angeles,
scanners.labs.rapid7.com,San Diego,California,US,"32.7157,-117.1647","AS10439 CariNet, Inc.",92101,America/Los_Angeles,
scanners.labs.rapid7.com,San Diego,California,US,"32.7157,-117.1647","AS10439 CariNet, Inc.",92101,America/Los_Angeles,
scanners.labs.rapid7.com,San Diego,California,US,"32.7157,-117.1647","AS10439 CariNet, Inc.",92101,America/Los_Angeles,
scanners.labs.rapid7.com,San Diego,California,US,"32.7157,-117.1647","AS10439 CariNet, Inc.",92101,America/Los_Angeles,
scanners.labs.rapid7.com,San Diego,California,US,"32.7157,-117.1647","AS10439 CariNet, Inc.",92101,America/Los_Angeles,
scanners.labs.rapid7.com,San Diego,California,US,"32.7157,-117.1647","AS10439 CariNet, Inc.",92101,America/Los_Angeles,
scanners.labs.rapid7.com,San Diego,California,US,"32.7157,-117.1647","AS10439 CariNet, Inc.",92101,America/Los_Angeles,
scanners.labs.rapid7.com,San Diego,California,US,"32.7157,-117.1647","AS10439 CariNet, Inc.",92101,America/Los_Angeles,
scanners.labs.rapid7.com,San Diego,California,US,"32.7157,-117.1647","AS10439 CariNet, Inc.",92101,America/Los_Angeles,
scanners.labs.rapid7.com,San Diego,California,US,"32.7157,-117.1647","AS10439 CariNet, Inc.",92101,America/Los_Angeles,
scanners.labs.rapid7.com,San Diego,California,US,"32.7157,-117.1647","AS10439 CariNet, Inc.",92101,America/Los_Angeles,
scanners.labs.rapid7.com,San Diego,California,US,"32.7157,-117.1647","AS10439 CariNet, Inc.",92101,America/Los_Angeles,
scanners.labs.rapid7.com,San Diego,California,US,"32.7157,-117.1647","AS10439 CariNet, Inc.",92101,America/Los_Angeles,
,Auburn Hills,Michigan,US,"42.6875,-83.2341",AS14852 DaimlerChrysler Corporation,48326,America/Detroit,
,Auburn Hills,Michigan,US,"42.6875,-83.2341",AS14852 DaimlerChrysler Corporation,48326,America/Detroit,
scanners.labs.rapid7.com,San Diego,California,US,"32.7157,-117.1647","AS10439 CariNet, Inc.",92101,America/Los_Angeles,
scanners.labs.rapid7.com,San Diego,California,US,"32.7157,-117.1647","AS10439 CariNet, Inc.",92101,America/Los_Angeles,
scanners.labs.rapid7.com,San Diego,California,US,"32.7157,-117.1647","AS10439 CariNet, Inc.",92101,America/Los_Angeles,
scanners.labs.rapid7.com,San Diego,California,US,"32.7157,-117.1647","AS10439 CariNet, Inc.",92101,America/Los_Angeles,
scanners.labs.rapid7.com,San Diego,California,US,"32.7157,-117.1647","AS10439 CariNet, Inc.",92101,America/Los_Angeles,
scanners.labs.rapid7.com,San Diego,California,US,"32.7157,-117.1647","AS10439 CariNet, Inc.",92101,America/Los_Angeles,
scanners.labs.rapid7.com,San Diego,California,US,"32.7157,-117.1647","AS10439 CariNet, Inc.",92101,America/Los_Angeles,
scanners.labs.rapid7.com,San Diego,California,US,"32.7157,-117.1647","AS10439 CariNet, Inc.",92101,America/Los_Angeles,
scanners.labs.rapid7.com,San Diego,California,US,"32.7157,-117.1647","AS10439 CariNet, Inc.",92101,America/Los_Angeles,
scanners.labs.rapid7.com,San Diego,California,US,"32.7157,-117.1647","AS10439 CariNet, Inc.",92101,America/Los_Angeles,
scanners.labs.rapid7.com,San Diego,California,US,"32.7157,-117.1647","AS10439 CariNet, Inc.",92101,America/Los_Angeles,
scanners.labs.rapid7.com,San Diego,California,US,"32.7157,-117.1647","AS10439 CariNet, Inc.",92101,America/Los_Angeles,
scanners.labs.rapid7.com,San Diego,California,US,"32.7157,-117.1647","AS10439 CariNet, Inc.",92101,America/Los_Angeles,
scanners.labs.rapid7.com,San Diego,California,US,"32.7157,-117.1647","AS10439 CariNet, Inc.",92101,America/Los_Angeles,
scanners.labs.rapid7.com,San Diego,California,US,"32.7157,-117.1647","AS10439 CariNet, Inc.",92101,America/Los_Angeles,
scanners.labs.rapid7.com,San Diego,California,US,"32.7157,-117.1647","AS10439 CariNet, Inc.",92101,America/Los_Angeles,
scanners.labs.rapid7.com,San Diego,California,US,"32.7157,-117.1647","AS10439 CariNet, Inc.",92101,America/Los_Angeles,
scanners.labs.rapid7.com,San Diego,California,US,"32.7157,-117.1647","AS10439 CariNet, Inc.",92101,America/Los_Angeles,
scanners.labs.rapid7.com,San Diego,California,US,"32.7157,-117.1647","AS10439 CariNet, Inc.",92101,America/Los_Angeles,
scanners.labs.rapid7.com,San Diego,California,US,"32.7157,-117.1647","AS10439 CariNet, Inc.",92101,America/Los_Angeles,
scanners.labs.rapid7.com,San Diego,California,US,"32.7157,-117.1647","AS10439 CariNet, Inc.",92101,America/Los_Angeles,
scanners.labs.rapid7.com,San Diego,California,US,"32.7157,-117.1647","AS10439 CariNet, Inc.",92101,America/Los_Angeles,
scanners.labs.rapid7.com,San Diego,California,US,"32.7157,-117.1647","AS10439 CariNet, Inc.",92101,America/Los_Angeles,
scanners.labs.rapid7.com,San Diego,California,US,"32.7157,-117.1647","AS10439 CariNet, Inc.",92101,America/Los_Angeles,
scanners.labs.rapid7.com,San Diego,California,US,"32.7157,-117.1647","AS10439 CariNet, Inc.",92101,America/Los_Angeles,
scanners.labs.rapid7.com,San Diego,California,US,"32.7157,-117.1647","AS10439 CariNet, Inc.",92101,America/Los_Angeles,
scanners.labs.rapid7.com,San Diego,California,US,"32.7157,-117.1647","AS10439 CariNet, Inc.",92101,America/Los_Angeles,
scanners.labs.rapid7.com,San Diego,California,US,"32.7157,-117.1647","AS10439 CariNet, Inc.",92101,America/Los_Angeles,
scanners.labs.rapid7.com,San Diego,California,US,"32.7157,-117.1647","AS10439 CariNet, Inc.",92101,America/Los_Angeles,
scanners.labs.rapid7.com,San Diego,California,US,"32.7157,-117.1647","AS10439 CariNet, Inc.",92101,America/Los_Angeles,
scanners.labs.rapid7.com,San Diego,California,US,"32.7157,-117.1647","AS10439 CariNet, Inc.",92101,America/Los_Angeles,
scanners.labs.rapid7.com,San Diego,California,US,"32.7157,-117.1647","AS10439 CariNet, Inc.",92101,America/Los_Angeles,
scanners.labs.rapid7.com,San Diego,California,US,"32.7157,-117.1647","AS10439 CariNet, Inc.",92101,America/Los_Angeles,
scanners.labs.rapid7.com,San Diego,California,US,"32.7157,-117.1647","AS10439 CariNet, Inc.",92101,America/Los_Angeles,
scanners.labs.rapid7.com,San Diego,California,US,"32.7157,-117.1647","AS10439 CariNet, Inc.",92101,America/Los_Angeles,
scanners.labs.rapid7.com,San Diego,California,US,"32.7157,-117.1647","AS10439 CariNet, Inc.",92101,America/Los_Angeles,
scanners.labs.rapid7.com,San Diego,California,US,"32.7157,-117.1647","AS10439 CariNet, Inc.",92101,America/Los_Angeles,
scanners.labs.rapid7.com,San Diego,California,US,"32.7157,-117.1647","AS10439 CariNet, Inc.",92101,America/Los_Angeles,
scanners.labs.rapid7.com,San Diego,California,US,"32.7157,-117.1647","AS10439 CariNet, Inc.",92101,America/Los_Angeles,
scanners.labs.rapid7.com,San Diego,California,US,"32.7157,-117.1647","AS10439 CariNet, Inc.",92101,America/Los_Angeles,
scanners.labs.rapid7.com,San Diego,California,US,"32.7157,-117.1647","AS10439 CariNet, Inc.",92101,America/Los_Angeles,
scanners.labs.rapid7.com,San Diego,California,US,"32.7157,-117.1647","AS10439 CariNet, Inc.",92101,America/Los_Angeles,
scanners.labs.rapid7.com,San Diego,California,US,"32.7157,-117.1647","AS10439 CariNet, Inc.",92101,America/Los_Angeles,
scanners.labs.rapid7.com,San Diego,California,US,"32.7157,-117.1647","AS10439 CariNet, Inc.",92101,America/Los_Angeles,
scanners.labs.rapid7.com,San Diego,California,US,"32.7157,-117.1647","AS10439 CariNet, Inc.",92101,America/Los_Angeles,
scanners.labs.rapid7.com,San Diego,California,US,"32.7157,-117.1647","AS10439 CariNet, Inc.",92101,America/Los_Angeles,
scanners.labs.rapid7.com,San Diego,California,US,"32.7157,-117.1647","AS10439 CariNet, Inc.",92101,America/Los_Angeles,
scanners.labs.rapid7.com,San Diego,California,US,"32.7157,-117.1647","AS10439 CariNet, Inc.",92101,America/Los_Angeles,
scanners.labs.rapid7.com,San Diego,California,US,"32.7157,-117.1647","AS10439 CariNet, Inc.",92101,America/Los_Angeles,
scanners.labs.rapid7.com,San Diego,California,US,"32.7157,-117.1647","AS10439 CariNet, Inc.",92101,America/Los_Angeles,
scanners.labs.rapid7.com,San Diego,California,US,"32.7157,-117.1647","AS10439 CariNet, Inc.",92101,America/Los_Angeles,
scanners.labs.rapid7.com,San Diego,California,US,"32.7157,-117.1647","AS10439 CariNet, Inc.",92101,America/Los_Angeles,
scanners.labs.rapid7.com,San Diego,California,US,"32.7157,-117.1647","AS10439 CariNet, Inc.",92101,America/Los_Angeles,
scanners.labs.rapid7.com,San Diego,California,US,"32.7157,-117.1647","AS10439 CariNet, Inc.",92101,America/Los_Angeles,
scanners.labs.rapid7.com,San Diego,California,US,"32.7157,-117.1647","AS10439 CariNet, Inc.",92101,America/Los_Angeles,
scanners.labs.rapid7.com,San Diego,California,US,"32.7157,-117.1647","AS10439 CariNet, Inc.",92101,America/Los_Angeles,
scanners.labs.rapid7.com,San Diego,California,US,"32.7157,-117.1647","AS10439 CariNet, Inc.",92101,America/Los_Angeles,
scanners.labs.rapid7.com,San Diego,California,US,"32.7157,-117.1647","AS10439 CariNet, Inc.",92101,America/Los_Angeles,
scanners.labs.rapid7.com,San Diego,California,US,"32.7157,-117.1647","AS10439 CariNet, Inc.",92101,America/Los_Angeles,
scanners.labs.rapid7.com,San Diego,California,US,"32.7157,-117.1647","AS10439 CariNet, Inc.",92101,America/Los_Angeles,
scanners.labs.rapid7.com,San Diego,California,US,"32.7157,-117.1647","AS10439 CariNet, Inc.",92101,America/Los_Angeles,
scanners.labs.rapid7.com,San Diego,California,US,"32.7157,-117.1647","AS10439 CariNet, Inc.",92101,America/Los_Angeles,
scanners.labs.rapid7.com,San Diego,California,US,"32.7157,-117.1647","AS10439 CariNet, Inc.",92101,America/Los_Angeles,
scanners.labs.rapid7.com,San Diego,California,US,"32.7157,-117.1647","AS10439 CariNet, Inc.",92101,America/Los_Angeles,
scanners.labs.rapid7.com,San Diego,California,US,"32.7157,-117.1647","AS10439 CariNet, Inc.",92101,America/Los_Angeles,
scanners.labs.rapid7.com,San Diego,California,US,"32.7157,-117.1647","AS10439 CariNet, Inc.",92101,America/Los_Angeles,
scanners.labs.rapid7.com,San Diego,California,US,"32.7157,-117.1647","AS10439 CariNet, Inc.",92101,America/Los_Angeles,
scanners.labs.rapid7.com,San Diego,California,US,"32.7157,-117.1647","AS10439 CariNet, Inc.",92101,America/Los_Angeles,
scanners.labs.rapid7.com,San Diego,California,US,"32.7157,-117.1647","AS10439 CariNet, Inc.",92101,America/Los_Angeles,
scanners.labs.rapid7.com,San Diego,California,US,"32.7157,-117.1647","AS10439 CariNet, Inc.",92101,America/Los_Angeles,
scanners.labs.rapid7.com,San Diego,California,US,"32.7157,-117.1647","AS10439 CariNet, Inc.",92101,America/Los_Angeles,
scanners.labs.rapid7.com,San Diego,California,US,"32.7157,-117.1647","AS10439 CariNet, Inc.",92101,America/Los_Angeles,
scanners.labs.rapid7.com,San Diego,California,US,"32.7157,-117.1647","AS10439 CariNet, Inc.",92101,America/Los_Angeles,
scanners.labs.rapid7.com,San Diego,California,US,"32.7157,-117.1647","AS10439 CariNet, Inc.",92101,America/Los_Angeles,
scanners.labs.rapid7.com,San Diego,California,US,"32.7157,-117.1647","AS10439 CariNet, Inc.",92101,America/Los_Angeles,
206-54-194-51.dyn.grandenetworks.net,Four Corners,Texas,US,"29.6686,-95.6577","AS7459 Grande Communications Networks, LLC",77498,America/Chicago,
s7-150-210-162.lyn.tx.wi-power.com,Brownfield,Texas,US,"33.1812,-102.2743",AS13904 Cherryland Services Inc,79316,America/Chicago,
c-24-4-5-246.hsd1.ca.comcast.net,Santa Clara,California,US,"37.3541,-121.9552","AS7922 Comcast Cable Communications, LLC",95050,America/Los_Angeles,
scanners.labs.rapid7.com,San Diego,California,US,"32.7157,-117.1647","AS10439 CariNet, Inc.",92101,America/Los_Angeles,
scanners.labs.rapid7.com,San Diego,California,US,"32.7157,-117.1647","AS10439 CariNet, Inc.",92101,America/Los_Angeles,
scanners.labs.rapid7.com,San Diego,California,US,"32.7157,-117.1647","AS10439 CariNet, Inc.",92101,America/Los_Angeles,
scanners.labs.rapid7.com,San Diego,California,US,"32.7157,-117.1647","AS10439 CariNet, Inc.",92101,America/Los_Angeles,
scanners.labs.rapid7.com,San Diego,California,US,"32.7157,-117.1647","AS10439 CariNet, Inc.",92101,America/Los_Angeles,
scanners.labs.rapid7.com,San Diego,California,US,"32.7157,-117.1647","AS10439 CariNet, Inc.",92101,America/Los_Angeles,
scanners.labs.rapid7.com,San Diego,California,US,"32.7157,-117.1647","AS10439 CariNet, Inc.",92101,America/Los_Angeles,
scanners.labs.rapid7.com,San Diego,California,US,"32.7157,-117.1647","AS10439 CariNet, Inc.",92101,America/Los_Angeles,
scanners.labs.rapid7.com,San Diego,California,US,"32.7157,-117.1647","AS10439 CariNet, Inc.",92101,America/Los_Angeles,
235.158.127.96.unassigned.ord.singlehop.net,Chicago,Illinois,US,"41.8500,-87.6500",AS32475 Internap Holding LLC,60666,America/Chicago,
172.97.175.69.unassigned.ord.singlehop.net,Chicago,Illinois,US,"41.8500,-87.6500",AS32475 Internap Holding LLC,60666,America/Chicago,
85.158.143.198.unassigned.ord.singlehop.net,Phoenix,Arizona,US,"33.4484,-112.0740",AS32475 Internap Holding LLC,85001,America/Phoenix,
82.158.143.198.unassigned.ord.singlehop.net,Phoenix,Arizona,US,"33.4484,-112.0740",AS32475 Internap Holding LLC,85001,America/Phoenix,
scanners.labs.rapid7.com,San Diego,California,US,"32.7157,-117.1647","AS10439 CariNet, Inc.",92101,America/Los_Angeles,
scanners.labs.rapid7.com,San Diego,California,US,"32.7157,-117.1647","AS10439 CariNet, Inc.",92101,America/Los_Angeles,
scanners.labs.rapid7.com,San Diego,California,US,"32.7157,-117.1647","AS10439 CariNet, Inc.",92101,America/Los_Angeles,
scanners.labs.rapid7.com,San Diego,California,US,"32.7157,-117.1647","AS10439 CariNet, Inc.",92101,America/Los_Angeles,
scanners.labs.rapid7.com,San Diego,California,US,"32.7157,-117.1647","AS10439 CariNet, Inc.",92101,America/Los_Angeles,
scanners.labs.rapid7.com,San Diego,California,US,"32.7157,-117.1647","AS10439 CariNet, Inc.",92101,America/Los_Angeles,
scanners.labs.rapid7.com,San Diego,California,US,"32.7157,-117.1647","AS10439 CariNet, Inc.",92101,America/Los_Angeles,
scanners.labs.rapid7.com,San Diego,California,US,"32.7157,-117.1647","AS10439 CariNet, Inc.",92101,America/Los_Angeles,
scanners.labs.rapid7.com,San Diego,California,US,"32.7157,-117.1647","AS10439 CariNet, Inc.",92101,America/Los_Angeles,
scanners.labs.rapid7.com,San Diego,California,US,"32.7157,-117.1647","AS10439 CariNet, Inc.",92101,America/Los_Angeles,
scanners.labs.rapid7.com,San Diego,California,US,"32.7157,-117.1647","AS10439 CariNet, Inc.",92101,America/Los_Angeles,
scanners.labs.rapid7.com,San Diego,California,US,"32.7157,-117.1647","AS10439 CariNet, Inc.",92101,America/Los_Angeles,
scanners.labs.rapid7.com,San Diego,California,US,"32.7157,-117.1647","AS10439 CariNet, Inc.",92101,America/Los_Angeles,
scanners.labs.rapid7.com,San Diego,California,US,"32.7157,-117.1647","AS10439 CariNet, Inc.",92101,America/Los_Angeles,
scanners.labs.rapid7.com,San Diego,California,US,"32.7157,-117.1647","AS10439 CariNet, Inc.",92101,America/Los_Angeles,
scanners.labs.rapid7.com,San Diego,California,US,"32.7157,-117.1647","AS10439 CariNet, Inc.",92101,America/Los_Angeles,
69.74.154.184.unassigned.ord.singlehop.net,Chicago,Illinois,US,"41.8500,-87.6500",AS32475 Internap Holding LLC,60666,America/Chicago,
84.158.143.198.unassigned.ord.singlehop.net,Phoenix,Arizona,US,"33.4484,-112.0740",AS32475 Internap Holding LLC,85001,America/Phoenix,
141.155.143.198.unassigned.ord.singlehop.net,Phoenix,Arizona,US,"33.4484,-112.0740",AS32475 Internap Holding LLC,85001,America/Phoenix,
138.155.143.198.unassigned.ord.singlehop.net,Phoenix,Arizona,US,"33.4484,-112.0740",AS32475 Internap Holding LLC,85001,America/Phoenix,
68.74.154.184.unassigned.ord.singlehop.net,Chicago,Illinois,US,"41.8500,-87.6500",AS32475 Internap Holding LLC,60666,America/Chicago,
236.158.127.96.unassigned.ord.singlehop.net,Chicago,Illinois,US,"41.8500,-87.6500",AS32475 Internap Holding LLC,60666,America/Chicago,
237.158.127.96.unassigned.ord.singlehop.net,Chicago,Illinois,US,"41.8500,-87.6500",AS32475 Internap Holding LLC,60666,America/Chicago,
234.158.127.96.unassigned.ord.singlehop.net,Chicago,Illinois,US,"41.8500,-87.6500",AS32475 Internap Holding LLC,60666,America/Chicago,
scanners.labs.rapid7.com,San Diego,California,US,"32.7157,-117.1647","AS10439 CariNet, Inc.",92101,America/Los_Angeles,
scanners.labs.rapid7.com,San Diego,California,US,"32.7157,-117.1647","AS10439 CariNet, Inc.",92101,America/Los_Angeles,
scanners.labs.rapid7.com,San Diego,California,US,"32.7157,-117.1647","AS10439 CariNet, Inc.",92101,America/Los_Angeles,
scanners.labs.rapid7.com,San Diego,California,US,"32.7157,-117.1647","AS10439 CariNet, Inc.",92101,America/Los_Angeles,
scanners.labs.rapid7.com,San Diego,California,US,"32.7157,-117.1647","AS10439 CariNet, Inc.",92101,America/Los_Angeles,
scanners.labs.rapid7.com,San Diego,California,US,"32.7157,-117.1647","AS10439 CariNet, Inc.",92101,America/Los_Angeles,
scanners.labs.rapid7.com,San Diego,California,US,"32.7157,-117.1647","AS10439 CariNet, Inc.",92101,America/Los_Angeles,
scanners.labs.rapid7.com,San Diego,California,US,"32.7157,-117.1647","AS10439 CariNet, Inc.",92101,America/Los_Angeles,
scanners.labs.rapid7.com,San Diego,California,US,"32.7157,-117.1647","AS10439 CariNet, Inc.",92101,America/Los_Angeles,
scanners.labs.rapid7.com,San Diego,California,US,"32.7157,-117.1647","AS10439 CariNet, Inc.",92101,America/Los_Angeles,
scanners.labs.rapid7.com,San Diego,California,US,"32.7157,-117.1647","AS10439 CariNet, Inc.",92101,America/Los_Angeles,
171.97.175.69.unassigned.ord.singlehop.net,Chicago,Illinois,US,"41.8500,-87.6500",AS32475 Internap Holding LLC,60666,America/Chicago,
scanners.labs.rapid7.com,San Diego,California,US,"32.7157,-117.1647","AS10439 CariNet, Inc.",92101,America/Los_Angeles,
scanners.labs.rapid7.com,San Diego,California,US,"32.7157,-117.1647","AS10439 CariNet, Inc.",92101,America/Los_Angeles,
scanners.labs.rapid7.com,San Diego,California,US,"32.7157,-117.1647","AS10439 CariNet, Inc.",92101,America/Los_Angeles,
scanners.labs.rapid7.com,San Diego,California,US,"32.7157,-117.1647","AS10439 CariNet, Inc.",92101,America/Los_Angeles,
scanners.labs.rapid7.com,San Diego,California,US,"32.7157,-117.1647","AS10439 CariNet, Inc.",92101,America/Los_Angeles,
66.74.154.184.unassigned.ord.singlehop.net,Chicago,Illinois,US,"41.8500,-87.6500",AS32475 Internap Holding LLC,60666,America/Chicago,
92.189.154.184.unassigned.ord.singlehop.net,Chicago,Illinois,US,"41.8500,-87.6500",AS32475 Internap Holding LLC,60666,America/Chicago,
4.47.154.184.unassigned.ord.singlehop.net,Chicago,Illinois,US,"41.8500,-87.6500",AS32475 Internap Holding LLC,60666,America/Chicago,
c-24-16-202-32.hsd1.wa.comcast.net,Oak Harbor,Washington,US,"48.2932,-122.6432","AS7922 Comcast Cable Communications, LLC",98277,America/Los_Angeles,
scanners.labs.rapid7.com,San Diego,California,US,"32.7157,-117.1647","AS10439 CariNet, Inc.",92101,America/Los_Angeles,
140.155.143.198.unassigned.ord.singlehop.net,Phoenix,Arizona,US,"33.4484,-112.0740",AS32475 Internap Holding LLC,85001,America/Phoenix,
139.155.143.198.unassigned.ord.singlehop.net,Phoenix,Arizona,US,"33.4484,-112.0740",AS32475 Internap Holding LLC,85001,America/Phoenix,
2.47.154.184.unassigned.ord.singlehop.net,Chicago,Illinois,US,"41.8500,-87.6500",AS32475 Internap Holding LLC,60666,America/Chicago,
5.47.154.184.unassigned.ord.singlehop.net,Chicago,Illinois,US,"41.8500,-87.6500",AS32475 Internap Holding LLC,60666,America/Chicago,
scanners.labs.rapid7.com,San Diego,California,US,"32.7157,-117.1647","AS10439 CariNet, Inc.",92101,America/Los_Angeles,
scanners.labs.rapid7.com,San Diego,California,US,"32.7157,-117.1647","AS10439 CariNet, Inc.",92101,America/Los_Angeles,
scanners.labs.rapid7.com,San Diego,California,US,"32.7157,-117.1647","AS10439 CariNet, Inc.",92101,America/Los_Angeles,
scanners.labs.rapid7.com,San Diego,California,US,"32.7157,-117.1647","AS10439 CariNet, Inc.",92101,America/Los_Angeles,
scanners.labs.rapid7.com,San Diego,California,US,"32.7157,-117.1647","AS10439 CariNet, Inc.",92101,America/Los_Angeles,
scanners.labs.rapid7.com,San Diego,California,US,"32.7157,-117.1647","AS10439 CariNet, Inc.",92101,America/Los_Angeles,
scanners.labs.rapid7.com,San Diego,California,US,"32.7157,-117.1647","AS10439 CariNet, Inc.",92101,America/Los_Angeles,
scanners.labs.rapid7.com,San Diego,California,US,"32.7157,-117.1647","AS10439 CariNet, Inc.",92101,America/Los_Angeles,
scanners.labs.rapid7.com,San Diego,California,US,"32.7157,-117.1647","AS10439 CariNet, Inc.",92101,America/Los_Angeles,
,Shelby,Michigan,US,"42.6709,-83.0330","AS7922 Comcast Cable Communications, LLC",49455,America/Detroit,
83.158.143.198.unassigned.ord.singlehop.net,Phoenix,Arizona,US,"33.4484,-112.0740",AS32475 Internap Holding LLC,85001,America/Phoenix,
67.74.154.184.unassigned.ord.singlehop.net,Chicago,Illinois,US,"41.8500,-87.6500",AS32475 Internap Holding LLC,60666,America/Chicago,
scanners.labs.rapid7.com,San Diego,California,US,"32.7157,-117.1647","AS10439 CariNet, Inc.",92101,America/Los_Angeles,
scanners.labs.rapid7.com,San Diego,California,US,"32.7157,-117.1647","AS10439 CariNet, Inc.",92101,America/Los_Angeles,
scanners.labs.rapid7.com,San Diego,California,US,"32.7157,-117.1647","AS10439 CariNet, Inc.",92101,America/Los_Angeles,
scanners.labs.rapid7.com,San Diego,California,US,"32.7157,-117.1647","AS10439 CariNet, Inc.",92101,America/Los_Angeles,
scanners.labs.rapid7.com,San Diego,California,US,"32.7157,-117.1647","AS10439 CariNet, Inc.",92101,America/Los_Angeles,
93.189.154.184.unassigned.ord.singlehop.net,Chicago,Illinois,US,"41.8500,-87.6500",AS32475 Internap Holding LLC,60666,America/Chicago,
90.189.154.184.unassigned.ord.singlehop.net,Chicago,Illinois,US,"41.8500,-87.6500",AS32475 Internap Holding LLC,60666,America/Chicago,
scanners.labs.rapid7.com,San Diego,California,US,"32.7157,-117.1647","AS10439 CariNet, Inc.",92101,America/Los_Angeles,
scanners.labs.rapid7.com,San Diego,California,US,"32.7157,-117.1647","AS10439 CariNet, Inc.",92101,America/Los_Angeles,
170.97.175.69.unassigned.ord.singlehop.net,Chicago,Illinois,US,"41.8500,-87.6500",AS32475 Internap Holding LLC,60666,America/Chicago,
scanners.labs.rapid7.com,San Diego,California,US,"32.7157,-117.1647","AS10439 CariNet, Inc.",92101,America/Los_Angeles,
3.47.154.184.unassigned.ord.singlehop.net,Chicago,Illinois,US,"41.8500,-87.6500",AS32475 Internap Holding LLC,60666,America/Chicago,
173.97.175.69.unassigned.ord.singlehop.net,Chicago,Illinois,US,"41.8500,-87.6500",AS32475 Internap Holding LLC,60666,America/Chicago,
91.189.154.184.unassigned.ord.singlehop.net,Chicago,Illinois,US,"41.8500,-87.6500",AS32475 Internap Holding LLC,60666,America/Chicago,
,Burien,Washington,US,"47.4704,-122.3468","AS7922 Comcast Cable Communications, LLC",98062,America/Los_Angeles,
176.181-62-69.ftth.swbr.surewest.net,Sacramento,California,US,"38.5816,-121.4944","AS14051 Consolidated Communications, Inc.",94203,America/Los_Angeles,
,Kissimmee,Florida,US,"28.2680,-81.4675",,34746,America/New_York,
162-192-121-243.lightspeed.clmasc.sbcglobal.net,Orangeburg,South Carolina,US,"33.5025,-80.8593","AS7018 AT&T Enterprises, LLC",29115,America/New_York,
0631.wrls.louisacomm.net,Grandview,Iowa,US,"41.2759,-91.1885",AS5056 Aureon Network Services,52752,America/Chicago,
,Isabela,Isabela,PR,"18.5008,-67.0243",AS14638 Liberty Communications of Puerto Rico LLC,00662,America/Puerto_Rico,
,Austin,Texas,US,"30.2672,-97.7431","AS7018 AT&T Enterprises, LLC",78701,America/Chicago,
c-73-140-215-138.hsd1.wa.comcast.net,South Hill,Washington,US,"47.1412,-122.2701","AS7922 Comcast Cable Communications, LLC",98374,America/Los_Angeles,
,Herndon,Virginia,US,"38.9839,-77.3675",AS6079 RCN,20170,America/New_York,
client-173.198.182.40.idf.id.digis.net,Rexburg,Idaho,US,"43.8260,-111.7897","AS17306 JAB Wireless, INC.",83460,America/Boise,
esp-184-138.matureacceptance.com,Santiago,Santiago Metropolitan,CL,"-33.4569,-70.6483",AS21859 Zenlayer Inc,8320000,America/Santiago,
,Moses Lake,Washington,US,"47.1301,-119.2781",AS8075 Microsoft Corporation,98837,America/Los_Angeles,
syn-173-088-069-096.res.spectrum.com,Lancaster,Ohio,US,"39.7137,-82.5993",AS10796 Charter Communications Inc,43130,America/New_York,
,Golden Valley,Arizona,US,"35.2233,-114.2230",AS13904 Cherryland Services Inc,86413,America/Phoenix,
syn-067-078-238-066.biz.spectrum.com,Bessemer,Alabama,US,"33.4018,-86.9544","AS33363 Charter Communications, Inc",35020,America/Chicago,
,Boulder,Colorado,US,"40.0150,-105.2706","AS7922 Comcast Cable Communications, LLC",80309,America/Denver,
wsip-184-191-235-10.fv.ks.cox.net,Johnson,Arkansas,US,"36.1329,-94.1655",AS22773 Cox Communications Inc.,72741,America/Chicago,
,Seattle,Washington,US,"47.6062,-122.3321","AS7922 Comcast Cable Communications, LLC",98101,America/Los_Angeles,
,Sofia,Sofia-Capital,BG,"42.6975,23.3241",AS200391 KREZ 999 EOOD,1000,Europe/Sofia,
,Ojai,California,US,"34.4481,-119.2429",AS54483 GeoLinks,93024,America/Los_Angeles,
syn-097-105-015-251.biz.spectrum.com,Grand Prairie,Texas,US,"32.7460,-96.9978",AS11427 Charter Communications Inc,75053,America/Chicago,
syn-024-241-152-123.res.spectrum.com,Rosemount,Minnesota,US,"44.7394,-93.1258",AS20115 Charter Communications LLC,55068,America/Chicago,
c-73-100-60-166.hsd1.nh.comcast.net,Eliot,Maine,US,"43.1531,-70.8001","AS7922 Comcast Cable Communications, LLC",03903,America/New_York,
www.openssdpproject.org,Detroit,Michigan,US,"42.3314,-83.0457",AS267 Nether.Net,48226,America/Detroit,
50-76-95-188-static.hfc.comcastbusiness.net,Naperville,Illinois,US,"41.7859,-88.1473","AS7922 Comcast Cable Communications, LLC",60567,America/Chicago,
syn-074-218-088-165.biz.spectrum.com,Columbus,Ohio,US,"39.9612,-82.9988",AS10796 Charter Communications Inc,43215,America/New_York,
c-68-39-30-29.hsd1.in.comcast.net,Fort Wayne,Indiana,US,"41.1306,-85.1289","AS7922 Comcast Cable Communications, LLC",46825,America/Indiana/Indianapolis,
50-77-182-77-static.hfc.comcastbusiness.net,Chicago,Illinois,US,"41.8500,-87.6500","AS7922 Comcast Cable Communications, LLC",60666,America/Chicago,
,North Bergen,New Jersey,US,"40.8043,-74.0121","AS14061 DigitalOcean, LLC",07047,America/New_York,
ool-457894db.dyn.optonline.net,Croton-on-Hudson,New York,US,"41.2084,-73.8912",AS6128 Cablevision Systems Corp.,10520,America/New_York,
,Louisville,Kentucky,US,"38.0846,-85.8510","AS7018 AT&T Enterprises, LLC",40272,America/Kentucky/Louisville,
c-71-196-92-213.hsd1.fl.comcast.net,Homestead,Florida,US,"25.4687,-80.4776","AS7922 Comcast Cable Communications, LLC",33030,America/New_York,
107-200-127-153.lightspeed.chrlnc.sbcglobal.net,Huntersville,North Carolina,US,"35.4011,-80.8695","AS7018 AT&T Enterprises, LLC",28078,America/New_York,
,Boston,Massachusetts,US,"42.3584,-71.0598","AS7922 Comcast Cable Communications, LLC",02108,America/New_York,
,Chicago,Illinois,US,"41.8500,-87.6500","AS7018 AT&T Enterprises, LLC",60666,America/Chicago,
,Orlando,Florida,US,"28.5383,-81.3792",,32801,America/New_York,
64-58-200-226.indco.net,Evening Shade,Arkansas,US,"36.0717,-91.6193","AS32458 IND. CO. CABLE TV, INC.",72532,America/Chicago,
internettl.org,Chicago,Illinois,US,"41.8500,-87.6500",AS14987 Rethem Hosting LLC,60666,America/Chicago,
,Riverton,Wyoming,US,"43.0250,-108.3801",AS3833 wyoming.com,82501,America/Denver,
,Medicine Hat,Alberta,CA,"50.0393,-110.6766",AS852 TELUS Communications Inc.,T1C,America/Edmonton,
,Chicago,Illinois,US,"41.8500,-87.6500","AS7018 AT&T Enterprises, LLC",60666,America/Chicago,
,Marlborough,Massachusetts,US,"42.3459,-71.5523","AS7922 Comcast Cable Communications, LLC",01752,America/New_York,
,Chicago,Illinois,US,"41.8500,-87.6500","AS7018 AT&T Enterprises, LLC",60666,America/Chicago,
timmins-cable20.onlink.net,Temiskaming Shores,Ontario,CA,"47.4938,-79.7153",AS25636 NorthernTel Limited Partnership,J9V,America/Toronto,
mobile-166-130-127-180.mycingular.net,Memphis,Tennessee,US,"35.1495,-90.0490","AS20057 AT&T Enterprises, LLC",37544,America/Chicago,
,Clifton,New Jersey,US,"40.8344,-74.1377","AS14061 DigitalOcean, LLC",07014,America/New_York,
216-130-236-87.static.firstlight.net,Plattsburgh,New York,US,"44.6995,-73.4529","AS15320 FirstLight Fiber, Inc.",12901,America/New_York,
syn-074-132-014-091.res.spectrum.com,Owensboro,Kentucky,US,"37.7513,-87.1554",AS10796 Charter Communications Inc,42301,America/Chicago,
,Carmel Valley Village,California,US,"36.5061,-121.7659","AS7018 AT&T Enterprises, LLC",93924,America/Los_Angeles,
,Port Louis,Port Louis,MU,"-20.1619,57.4989",,,Indian/Mauritius,
,Port Louis,Port Louis,MU,"-20.1619,57.4989",,,Indian/Mauritius,
syn-070-113-201-122.res.spectrum.com,Laredo,Texas,US,"27.5569,-99.4907",AS11427 Charter Communications Inc,78041,America/Chicago,
dynamic.libertypr.net,San Juan,San Juan,PR,"18.4663,-66.1057",AS14638 Liberty Communications of Puerto Rico LLC,00901,America/Puerto_Rico,
syn-024-090-025-051.res.spectrum.com,New York City,New York,US,"40.7611,-73.8916",AS12271 Charter Communications Inc,11370,America/New_York,
static.rcn.com,Chicago,Illinois,US,"41.8500,-87.6500",AS6079 RCN,60666,America/Chicago,
s108-226-30-96.ssvec.az.wi-power.com,Tombstone,Arizona,US,"31.7129,-110.0676",AS13904 Cherryland Services Inc,85638,America/Phoenix,
,Honolulu,Hawaii,US,"21.3069,-157.8583","AS16509 Amazon.com, Inc.",96802,Pacific/Honolulu,
,Pangnirtung,Nunavut,CA,"66.1464,-65.7000",AS53910 Northwestel Inc.,,America/Iqaluit,
,Saskatoon,Saskatchewan,CA,"52.1324,-106.6689",AS6327 Shaw Communications Inc.,S7W,America/Regina,
,Iron Mountain,Michigan,US,"45.8202,-88.0660",AS237 Merit Network Inc.,49801,America/Menominee,
,Yellowknife,Northwest Territories,CA,"62.4541,-114.3725",AS53910 Northwestel Inc.,X1A,America/Yellowknife,
c-73-65-227-17.hsd1.ut.comcast.net,Salt Lake City,Utah,US,"40.7608,-111.8911","AS7922 Comcast Cable Communications, LLC",84101,America/Denver,
syn-068-173-011-178.res.spectrum.com,New York City,New York,US,"40.7143,-74.0060",AS12271 Charter Communications Inc,10001,America/New_York,
,Yellowknife,Northwest Territories,CA,"62.4541,-114.3725",AS53910 Northwestel Inc.,X1A,America/Yellowknife,
c-98-248-113-74.hsd1.ca.comcast.net,San Jose,California,US,"37.3394,-121.8950","AS7922 Comcast Cable Communications, LLC",95025,America/Los_Angeles,
c-73-33-50-30.hsd1.nj.comcast.net,Atlantic City,New Jersey,US,"39.3642,-74.4231","AS7922 Comcast Cable Communications, LLC",08401,America/New_York,
syn-173-174-203-206.res.spectrum.com,San Antonio,Texas,US,"29.6562,-98.4967",AS11427 Charter Communications Inc,78258,America/Chicago,
syn-173-174-178-146.res.spectrum.com,San Antonio,Texas,US,"29.5551,-98.7442",AS11427 Charter Communications Inc,78254,America/Chicago,
,Detroit,Michigan,US,"42.3314,-83.0457",AS14852 DaimlerChrysler Corporation,48226,America/Detroit,
c-24-5-103-5.hsd1.ca.comcast.net,Pleasanton,California,US,"37.6624,-121.8747","AS7922 Comcast Cable Communications, LLC",94566,America/Los_Angeles,
,Norman,Oklahoma,US,"35.2226,-97.4395",,73019,America/Chicago,
adsl-99-34-169-26.dsl.sfldmi.sbcglobal.net,Fair Oaks,California,US,"38.6446,-121.2722","AS7018 AT&T Enterprises, LLC",95628,America/Los_Angeles,
,Kulpsville,Pennsylvania,US,"40.2429,-75.3366",AS701 Verizon Business,19443,America/New_York,
c-73-149-230-85.hsd1.ma.comcast.net,Quincy,Massachusetts,US,"42.2529,-71.0023","AS7922 Comcast Cable Communications, LLC",02169,America/New_York,
216-227-59-75.du.berk.com,Kinderhook,New York,US,"42.3954,-73.6979",AS14671 FairPoint Communications,12106,America/New_York,
,Herndon,Virginia,US,"38.9839,-77.3675",AS6079 RCN,20170,America/New_York,
96-79-137-178-static.hfc.comcastbusiness.net,Murfreesboro,Tennessee,US,"35.8456,-86.3903","AS7922 Comcast Cable Communications, LLC",37130,America/Chicago,
,Pembroke Pines,Florida,US,"26.0032,-80.2239","AS7922 Comcast Cable Communications, LLC",33082,America/New_York,
,Iron Mountain,Michigan,US,"45.8202,-88.0660",AS237 Merit Network Inc.,49801,America/Menominee,
ip-74-83-245-163.dynamic.fuse.net,Blue Jay,Ohio,US,"39.2270,-84.7372",AS6181 Cincinnati Bell Telephone Company LLC,45002,America/New_York,
,Iron Mountain,Michigan,US,"45.8202,-88.0660",AS237 Merit Network Inc.,49801,America/Menominee,
,Iron Mountain,Michigan,US,"45.8202,-88.0660",AS237 Merit Network Inc.,49801,America/Menominee,
,Iron Mountain,Michigan,US,"45.8202,-88.0660",AS237 Merit Network Inc.,49801,America/Menominee,
,Iron Mountain,Michigan,US,"45.8202,-88.0660",AS237 Merit Network Inc.,49801,America/Menominee,
,Iron Mountain,Michigan,US,"45.8202,-88.0660",AS237 Merit Network Inc.,49801,America/Menominee,
,Iron Mountain,Michigan,US,"45.8202,-88.0660",AS237 Merit Network Inc.,49801,America/Menominee,
c-67-170-100-154.hsd1.wa.comcast.net,Bellevue,Washington,US,"47.6104,-122.2007","AS7922 Comcast Cable Communications, LLC",98004,America/Los_Angeles,
199.244.31.143.nwinternet.com,Cashmere,Washington,US,"47.5224,-120.4698",AS13370 Ziply Fiber,98815,America/Los_Angeles,
156.133.143.198.unassigned.ord.singlehop.net,Phoenix,Arizona,US,"33.4484,-112.0740",AS32475 Internap Holding LLC,85001,America/Phoenix,
61.61.178.108.unassigned.ord.singlehop.net,Phoenix,Arizona,US,"33.4484,-112.0740",AS32475 Internap Holding LLC,85001,America/Phoenix,
58.61.178.108.unassigned.ord.singlehop.net,Phoenix,Arizona,US,"33.4484,-112.0740",AS32475 Internap Holding LLC,85001,America/Phoenix,
157.133.143.198.unassigned.ord.singlehop.net,Phoenix,Arizona,US,"33.4484,-112.0740",AS32475 Internap Holding LLC,85001,America/Phoenix,
,Moscow,Moscow,RU,"55.7522,37.6156",AS54994 Meteverse Limited.,101000,Europe/Moscow,
59.61.178.108.unassigned.ord.singlehop.net,Phoenix,Arizona,US,"33.4484,-112.0740",AS32475 Internap Holding LLC,85001,America/Phoenix,
60.61.178.108.unassigned.ord.singlehop.net,Phoenix,Arizona,US,"33.4484,-112.0740",AS32475 Internap Holding LLC,85001,America/Phoenix,
154.133.143.198.unassigned.ord.singlehop.net,Phoenix,Arizona,US,"33.4484,-112.0740",AS32475 Internap Holding LLC,85001,America/Phoenix,
155.133.143.198.unassigned.ord.singlehop.net,Phoenix,Arizona,US,"33.4484,-112.0740",AS32475 Internap Holding LLC,85001,America/Phoenix,
s0106c4509c854b6e.wp.shawcable.net,Winnipeg,Manitoba,CA,"49.8844,-97.1470",AS6327 Shaw Communications Inc.,R3B,America/Winnipeg,
syn-024-172-009-030.biz.spectrum.com,Asheboro,North Carolina,US,"35.7079,-79.8136",AS11426 Charter Communications Inc,27203,America/New_York,
,North Bergen,New Jersey,US,"40.8043,-74.0121","AS14061 DigitalOcean, LLC",07047,America/New_York,
,Iron Mountain,Michigan,US,"45.8202,-88.0660",AS237 Merit Network Inc.,49801,America/Menominee,
,Iron Mountain,Michigan,US,"45.8202,-88.0660",AS237 Merit Network Inc.,49801,America/Menominee,
,Iron Mountain,Michigan,US,"45.8202,-88.0660",AS237 Merit Network Inc.,49801,America/Menominee,
,Iron Mountain,Michigan,US,"45.8202,-88.0660",AS237 Merit Network Inc.,49801,America/Menominee,
,Iron Mountain,Michigan,US,"45.8202,-88.0660",AS237 Merit Network Inc.,49801,America/Menominee,
,Iron Mountain,Michigan,US,"45.8202,-88.0660",AS237 Merit Network Inc.,49801,America/Menominee,
,Iron Mountain,Michigan,US,"45.8202,-88.0660",AS237 Merit Network Inc.,49801,America/Menominee,
,Iron Mountain,Michigan,US,"45.8202,-88.0660",AS237 Merit Network Inc.,49801,America/Menominee,
,Iron Mountain,Michigan,US,"45.8202,-88.0660",AS237 Merit Network Inc.,49801,America/Menominee,
mail.myresdale.com,Houston,Texas,US,"29.6896,-95.5106",AS11215 Logix,77074,America/Chicago,
,Greenville,North Carolina,US,"35.6127,-77.3663",AS19108 Optimum,27834,America/New_York,
host-24-222-187-84.public.eastlink.ca,Lower Sackville,Nova Scotia,CA,"44.7760,-63.6786",AS11260 EastLink,B4C,America/Halifax,
d75-157-35-176.bchsia.telus.net,Burnaby,British Columbia,CA,"49.2664,-122.9526",AS852 TELUS Communications Inc.,V5A,America/Vancouver,
gens-206-125-129-252.geneseo.net,Davenport,Iowa,US,"41.5236,-90.5776",AS15129 Geneseo Telephone Company,52801,America/Chicago,
adsl-76-237-136-75.dsl.chcgil.sbcglobal.net,Reno,Nevada,US,"39.5296,-119.8138","AS7018 AT&T Enterprises, LLC",89501,America/Los_Angeles,
d192-24-129-129.try.wideopenwest.com,Warren,Michigan,US,"42.4904,-83.0130",AS12083 WideOpenWest Finance LLC,48090,America/Detroit,
syn-097-099-174-118.res.spectrum.com,Grand Prairie,Texas,US,"32.7460,-96.9978",AS11427 Charter Communications Inc,75053,America/Chicago,
,Nassau,New Providence,BS,"25.0582,-77.3431",AS8014 Bahamas Telecommunications Corporation,,America/Nassau,
108-160-74-150.sebastiancorp.net,Kerman,California,US,"36.7236,-120.0599",AS46867 Sebastian,93630,America/Los_Angeles,
c-68-80-141-183.hsd1.pa.comcast.net,Philadelphia,Pennsylvania,US,"39.9524,-75.1636","AS7922 Comcast Cable Communications, LLC",19099,America/New_York,
edia-64-222-246-86.static.ngn.east.myfairpoint.net,Litchfield,New Hampshire,US,"42.8443,-71.4798","AS13977 Consolidated Communications, Inc.",03052,America/New_York,
c-76-103-167-241.hsd1.ca.comcast.net,San Jose,California,US,"37.3394,-121.8950","AS7922 Comcast Cable Communications, LLC",95025,America/Los_Angeles,
,Moncks Corner,South Carolina,US,"33.1963,-80.0143","AS16863 Home Telephone Company, Inc.",29461,America/New_York,
50-80-255-93.client.mchsi.com,Jacksonville,Illinois,US,"39.7339,-90.2290",AS30036 Mediacom Communications Corp,62650,America/Chicago,
,Charlotte,North Carolina,US,"35.3183,-80.7476",,28262,America/New_York,
,Norman,Oklahoma,US,"35.2226,-97.4395",,73019,America/Chicago,
c-73-44-222-158.hsd1.il.comcast.net,Chicago,Illinois,US,"41.8500,-87.6500","AS7922 Comcast Cable Communications, LLC",60666,America/Chicago,
s207-6-30-42.bc.hsia.telus.net,Richmond,British Columbia,CA,"49.1700,-123.1368",AS852 TELUS Communications Inc.,V6Y,America/Vancouver,
,Humacao,Humacao,PR,"18.1497,-65.8274",AS21559 OSNET Wireless,00791,America/Puerto_Rico,
,Cape Coral,Florida,US,"26.5629,-81.9495","AS7018 AT&T Enterprises, LLC",33910,America/New_York,
pool-71-168-151-140.cmdnnj.fios.verizon.net,Berlin,New Jersey,US,"39.7912,-74.9291",AS701 Verizon Business,08009,America/New_York,
50-192-134-217-static.hfc.comcastbusiness.net,Boca Raton,Florida,US,"26.3587,-80.0831","AS7922 Comcast Cable Communications, LLC",33429,America/New_York,
,San Francisco,California,US,"37.7309,-122.3886","AS14061 DigitalOcean, LLC",94124,America/Los_Angeles,
,San Francisco,California,US,"37.7309,-122.3886","AS14061 DigitalOcean, LLC",94124,America/Los_Angeles,
,San Francisco,California,US,"37.7309,-122.3886","AS14061 DigitalOcean, LLC",94124,America/Los_Angeles,
,San Francisco,California,US,"37.7309,-122.3886","AS14061 DigitalOcean, LLC",94124,America/Los_Angeles,
,San Francisco,California,US,"37.7309,-122.3886","AS14061 DigitalOcean, LLC",94124,America/Los_Angeles,
,San Francisco,California,US,"37.7309,-122.3886","AS14061 DigitalOcean, LLC",94124,America/Los_Angeles,
,San Francisco,California,US,"37.7309,-122.3886","AS14061 DigitalOcean, LLC",94124,America/Los_Angeles,
,San Francisco,California,US,"37.7309,-122.3886","AS14061 DigitalOcean, LLC",94124,America/Los_Angeles,
,San Francisco,California,US,"37.7309,-122.3886","AS14061 DigitalOcean, LLC",94124,America/Los_Angeles,
,San Francisco,California,US,"37.7309,-122.3886","AS14061 DigitalOcean, LLC",94124,America/Los_Angeles,
,San Francisco,California,US,"37.7309,-122.3886","AS14061 DigitalOcean, LLC",94124,America/Los_Angeles,
,San Francisco,California,US,"37.7309,-122.3886","AS14061 DigitalOcean, LLC",94124,America/Los_Angeles,
,San Francisco,California,US,"37.7309,-122.3886","AS14061 DigitalOcean, LLC",94124,America/Los_Angeles,
,San Francisco,California,US,"37.7309,-122.3886","AS14061 DigitalOcean, LLC",94124,America/Los_Angeles,
,San Francisco,California,US,"37.7309,-122.3886","AS14061 DigitalOcean, LLC",94124,America/Los_Angeles,
,San Francisco,California,US,"37.7309,-122.3886","AS14061 DigitalOcean, LLC",94124,America/Los_Angeles,
,San Francisco,California,US,"37.7309,-122.3886","AS14061 DigitalOcean, LLC",94124,America/Los_Angeles,
,San Francisco,California,US,"37.7309,-122.3886","AS14061 DigitalOcean, LLC",94124,America/Los_Angeles,
,San Francisco,California,US,"37.7309,-122.3886","AS14061 DigitalOcean, LLC",94124,America/Los_Angeles,
,San Francisco,California,US,"37.7309,-122.3886","AS14061 DigitalOcean, LLC",94124,America/Los_Angeles,
,San Francisco,California,US,"37.7309,-122.3886","AS14061 DigitalOcean, LLC",94124,America/Los_Angeles,
,San Francisco,California,US,"37.7309,-122.3886","AS14061 DigitalOcean, LLC",94124,America/Los_Angeles,
,San Francisco,California,US,"37.7309,-122.3886","AS14061 DigitalOcean, LLC",94124,America/Los_Angeles,
,San Francisco,California,US,"37.7309,-122.3886","AS14061 DigitalOcean, LLC",94124,America/Los_Angeles,
,San Francisco,California,US,"37.7309,-122.3886","AS14061 DigitalOcean, LLC",94124,America/Los_Angeles,
,San Francisco,California,US,"37.7309,-122.3886","AS14061 DigitalOcean, LLC",94124,America/Los_Angeles,
,San Francisco,California,US,"37.7309,-122.3886","AS14061 DigitalOcean, LLC",94124,America/Los_Angeles,
,San Francisco,California,US,"37.7309,-122.3886","AS14061 DigitalOcean, LLC",94124,America/Los_Angeles,
,San Francisco,California,US,"37.7309,-122.3886","AS14061 DigitalOcean, LLC",94124,America/Los_Angeles,
,San Francisco,California,US,"37.7309,-122.3886","AS14061 DigitalOcean, LLC",94124,America/Los_Angeles,
,San Francisco,California,US,"37.7309,-122.3886","AS14061 DigitalOcean, LLC",94124,America/Los_Angeles,
,San Francisco,California,US,"37.7309,-122.3886","AS14061 DigitalOcean, LLC",94124,America/Los_Angeles,
,San Francisco,California,US,"37.7309,-122.3886","AS14061 DigitalOcean, LLC",94124,America/Los_Angeles,
,San Francisco,California,US,"37.7309,-122.3886","AS14061 DigitalOcean, LLC",94124,America/Los_Angeles,
,San Francisco,California,US,"37.7309,-122.3886","AS14061 DigitalOcean, LLC",94124,America/Los_Angeles,
,San Francisco,California,US,"37.7309,-122.3886","AS14061 DigitalOcean, LLC",94124,America/Los_Angeles,
,San Francisco,California,US,"37.7309,-122.3886","AS14061 DigitalOcean, LLC",94124,America/Los_Angeles,
,San Francisco,California,US,"37.7309,-122.3886","AS14061 DigitalOcean, LLC",94124,America/Los_Angeles,
,San Francisco,California,US,"37.7309,-122.3886","AS14061 DigitalOcean, LLC",94124,America/Los_Angeles,
,San Francisco,California,US,"37.7309,-122.3886","AS14061 DigitalOcean, LLC",94124,America/Los_Angeles,
,San Francisco,California,US,"37.7309,-122.3886","AS14061 DigitalOcean, LLC",94124,America/Los_Angeles,
,San Francisco,California,US,"37.7309,-122.3886","AS14061 DigitalOcean, LLC",94124,America/Los_Angeles,
,San Francisco,California,US,"37.7309,-122.3886","AS14061 DigitalOcean, LLC",94124,America/Los_Angeles,
,San Francisco,California,US,"37.7309,-122.3886","AS14061 DigitalOcean, LLC",94124,America/Los_Angeles,
,San Francisco,California,US,"37.7309,-122.3886","AS14061 DigitalOcean, LLC",94124,America/Los_Angeles,
,San Francisco,California,US,"37.7309,-122.3886","AS14061 DigitalOcean, LLC",94124,America/Los_Angeles,
,San Francisco,California,US,"37.7309,-122.3886","AS14061 DigitalOcean, LLC",94124,America/Los_Angeles,
,San Francisco,California,US,"37.7309,-122.3886","AS14061 DigitalOcean, LLC",94124,America/Los_Angeles,
,San Francisco,California,US,"37.7309,-122.3886","AS14061 DigitalOcean, LLC",94124,America/Los_Angeles,
,San Francisco,California,US,"37.7309,-122.3886","AS14061 DigitalOcean, LLC",94124,America/Los_Angeles,
,San Francisco,California,US,"37.7309,-122.3886","AS14061 DigitalOcean, LLC",94124,America/Los_Angeles,
,San Francisco,California,US,"37.7309,-122.3886","AS14061 DigitalOcean, LLC",94124,America/Los_Angeles,
,San Francisco,California,US,"37.7309,-122.3886","AS14061 DigitalOcean, LLC",94124,America/Los_Angeles,
,San Francisco,California,US,"37.7309,-122.3886","AS14061 DigitalOcean, LLC",94124,America/Los_Angeles,
,San Francisco,California,US,"37.7309,-122.3886","AS14061 DigitalOcean, LLC",94124,America/Los_Angeles,
,San Francisco,California,US,"37.7309,-122.3886","AS14061 DigitalOcean, LLC",94124,America/Los_Angeles,
,San Francisco,California,US,"37.7309,-122.3886","AS14061 DigitalOcean, LLC",94124,America/Los_Angeles,
,San Francisco,California,US,"37.7309,-122.3886","AS14061 DigitalOcean, LLC",94124,America/Los_Angeles,
,San Francisco,California,US,"37.7309,-122.3886","AS14061 DigitalOcean, LLC",94124,America/Los_Angeles,
,San Francisco,California,US,"37.7309,-122.3886","AS14061 DigitalOcean, LLC",94124,America/Los_Angeles,
,San Francisco,California,US,"37.7309,-122.3886","AS14061 DigitalOcean, LLC",94124,America/Los_Angeles,
,San Francisco,California,US,"37.7309,-122.3886","AS14061 DigitalOcean, LLC",94124,America/Los_Angeles,
,San Francisco,California,US,"37.7309,-122.3886","AS14061 DigitalOcean, LLC",94124,America/Los_Angeles,
,San Francisco,California,US,"37.7309,-122.3886","AS14061 DigitalOcean, LLC",94124,America/Los_Angeles,
,San Francisco,California,US,"37.7309,-122.3886","AS14061 DigitalOcean, LLC",94124,America/Los_Angeles,
,San Francisco,California,US,"37.7309,-122.3886","AS14061 DigitalOcean, LLC",94124,America/Los_Angeles,
,San Francisco,California,US,"37.7309,-122.3886","AS14061 DigitalOcean, LLC",94124,America/Los_Angeles,
,San Francisco,California,US,"37.7309,-122.3886","AS14061 DigitalOcean, LLC",94124,America/Los_Angeles,
,San Francisco,California,US,"37.7309,-122.3886","AS14061 DigitalOcean, LLC",94124,America/Los_Angeles,
,San Francisco,California,US,"37.7309,-122.3886","AS14061 DigitalOcean, LLC",94124,America/Los_Angeles,
,San Francisco,California,US,"37.7309,-122.3886","AS14061 DigitalOcean, LLC",94124,America/Los_Angeles,
,San Francisco,California,US,"37.7309,-122.3886","AS14061 DigitalOcean, LLC",94124,America/Los_Angeles,
,San Francisco,California,US,"37.7309,-122.3886","AS14061 DigitalOcean, LLC",94124,America/Los_Angeles,
,San Francisco,California,US,"37.7309,-122.3886","AS14061 DigitalOcean, LLC",94124,America/Los_Angeles,
,San Francisco,California,US,"37.7309,-122.3886","AS14061 DigitalOcean, LLC",94124,America/Los_Angeles,
,San Francisco,California,US,"37.7309,-122.3886","AS14061 DigitalOcean, LLC",94124,America/Los_Angeles,
,San Francisco,California,US,"37.7309,-122.3886","AS14061 DigitalOcean, LLC",94124,America/Los_Angeles,
,San Francisco,California,US,"37.7309,-122.3886","AS14061 DigitalOcean, LLC",94124,America/Los_Angeles,
,San Francisco,California,US,"37.7309,-122.3886","AS14061 DigitalOcean, LLC",94124,America/Los_Angeles,
,San Francisco,California,US,"37.7309,-122.3886","AS14061 DigitalOcean, LLC",94124,America/Los_Angeles,
,San Francisco,California,US,"37.7309,-122.3886","AS14061 DigitalOcean, LLC",94124,America/Los_Angeles,
,San Francisco,California,US,"37.7309,-122.3886","AS14061 DigitalOcean, LLC",94124,America/Los_Angeles,
,San Francisco,California,US,"37.7309,-122.3886","AS14061 DigitalOcean, LLC",94124,America/Los_Angeles,
,San Francisco,California,US,"37.7309,-122.3886","AS14061 DigitalOcean, LLC",94124,America/Los_Angeles,
,San Francisco,California,US,"37.7309,-122.3886","AS14061 DigitalOcean, LLC",94124,America/Los_Angeles,
,San Francisco,California,US,"37.7309,-122.3886","AS14061 DigitalOcean, LLC",94124,America/Los_Angeles,
,San Francisco,California,US,"37.7309,-122.3886","AS14061 DigitalOcean, LLC",94124,America/Los_Angeles,
,San Francisco,California,US,"37.7309,-122.3886","AS14061 DigitalOcean, LLC",94124,America/Los_Angeles,
,San Francisco,California,US,"37.7309,-122.3886","AS14061 DigitalOcean, LLC",94124,America/Los_Angeles,
,San Francisco,California,US,"37.7309,-122.3886","AS14061 DigitalOcean, LLC",94124,America/Los_Angeles,
,San Francisco,California,US,"37.7309,-122.3886","AS14061 DigitalOcean, LLC",94124,America/Los_Angeles,
,San Francisco,California,US,"37.7309,-122.3886","AS14061 DigitalOcean, LLC",94124,America/Los_Angeles,
,San Francisco,California,US,"37.7309,-122.3886","AS14061 DigitalOcean, LLC",94124,America/Los_Angeles,
,San Francisco,California,US,"37.7309,-122.3886","AS14061 DigitalOcean, LLC",94124,America/Los_Angeles,
,San Francisco,California,US,"37.7309,-122.3886","AS14061 DigitalOcean, LLC",94124,America/Los_Angeles,
,San Francisco,California,US,"37.7309,-122.3886","AS14061 DigitalOcean, LLC",94124,America/Los_Angeles,
,San Francisco,California,US,"37.7309,-122.3886","AS14061 DigitalOcean, LLC",94124,America/Los_Angeles,
,San Francisco,California,US,"37.7309,-122.3886","AS14061 DigitalOcean, LLC",94124,America/Los_Angeles,
,San Francisco,California,US,"37.7309,-122.3886","AS14061 DigitalOcean, LLC",94124,America/Los_Angeles,
,San Francisco,California,US,"37.7309,-122.3886","AS14061 DigitalOcean, LLC",94124,America/Los_Angeles,
,San Francisco,California,US,"37.7309,-122.3886","AS14061 DigitalOcean, LLC",94124,America/Los_Angeles,
,San Francisco,California,US,"37.7309,-122.3886","AS14061 DigitalOcean, LLC",94124,America/Los_Angeles,
,San Francisco,California,US,"37.7309,-122.3886","AS14061 DigitalOcean, LLC",94124,America/Los_Angeles,
,San Francisco,California,US,"37.7309,-122.3886","AS14061 DigitalOcean, LLC",94124,America/Los_Angeles,
,San Francisco,California,US,"37.7309,-122.3886","AS14061 DigitalOcean, LLC",94124,America/Los_Angeles,
,San Francisco,California,US,"37.7309,-122.3886","AS14061 DigitalOcean, LLC",94124,America/Los_Angeles,
,San Francisco,California,US,"37.7309,-122.3886","AS14061 DigitalOcean, LLC",94124,America/Los_Angeles,
,San Francisco,California,US,"37.7309,-122.3886","AS14061 DigitalOcean, LLC",94124,America/Los_Angeles,
,San Francisco,California,US,"37.7309,-122.3886","AS14061 DigitalOcean, LLC",94124,America/Los_Angeles,
,San Francisco,California,US,"37.7309,-122.3886","AS14061 DigitalOcean, LLC",94124,America/Los_Angeles,
,San Francisco,California,US,"37.7309,-122.3886","AS14061 DigitalOcean, LLC",94124,America/Los_Angeles,
,San Francisco,California,US,"37.7309,-122.3886","AS14061 DigitalOcean, LLC",94124,America/Los_Angeles,
,San Francisco,California,US,"37.7309,-122.3886","AS14061 DigitalOcean, LLC",94124,America/Los_Angeles,
,San Francisco,California,US,"37.7309,-122.3886","AS14061 DigitalOcean, LLC",94124,America/Los_Angeles,
,San Francisco,California,US,"37.7309,-122.3886","AS14061 DigitalOcean, LLC",94124,America/Los_Angeles,
,San Francisco,California,US,"37.7309,-122.3886","AS14061 DigitalOcean, LLC",94124,America/Los_Angeles,
,San Francisco,California,US,"37.7309,-122.3886","AS14061 DigitalOcean, LLC",94124,America/Los_Angeles,
,San Francisco,California,US,"37.7309,-122.3886","AS14061 DigitalOcean, LLC",94124,America/Los_Angeles,
,San Francisco,California,US,"37.7309,-122.3886","AS14061 DigitalOcean, LLC",94124,America/Los_Angeles,
,San Francisco,California,US,"37.7309,-122.3886","AS14061 DigitalOcean, LLC",94124,America/Los_Angeles,
,San Francisco,California,US,"37.7309,-122.3886","AS14061 DigitalOcean, LLC",94124,America/Los_Angeles,
,San Francisco,California,US,"37.7309,-122.3886","AS14061 DigitalOcean, LLC",94124,America/Los_Angeles,
,San Francisco,California,US,"37.7309,-122.3886","AS14061 DigitalOcean, LLC",94124,America/Los_Angeles,
,San Francisco,California,US,"37.7309,-122.3886","AS14061 DigitalOcean, LLC",94124,America/Los_Angeles,
,San Francisco,California,US,"37.7309,-122.3886","AS14061 DigitalOcean, LLC",94124,America/Los_Angeles,
,San Francisco,California,US,"37.7309,-122.3886","AS14061 DigitalOcean, LLC",94124,America/Los_Angeles,
,San Francisco,California,US,"37.7309,-122.3886","AS14061 DigitalOcean, LLC",94124,America/Los_Angeles,
,San Francisco,California,US,"37.7309,-122.3886","AS14061 DigitalOcean, LLC",94124,America/Los_Angeles,
,San Francisco,California,US,"37.7309,-122.3886","AS14061 DigitalOcean, LLC",94124,America/Los_Angeles,
,San Francisco,California,US,"37.7309,-122.3886","AS14061 DigitalOcean, LLC",94124,America/Los_Angeles,
,San Francisco,California,US,"37.7309,-122.3886","AS14061 DigitalOcean, LLC",94124,America/Los_Angeles,
,San Francisco,California,US,"37.7309,-122.3886","AS14061 DigitalOcean, LLC",94124,America/Los_Angeles,
,San Francisco,California,US,"37.7309,-122.3886","AS14061 DigitalOcean, LLC",94124,America/Los_Angeles,
,San Francisco,California,US,"37.7309,-122.3886","AS14061 DigitalOcean, LLC",94124,America/Los_Angeles,
,San Francisco,California,US,"37.7309,-122.3886","AS14061 DigitalOcean, LLC",94124,America/Los_Angeles,
,San Francisco,California,US,"37.7309,-122.3886","AS14061 DigitalOcean, LLC",94124,America/Los_Angeles,
,San Francisco,California,US,"37.7309,-122.3886","AS14061 DigitalOcean, LLC",94124,America/Los_Angeles,
,San Francisco,California,US,"37.7309,-122.3886","AS14061 DigitalOcean, LLC",94124,America/Los_Angeles,
,San Francisco,California,US,"37.7309,-122.3886","AS14061 DigitalOcean, LLC",94124,America/Los_Angeles,
,San Francisco,California,US,"37.7309,-122.3886","AS14061 DigitalOcean, LLC",94124,America/Los_Angeles,
,San Francisco,California,US,"37.7309,-122.3886","AS14061 DigitalOcean, LLC",94124,America/Los_Angeles,
,San Francisco,California,US,"37.7309,-122.3886","AS14061 DigitalOcean, LLC",94124,America/Los_Angeles,
,San Francisco,California,US,"37.7309,-122.3886","AS14061 DigitalOcean, LLC",94124,America/Los_Angeles,
,San Francisco,California,US,"37.7309,-122.3886","AS14061 DigitalOcean, LLC",94124,America/Los_Angeles,
,San Francisco,California,US,"37.7309,-122.3886","AS14061 DigitalOcean, LLC",94124,America/Los_Angeles,
,San Francisco,California,US,"37.7309,-122.3886","AS14061 DigitalOcean, LLC",94124,America/Los_Angeles,
,San Francisco,California,US,"37.7309,-122.3886","AS14061 DigitalOcean, LLC",94124,America/Los_Angeles,
,San Francisco,California,US,"37.7309,-122.3886","AS14061 DigitalOcean, LLC",94124,America/Los_Angeles,
,San Francisco,California,US,"37.7749,-122.4194","AS20057 AT&T Enterprises, LLC",94102,America/Los_Angeles,
,San Francisco,California,US,"37.7309,-122.3886","AS14061 DigitalOcean, LLC",94124,America/Los_Angeles,
,San Francisco,California,US,"37.7309,-122.3886","AS14061 DigitalOcean, LLC",94124,America/Los_Angeles,
,San Francisco,California,US,"37.7309,-122.3886","AS14061 DigitalOcean, LLC",94124,America/Los_Angeles,
,San Francisco,California,US,"37.7309,-122.3886","AS14061 DigitalOcean, LLC",94124,America/Los_Angeles,
,Clarksville,Tennessee,US,"36.5298,-87.3594",AS13649 Flexential Colorado Corp.,37044,America/Chicago,
,Robbinsville,North Carolina,US,"35.3229,-83.8074","AS26801 Zito Media, L.P.",28771,America/New_York,
c-73-138-64-229.hsd1.fl.comcast.net,Hollywood,Florida,US,"26.0112,-80.1495","AS7922 Comcast Cable Communications, LLC",33020,America/New_York,
,Ozona,Texas,US,"30.7102,-101.2007",AS701 Verizon Business,76943,America/Chicago,
syn-047-044-040-236.biz.spectrum.com,Thomaston,Georgia,US,"32.8882,-84.3266",AS20115 Charter Communications LLC,30286,America/New_York,
,San Juan,San Juan,PR,"18.4663,-66.1057",AS14638 Liberty Communications of Puerto Rico LLC,00901,America/Puerto_Rico,
107-190-62-25.cpe.teksavvy.com,Windsor,Ontario,CA,"42.3001,-83.0165","AS5645 TekSavvy Solutions, Inc.",N8X,America/Toronto,
,Port Louis,Port Louis,MU,"-20.1619,57.4989",,,Indian/Mauritius,
107-130-61-69.lightspeed.chrlnc.sbcglobal.net,Charlotte,North Carolina,US,"35.2271,-80.8431","AS7018 AT&T Enterprises, LLC",28202,America/New_York,
vpn.jea.net,Atlanta,Georgia,US,"33.7490,-84.3880","AS3356 Level 3 Parent, LLC",30302,America/New_York,
string-2.cozlnrns.com,Dallas,Texas,US,"32.7831,-96.8067",AS55045 TekTonic,75201,America/Chicago,
syn-070-095-090-229.res.spectrum.com,San Diego,California,US,"32.9555,-117.2252",AS20001 Charter Communications Inc,92130,America/Los_Angeles,
host.mefa.org,Fort Worth,Texas,US,"32.7254,-97.3208",AS701 Verizon Business,76104,America/Chicago,
syn-076-085-031-255.res.spectrum.com,Mission,Texas,US,"26.2159,-98.3253",AS11427 Charter Communications Inc,78572,America/Chicago,
hwsrv-1094589.hostwindsdns.com,Dallas,Texas,US,"32.7831,-96.8067",AS54290 Hostwinds LLC.,75201,America/Chicago,
,Nassau,New Providence,BS,"25.0582,-77.3431",AS15146 Cable Bahamas,,America/Nassau,
ool-435452f2.dyn.optonline.net,New York City,New York,US,"40.7143,-74.0060",AS6128 Cablevision Systems Corp.,10001,America/New_York,
,Chicago,Illinois,US,"41.8500,-87.6500",AS174 Cogent Communications,60666,America/Chicago,
,Washington,District of Columbia,US,"38.9014,-77.0504",AS174 Cogent Communications,20037,America/New_York,
,Chicago,Illinois,US,"41.8500,-87.6500",AS174 Cogent Communications,60666,America/Chicago,
,Washington,District of Columbia,US,"38.9014,-77.0504",AS174 Cogent Communications,20037,America/New_York,
,Chicago,Illinois,US,"41.8500,-87.6500",AS174 Cogent Communications,60666,America/Chicago,
,Chicago,Illinois,US,"41.8500,-87.6500",AS174 Cogent Communications,60666,America/Chicago,
,Chicago,Illinois,US,"41.8500,-87.6500",AS174 Cogent Communications,60666,America/Chicago,
,Washington,District of Columbia,US,"38.9014,-77.0504",AS174 Cogent Communications,20037,America/New_York,
,Washington,District of Columbia,US,"38.9014,-77.0504",AS174 Cogent Communications,20037,America/New_York,
,Atlanta,Georgia,US,"33.7490,-84.3880",AS174 Cogent Communications,30302,America/New_York,
,Washington,District of Columbia,US,"38.9014,-77.0504",AS174 Cogent Communications,20037,America/New_York,
,Ken Caryl,Colorado,US,"39.5758,-105.1122","AS7922 Comcast Cable Communications, LLC",80127,America/Denver,
syn-074-128-217-184.res.spectrum.com,Mansfield,Ohio,US,"40.7627,-82.5593",AS10796 Charter Communications Inc,44906,America/New_York,
ool-457bc81c.dyn.optonline.net,Norwalk,Connecticut,US,"41.1176,-73.4079",AS6128 Cablevision Systems Corp.,06851,America/New_York,
,Chicago,Illinois,US,"41.8500,-87.6500",AS174 Cogent Communications,60666,America/Chicago,
,Chicago,Illinois,US,"41.8500,-87.6500",AS174 Cogent Communications,60666,America/Chicago,
,Chicago,Illinois,US,"41.8500,-87.6500",AS174 Cogent Communications,60666,America/Chicago,
,Washington,District of Columbia,US,"38.9014,-77.0504",AS174 Cogent Communications,20037,America/New_York,
,Washington,District of Columbia,US,"38.9014,-77.0504",AS174 Cogent Communications,20037,America/New_York,
,Chicago,Illinois,US,"41.8500,-87.6500",AS174 Cogent Communications,60666,America/Chicago,
,Washington,District of Columbia,US,"38.9014,-77.0504",AS174 Cogent Communications,20037,America/New_York,
,Washington,District of Columbia,US,"38.9014,-77.0504",AS174 Cogent Communications,20037,America/New_York,
,Washington,District of Columbia,US,"38.9014,-77.0504",AS174 Cogent Communications,20037,America/New_York,
,Chicago,Illinois,US,"41.8500,-87.6500",AS174 Cogent Communications,60666,America/Chicago,
,Atlanta,Georgia,US,"33.7490,-84.3880",AS174 Cogent Communications,30302,America/New_York,
,Washington,District of Columbia,US,"38.9014,-77.0504",AS174 Cogent Communications,20037,America/New_York,
,Washington,District of Columbia,US,"38.9014,-77.0504",AS174 Cogent Communications,20037,America/New_York,
,Washington,District of Columbia,US,"38.9014,-77.0504",AS174 Cogent Communications,20037,America/New_York,
,Washington,District of Columbia,US,"38.9014,-77.0504",AS174 Cogent Communications,20037,America/New_York,
,Washington,District of Columbia,US,"38.9014,-77.0504",AS174 Cogent Communications,20037,America/New_York,
,Washington,District of Columbia,US,"38.9014,-77.0504",AS174 Cogent Communications,20037,America/New_York,
,Washington,District of Columbia,US,"38.9014,-77.0504",AS174 Cogent Communications,20037,America/New_York,
,Dowagiac,Michigan,US,"41.9842,-86.1086",AS12094 Sister Lakes Cable,49047,America/Detroit,
,Washington,District of Columbia,US,"38.9014,-77.0504",AS174 Cogent Communications,20037,America/New_York,
,Washington,District of Columbia,US,"38.9014,-77.0504",AS174 Cogent Communications,20037,America/New_York,
,Chicago,Illinois,US,"41.8500,-87.6500",AS174 Cogent Communications,60666,America/Chicago,
,Washington,District of Columbia,US,"38.9014,-77.0504",AS174 Cogent Communications,20037,America/New_York,
,Chicago,Illinois,US,"41.8500,-87.6500",AS174 Cogent Communications,60666,America/Chicago,
,Cape Coral,Florida,US,"26.5629,-81.9495","AS7922 Comcast Cable Communications, LLC",33910,America/New_York,
ec2-54-221-99-100.compute-1.amazonaws.com,Ashburn,Virginia,US,"39.0437,-77.4875","AS14618 Amazon.com, Inc.",20147,America/New_York,
,Chicago,Illinois,US,"41.8500,-87.6500",AS174 Cogent Communications,60666,America/Chicago,
,Washington,District of Columbia,US,"38.9014,-77.0504",AS174 Cogent Communications,20037,America/New_York,
,Washington,District of Columbia,US,"38.9014,-77.0504",AS174 Cogent Communications,20037,America/New_York,
,Washington,District of Columbia,US,"38.9014,-77.0504",AS174 Cogent Communications,20037,America/New_York,
,Tulsa,Oklahoma,US,"36.1540,-95.9928",AS22747 TulsaConnect,74102,America/Chicago,
,New York City,New York,US,"40.7143,-74.0060",AS174 Cogent Communications,10001,America/New_York,
,Washington,District of Columbia,US,"38.9014,-77.0504",AS174 Cogent Communications,20037,America/New_York,
,Homestead,Florida,US,"25.4687,-80.4776","AS7922 Comcast Cable Communications, LLC",33030,America/New_York,
,Amsterdam,North Holland,NL,"52.3740,4.8897",AS213371 SQUITTER NETWORKS,1012,Europe/Amsterdam,
,Chicago,Illinois,US,"41.8500,-87.6500",AS174 Cogent Communications,60666,America/Chicago,
,Washington,District of Columbia,US,"38.9014,-77.0504",AS174 Cogent Communications,20037,America/New_York,
pool-173-70-188-37.nwrknj.fios.verizon.net,Jersey City,New Jersey,US,"40.7282,-74.0776",AS701 Verizon Business,07097,America/New_York,
syn-066-214-089-213.res.spectrum.com,Big Bear City,California,US,"34.2611,-116.8450",AS20115 Charter Communications LLC,92314,America/Los_Angeles,
23.252.194.221.hwccustomers.com,Atlanta,Georgia,US,"33.7490,-84.3880",AS23089 Hotwire Communications,30302,America/New_York,
,Montrose,Colorado,US,"38.4783,-107.8762",AS30436 Elite Broadband LLC,81401,America/Denver,
,Washington,District of Columbia,US,"38.9014,-77.0504",AS174 Cogent Communications,20037,America/New_York,
,Bellevue,Washington,US,"47.5614,-122.1552","AS21928 T-Mobile USA, Inc.",98006,America/Los_Angeles,
,Washington,District of Columbia,US,"38.9014,-77.0504",AS174 Cogent Communications,20037,America/New_York,
,Chicago,Illinois,US,"41.8500,-87.6500",AS174 Cogent Communications,60666,America/Chicago,
,Gibbsboro,New Jersey,US,"39.8382,-74.9649","AS7922 Comcast Cable Communications, LLC",08026,America/New_York,
,Washington,District of Columbia,US,"38.9014,-77.0504",AS174 Cogent Communications,20037,America/New_York,
,Washington,District of Columbia,US,"38.9014,-77.0504",AS174 Cogent Communications,20037,America/New_York,
host-76-11-0-114.public.eastlink.ca,Charlottetown,Prince Edward Island,CA,"46.2346,-63.1256",AS11260 EastLink,C1C,America/Halifax,
ool-2f150f96.static.optonline.net,Riverhead,New York,US,"40.9170,-72.6620",AS6128 Cablevision Systems Corp.,11901,America/New_York,
syn-071-011-238-050.biz.spectrum.com,Fort Worth,Texas,US,"32.7254,-97.3208",AS20115 Charter Communications LLC,76104,America/Chicago,
66-186-182-234.static.firstlight.net,West Paris,Maine,US,"44.3242,-70.5739","AS21547 FirstLight Fiber, Inc.",04289,America/New_York,
,Miami,Florida,US,"25.7743,-80.1937","AS7922 Comcast Cable Communications, LLC",33101,America/New_York,
c-73-57-0-208.hsd1.fl.comcast.net,Hialeah,Florida,US,"25.8576,-80.2781","AS7922 Comcast Cable Communications, LLC",33002,America/New_York,
c-73-245-180-117.hsd1.fl.comcast.net,Miami,Florida,US,"25.7743,-80.1937","AS7922 Comcast Cable Communications, LLC",33101,America/New_York,
ip-104-219-232-114.host.datawagon.net,Buffalo,New York,US,"42.8865,-78.8784",AS27176 DataWagon LLC,14202,America/New_York,
,Chicago,Illinois,US,"41.8500,-87.6500","AS7922 Comcast Cable Communications, LLC",60666,America/Chicago,
,Los Angeles,California,US,"34.0522,-118.2437",AS21859 Zenlayer Inc,90009,America/Los_Angeles,
syn-071-011-083-076.biz.spectrum.com,Asheville,North Carolina,US,"35.5393,-82.5180",AS20115 Charter Communications LLC,28803,America/New_York,
,Los Angeles,California,US,"34.0522,-118.2437",AS21859 Zenlayer Inc,90009,America/Los_Angeles,
,Kingston,Kingston,JM,"17.9970,-76.7936",AS30689 FLOW,,America/Jamaica,
adsl-76-255-198-189.dsl.lsan03.sbcglobal.net,Richardson,Texas,US,"32.9462,-96.7058","AS7018 AT&T Enterprises, LLC",75081,America/Chicago,
24-220-73-91-static.midco.net,Wahpeton,North Dakota,US,"46.2652,-96.6059",AS11232 Midcontinent Communications,58074,America/Chicago,
syn-071-011-206-122.biz.spectrum.com,Rockwall,Texas,US,"32.9312,-96.4597",AS20115 Charter Communications LLC,75087,America/Chicago,
50-56-219-174.static.cloud-ips.com,Dallas,Texas,US,"32.7831,-96.8067",AS33070 Rackspace Hosting,75201,America/Chicago,
syn-172-100-036-175.res.spectrum.com,Buffalo,New York,US,"42.9414,-78.8374",AS11351 Charter Communications Inc,14214,America/New_York,
ool-43529b38.dyn.optonline.net,Mamaroneck,New York,US,"40.9487,-73.7326",AS6128 Cablevision Systems Corp.,10543,America/New_York,
,San Diego,California,US,"32.7157,-117.1647","AS10439 CariNet, Inc.",92101,America/Los_Angeles,
173-224-192-254.nktelco.net,Sidney,Ohio,US,"40.2842,-84.1555",AS31841 NEW KNOXVILLE TELEPHONE COMPANY,45365,America/New_York,
ec2-54-183-136-71.us-west-1.compute.amazonaws.com,San Jose,California,US,"37.3394,-121.8950","AS16509 Amazon.com, Inc.",95025,America/Los_Angeles,
mail.advertiseforcrypto.com,Frankfurt am Main,Hesse,DE,"50.1155,8.6842",AS51167 Contabo GmbH,60306,Europe/Berlin,
,North Bergen,New Jersey,US,"40.8043,-74.0121","AS14061 DigitalOcean, LLC",07047,America/New_York,
sydnns0115w-47-54-154-41.dhcp-dynamic.fibreop.ns.bellaliant.net,Sydney,Nova Scotia,CA,"46.1351,-60.1831",AS855 Bell Canada,B1P,America/Glace_Bay,
,Toronto,Ontario,CA,"43.7064,-79.3986","AS14061 DigitalOcean, LLC",M5A,America/Toronto,
,Toronto,Ontario,CA,"43.7064,-79.3986","AS14061 DigitalOcean, LLC",M5A,America/Toronto,
ool-18bb160c.dyn.optonline.net,Sayreville,New Jersey,US,"40.4593,-74.3610",AS6128 Cablevision Systems Corp.,08872,America/New_York,
survey.internet-census.org,Amsterdam,North Holland,NL,"52.3740,4.8897",AS21859 Zenlayer Inc,1012,Europe/Amsterdam,
syn-098-150-137-001.res.spectrum.com,‘Ewa Beach,Hawaii,US,"21.3274,-158.0103",AS20001 Charter Communications Inc,96706,Pacific/Honolulu,
syn-142-197-123-158.res.spectrum.com,Winter Park,Florida,US,"28.5974,-81.3036","AS33363 Charter Communications, Inc",32792,America/New_York,
internettl.org,Chicago,Illinois,US,"41.8500,-87.6500",AS14987 Rethem Hosting LLC,60666,America/Chicago,
syn-068-184-086-023.res.spectrum.com,Buford,Georgia,US,"34.1207,-84.0044",AS20115 Charter Communications LLC,30518,America/New_York,
c-98-226-6-208.hsd1.in.comcast.net,South Bend,Indiana,US,"41.6834,-86.2500","AS7922 Comcast Cable Communications, LLC",46626,America/Indiana/Indianapolis,
70-91-60-25-pa.panjde.hfc.comcastbusiness.net,Philadelphia,Pennsylvania,US,"39.9524,-75.1636","AS7922 Comcast Cable Communications, LLC",19099,America/New_York,
,Oakland,California,US,"37.8044,-122.2708","AS7922 Comcast Cable Communications, LLC",94604,America/Los_Angeles,
135-23-101-30.cpe.pppoe.ca,Toronto,Ontario,CA,"43.7064,-79.3986","AS5645 TekSavvy Solutions, Inc.",M5A,America/Toronto,
ec2-54-201-133-143.us-west-2.compute.amazonaws.com,Boardman,Oregon,US,"45.8399,-119.7006","AS16509 Amazon.com, Inc.",97818,America/Los_Angeles,
,Eugene,Oregon,US,"44.0521,-123.0867","AS7922 Comcast Cable Communications, LLC",97440,America/Los_Angeles,
,Los Angeles,California,US,"34.0522,-118.2437",AS21859 Zenlayer Inc,90009,America/Los_Angeles,
,Los Angeles,California,US,"34.0522,-118.2437",AS21859 Zenlayer Inc,90009,America/Los_Angeles,
,Los Angeles,California,US,"34.0522,-118.2437",AS21859 Zenlayer Inc,90009,America/Los_Angeles,
,Los Angeles,California,US,"34.0522,-118.2437",AS21859 Zenlayer Inc,90009,America/Los_Angeles,
,Los Angeles,California,US,"34.0522,-118.2437",AS21859 Zenlayer Inc,90009,America/Los_Angeles,
,Los Angeles,California,US,"34.0522,-118.2437",AS21859 Zenlayer Inc,90009,America/Los_Angeles,
,Los Angeles,California,US,"34.0522,-118.2437",AS21859 Zenlayer Inc,90009,America/Los_Angeles,
,Los Angeles,California,US,"34.0522,-118.2437",AS21859 Zenlayer Inc,90009,America/Los_Angeles,
,Lower Sackville,Nova Scotia,CA,"44.7760,-63.6786",AS53913 City Wide Communications Inc.,B4C,America/Halifax,
ool-18bd7d1e.dyn.optonline.net,Levittown,New York,US,"40.7259,-73.5143",AS6128 Cablevision Systems Corp.,11756,America/New_York,
c-71-237-17-75.hsd1.co.comcast.net,Highlands Ranch,Colorado,US,"39.5539,-104.9694","AS7922 Comcast Cable Communications, LLC",80126,America/Denver,
,Villas,Florida,US,"26.5504,-81.8687",AS23089 Hotwire Communications,33907,America/New_York,
,Los Angeles,California,US,"34.0522,-118.2437",AS21859 Zenlayer Inc,90009,America/Los_Angeles,
host-76-11-0-178.public.eastlink.ca,Charlottetown,Prince Edward Island,CA,"46.2346,-63.1256",AS11260 EastLink,C1C,America/Halifax,
syn-071-084-242-190.res.spectrum.com,Riverside,California,US,"33.9315,-117.4119",AS20115 Charter Communications LLC,92504,America/Los_Angeles,
23-94-184-79-host.colocrossing.com,Buffalo,New York,US,"42.8865,-78.8784",AS36352 HostPapa,14202,America/New_York,
host-24-222-127-201.public.eastlink.ca,Halifax,Nova Scotia,CA,"44.6427,-63.5769",AS11260 EastLink,B3J,America/Halifax,
union.lrei.org,Clifton,New Jersey,US,"40.8344,-74.1377","AS14061 DigitalOcean, LLC",07014,America/New_York,
bras-vprn-toroon4828w-lp130-03-76-68-126-199.dsl.bell.ca,Willowdale,Ontario,CA,"43.7667,-79.3991",AS577 Bell Canada,M2N,America/Toronto,
,Los Angeles,California,US,"34.0522,-118.2437",AS21859 Zenlayer Inc,90009,America/Los_Angeles,
,Los Angeles,California,US,"34.0522,-118.2437",AS21859 Zenlayer Inc,90009,America/Los_Angeles,
,Tuskegee,Alabama,US,"32.4241,-85.6910","AS6389 AT&T Enterprises, LLC",36083,America/Chicago,
syn-071-011-196-029.res.spectrum.com,Cleburne,Texas,US,"32.3476,-97.3867",AS20115 Charter Communications LLC,76033,America/Chicago,
,Los Angeles,California,US,"34.0522,-118.2437",AS21859 Zenlayer Inc,90009,America/Los_Angeles,
,Los Angeles,California,US,"34.0522,-118.2437",AS21859 Zenlayer Inc,90009,America/Los_Angeles,
,Toronto,Ontario,CA,"43.7064,-79.3986",AS174 Cogent Communications,M5A,America/Toronto,
syn-204-210-232-013.res.spectrum.com,Port Clinton,Ohio,US,"41.5120,-82.9377",AS10796 Charter Communications Inc,43452,America/New_York,
syn-075-132-106-144.res.spectrum.com,Belleville,Illinois,US,"38.5352,-90.0006",AS20115 Charter Communications LLC,62226,America/Chicago,
nov.19-21.2015.is.fossetcon.org,Jacksonville,Florida,US,"30.2407,-81.6170","AS19844 SBA Edge, LLC",32217,America/New_York,
,Houston,Texas,US,"29.7633,-95.3633","AS7922 Comcast Cable Communications, LLC",77002,America/Chicago,
,San Francisco,California,US,"37.7309,-122.3886","AS14061 DigitalOcean, LLC",94124,America/Los_Angeles,
,San Francisco,California,US,"37.7309,-122.3886","AS14061 DigitalOcean, LLC",94124,America/Los_Angeles,
,San Francisco,California,US,"37.7309,-122.3886","AS14061 DigitalOcean, LLC",94124,America/Los_Angeles,
,San Francisco,California,US,"37.7309,-122.3886","AS14061 DigitalOcean, LLC",94124,America/Los_Angeles,
,San Francisco,California,US,"37.7309,-122.3886","AS14061 DigitalOcean, LLC",94124,America/Los_Angeles,
,San Francisco,California,US,"37.7309,-122.3886","AS14061 DigitalOcean, LLC",94124,America/Los_Angeles,
,San Francisco,California,US,"37.7309,-122.3886","AS14061 DigitalOcean, LLC",94124,America/Los_Angeles,
,San Francisco,California,US,"37.7309,-122.3886","AS14061 DigitalOcean, LLC",94124,America/Los_Angeles,
,San Francisco,California,US,"37.7309,-122.3886","AS14061 DigitalOcean, LLC",94124,America/Los_Angeles,
,San Francisco,California,US,"37.7309,-122.3886","AS14061 DigitalOcean, LLC",94124,America/Los_Angeles,
,San Francisco,California,US,"37.7309,-122.3886","AS14061 DigitalOcean, LLC",94124,America/Los_Angeles,
,San Francisco,California,US,"37.7309,-122.3886","AS14061 DigitalOcean, LLC",94124,America/Los_Angeles,
,San Francisco,California,US,"37.7309,-122.3886","AS14061 DigitalOcean, LLC",94124,America/Los_Angeles,
,San Francisco,California,US,"37.7309,-122.3886","AS14061 DigitalOcean, LLC",94124,America/Los_Angeles,
,San Francisco,California,US,"37.7309,-122.3886","AS14061 DigitalOcean, LLC",94124,America/Los_Angeles,
,San Francisco,California,US,"37.7309,-122.3886","AS14061 DigitalOcean, LLC",94124,America/Los_Angeles,
,San Francisco,California,US,"37.7309,-122.3886","AS14061 DigitalOcean, LLC",94124,America/Los_Angeles,
static-71-189-93-102.lsanca.fios.frontiernet.net,Ashburn,Virginia,US,"39.0437,-77.4875",,20147,America/New_York,
alitamariedesigns.com,San Francisco,California,US,"37.7309,-122.3886","AS14061 DigitalOcean, LLC",94124,America/Los_Angeles,
,San Francisco,California,US,"37.7309,-122.3886","AS14061 DigitalOcean, LLC",94124,America/Los_Angeles,
,San Francisco,California,US,"37.7309,-122.3886","AS14061 DigitalOcean, LLC",94124,America/Los_Angeles,
,San Francisco,California,US,"37.7309,-122.3886","AS14061 DigitalOcean, LLC",94124,America/Los_Angeles,
,San Francisco,California,US,"37.7309,-122.3886","AS14061 DigitalOcean, LLC",94124,America/Los_Angeles,
,San Francisco,California,US,"37.7309,-122.3886","AS14061 DigitalOcean, LLC",94124,America/Los_Angeles,
,San Francisco,California,US,"37.7309,-122.3886","AS14061 DigitalOcean, LLC",94124,America/Los_Angeles,
,San Francisco,California,US,"37.7309,-122.3886","AS14061 DigitalOcean, LLC",94124,America/Los_Angeles,
,San Francisco,California,US,"37.7309,-122.3886","AS14061 DigitalOcean, LLC",94124,America/Los_Angeles,
,San Francisco,California,US,"37.7309,-122.3886","AS14061 DigitalOcean, LLC",94124,America/Los_Angeles,
,San Francisco,California,US,"37.7309,-122.3886","AS14061 DigitalOcean, LLC",94124,America/Los_Angeles,
,San Francisco,California,US,"37.7309,-122.3886","AS14061 DigitalOcean, LLC",94124,America/Los_Angeles,
,San Francisco,California,US,"37.7309,-122.3886","AS14061 DigitalOcean, LLC",94124,America/Los_Angeles,
,San Francisco,California,US,"37.7309,-122.3886","AS14061 DigitalOcean, LLC",94124,America/Los_Angeles,
,San Francisco,California,US,"37.7309,-122.3886","AS14061 DigitalOcean, LLC",94124,America/Los_Angeles,
,San Francisco,California,US,"37.7309,-122.3886","AS14061 DigitalOcean, LLC",94124,America/Los_Angeles,
,San Francisco,California,US,"37.7309,-122.3886","AS14061 DigitalOcean, LLC",94124,America/Los_Angeles,
,San Francisco,California,US,"37.7309,-122.3886","AS14061 DigitalOcean, LLC",94124,America/Los_Angeles,
,San Francisco,California,US,"37.7309,-122.3886","AS14061 DigitalOcean, LLC",94124,America/Los_Angeles,
,San Francisco,California,US,"37.7309,-122.3886","AS14061 DigitalOcean, LLC",94124,America/Los_Angeles,
,San Francisco,California,US,"37.7309,-122.3886","AS14061 DigitalOcean, LLC",94124,America/Los_Angeles,
,San Francisco,California,US,"37.7309,-122.3886","AS14061 DigitalOcean, LLC",94124,America/Los_Angeles,
,San Francisco,California,US,"37.7309,-122.3886","AS14061 DigitalOcean, LLC",94124,America/Los_Angeles,
,San Francisco,California,US,"37.7309,-122.3886","AS14061 DigitalOcean, LLC",94124,America/Los_Angeles,
,San Francisco,California,US,"37.7309,-122.3886","AS14061 DigitalOcean, LLC",94124,America/Los_Angeles,
,San Francisco,California,US,"37.7309,-122.3886","AS14061 DigitalOcean, LLC",94124,America/Los_Angeles,
,San Francisco,California,US,"37.7309,-122.3886","AS14061 DigitalOcean, LLC",94124,America/Los_Angeles,
,San Francisco,California,US,"37.7309,-122.3886","AS14061 DigitalOcean, LLC",94124,America/Los_Angeles,
,San Francisco,California,US,"37.7309,-122.3886","AS14061 DigitalOcean, LLC",94124,America/Los_Angeles,
,San Francisco,California,US,"37.7309,-122.3886","AS14061 DigitalOcean, LLC",94124,America/Los_Angeles,
,San Francisco,California,US,"37.7309,-122.3886","AS14061 DigitalOcean, LLC",94124,America/Los_Angeles,
,San Francisco,California,US,"37.7309,-122.3886","AS14061 DigitalOcean, LLC",94124,America/Los_Angeles,
,San Francisco,California,US,"37.7309,-122.3886","AS14061 DigitalOcean, LLC",94124,America/Los_Angeles,
,San Francisco,California,US,"37.7309,-122.3886","AS14061 DigitalOcean, LLC",94124,America/Los_Angeles,
,San Francisco,California,US,"37.7309,-122.3886","AS14061 DigitalOcean, LLC",94124,America/Los_Angeles,
,San Francisco,California,US,"37.7309,-122.3886","AS14061 DigitalOcean, LLC",94124,America/Los_Angeles,
,San Francisco,California,US,"37.7309,-122.3886","AS14061 DigitalOcean, LLC",94124,America/Los_Angeles,
static-71-249-202-117.nycmny.east.verizon.net,New York City,New York,US,"40.7143,-74.0060",AS701 Verizon Business,10001,America/New_York,
ny-01.grupocg.cl,New York City,New York,US,"40.7143,-74.0060",AS53667 FranTech Solutions,10001,America/New_York,
,San Francisco,California,US,"37.7309,-122.3886","AS14061 DigitalOcean, LLC",94124,America/Los_Angeles,
,Frankfurt am Main,Hesse,DE,"50.1155,8.6842","AS14061 DigitalOcean, LLC",60306,Europe/Berlin,
syn-024-193-148-064.res.spectrum.com,Elmont,New York,US,"40.7090,-73.7401",AS12271 Charter Communications Inc,11429,America/New_York,
,Salt Lake City,Utah,US,"40.7608,-111.8911","AS7922 Comcast Cable Communications, LLC",84101,America/Denver,
47-157-208-5.fdr01.covn.ca.ip.frontiernet.net,West Covina,California,US,"34.0686,-117.9390","AS5650 Frontier Communications of America, Inc.",91790,America/Los_Angeles,
syn-096-058-082-092.res.spectrum.com,Temple Terrace,Florida,US,"28.0353,-82.3893","AS33363 Charter Communications, Inc",33617,America/New_York,
c-73-211-237-46.hsd1.il.comcast.net,Aurora,Illinois,US,"41.7606,-88.3201","AS7922 Comcast Cable Communications, LLC",60507,America/Chicago,
1433140-v102.1140-static.gncsin06.metronetinc.net,Greencastle,Indiana,US,"39.6445,-86.8647",AS30600 Metronet,46135,America/Indiana/Indianapolis,
,Laurens,South Carolina,US,"34.4990,-82.0143","AS19212 Piedmont Rural Telephone Cooperative, Incorporated",29360,America/New_York,
richmond.cable.packetflow.ca,London,Ontario,CA,"42.9834,-81.2330","AS5645 TekSavvy Solutions, Inc.",N6B,America/Toronto,
,Middletown,Ohio,US,"39.5151,-84.3983",AS6167 Verizon Business,45044,America/New_York,
,Port Louis,Port Louis,MU,"-20.1619,57.4989",,,Indian/Mauritius,
,Port Louis,Port Louis,MU,"-20.1619,57.4989",,,Indian/Mauritius,
syn-184-057-223-074.res.spectrum.com,Barbourville,Kentucky,US,"36.8665,-83.8888",AS10796 Charter Communications Inc,40906,America/New_York,
,Irving,Texas,US,"32.8140,-96.9489",AS11215 Logix,75059,America/Chicago,
c-67-165-155-238.hsd1.il.comcast.net,Chicago,Illinois,US,"41.8500,-87.6500","AS7922 Comcast Cable Communications, LLC",60666,America/Chicago,
modemcable112.48-161-184.mc.videotron.ca,Granby,Quebec,CA,"45.4001,-72.7324",AS5769 Videotron Ltee,J2G,America/Toronto,
69-9-215-222-dynamic.midco.net,Saint Joseph,Minnesota,US,"45.5650,-94.3183",AS11232 Midcontinent Communications,56374,America/Chicago,
,Las Vegas,Nevada,US,"36.1750,-115.1372",AS53667 FranTech Solutions,89111,America/Los_Angeles,
31-175-42-72.gci.net,Anchorage,Alaska,US,"61.2181,-149.9003","AS8047 GENERAL COMMUNICATION, INC.",99509,America/Anchorage,
,Seoul,Seoul,KR,"37.5660,126.9784",,03141,Asia/Seoul,
h74.79.133.40.static.ip.windstream.net,Atlanta,Georgia,US,"33.7490,-84.3880",AS7029 Windstream Communications LLC,30302,America/New_York,
,Wardensville,West Virginia,US,"39.0751,-78.5978",AS396982 Google LLC,26851,America/New_York,
,Seattle,Washington,US,"47.6062,-122.3321","AS7018 AT&T Enterprises, LLC",98101,America/Los_Angeles,
www.telnetscanproject.org,Dallas,Texas,US,"32.7831,-96.8067",AS267 Nether.Net,75201,America/Chicago,
www.telnetscanproject.org,Dallas,Texas,US,"32.7831,-96.8067",AS267 Nether.Net,75201,America/Chicago,
www.telnetscanproject.org,Dallas,Texas,US,"32.7831,-96.8067",AS267 Nether.Net,75201,America/Chicago,
,Brighton,Michigan,US,"42.5295,-83.7802","AS7922 Comcast Cable Communications, LLC",48116,America/Detroit,
c-67-190-200-151.hsd1.fl.comcast.net,Jacksonville,Florida,US,"30.3322,-81.6556","AS7922 Comcast Cable Communications, LLC",32202,America/New_York,
www.telnetscanproject.org,Dallas,Texas,US,"32.7831,-96.8067",AS267 Nether.Net,75201,America/Chicago,
linode08.caacbook.com.cn,Fremont,California,US,"37.5483,-121.9886",AS63949 Akamai Connected Cloud,94536,America/Los_Angeles,
,Dallas,Texas,US,"32.7831,-96.8067",AS21859 Zenlayer Inc,75201,America/Chicago,
,Dallas,Texas,US,"32.7831,-96.8067",AS21859 Zenlayer Inc,75201,America/Chicago,
plaintiff228.acieralserific.com,Dallas,Texas,US,"32.7831,-96.8067",AS21859 Zenlayer Inc,75201,America/Chicago,
plaintiff234.acieralserific.com,Dallas,Texas,US,"32.7831,-96.8067",AS21859 Zenlayer Inc,75201,America/Chicago,
plaintiff252.acieralserific.com,Dallas,Texas,US,"32.7831,-96.8067",AS21859 Zenlayer Inc,75201,America/Chicago,
166-70-83-208.utopia.xmission.net,Layton,Utah,US,"41.0602,-111.9711","AS6315 XMission, L.C.",84041,America/Denver,
,Washington,District of Columbia,US,"38.8951,-77.0364",AS6167 Verizon Business,20004,America/New_York,
c-73-136-221-190.hsd1.tx.comcast.net,Houston,Texas,US,"29.7633,-95.3633","AS7922 Comcast Cable Communications, LLC",77002,America/Chicago,
,North Bergen,New Jersey,US,"40.8043,-74.0121","AS14061 DigitalOcean, LLC",07047,America/New_York,
pool-100-38-133-113.nycmny.fios.verizon.net,New York City,New York,US,"40.7143,-74.0060",AS701 Verizon Business,10001,America/New_York,
,Beauharnois,Quebec,CA,"45.3134,-73.8725",AS16276 OVH SAS,J6N,America/Toronto,
oc-129-150-79-54.compute.oraclecloud.com,Phoenix,Arizona,US,"33.4665,-111.9984",AS31898 Oracle Corporation,85008,America/Phoenix,
,North Chicago,Illinois,US,"42.3256,-87.8412","AS7922 Comcast Cable Communications, LLC",60064,America/Chicago,
,Calgary,Alberta,CA,"51.0501,-114.0853",AS852 TELUS Communications Inc.,T3S,America/Edmonton,
,San Francisco,California,US,"37.7309,-122.3886","AS14061 DigitalOcean, LLC",94124,America/Los_Angeles,
,San Francisco,California,US,"37.7309,-122.3886","AS14061 DigitalOcean, LLC",94124,America/Los_Angeles,
,San Francisco,California,US,"37.7309,-122.3886","AS14061 DigitalOcean, LLC",94124,America/Los_Angeles,
,San Francisco,California,US,"37.7309,-122.3886","AS14061 DigitalOcean, LLC",94124,America/Los_Angeles,
,San Francisco,California,US,"37.7309,-122.3886","AS14061 DigitalOcean, LLC",94124,America/Los_Angeles,
,San Francisco,California,US,"37.7309,-122.3886","AS14061 DigitalOcean, LLC",94124,America/Los_Angeles,
,San Francisco,California,US,"37.7309,-122.3886","AS14061 DigitalOcean, LLC",94124,America/Los_Angeles,
,San Francisco,California,US,"37.7309,-122.3886","AS14061 DigitalOcean, LLC",94124,America/Los_Angeles,
,San Francisco,California,US,"37.7309,-122.3886","AS14061 DigitalOcean, LLC",94124,America/Los_Angeles,
,San Francisco,California,US,"37.7309,-122.3886","AS14061 DigitalOcean, LLC",94124,America/Los_Angeles,
,San Francisco,California,US,"37.7309,-122.3886","AS14061 DigitalOcean, LLC",94124,America/Los_Angeles,
,San Francisco,California,US,"37.7309,-122.3886","AS14061 DigitalOcean, LLC",94124,America/Los_Angeles,
,San Francisco,California,US,"37.7309,-122.3886","AS14061 DigitalOcean, LLC",94124,America/Los_Angeles,
,San Francisco,California,US,"37.7309,-122.3886","AS14061 DigitalOcean, LLC",94124,America/Los_Angeles,
,San Francisco,California,US,"37.7309,-122.3886","AS14061 DigitalOcean, LLC",94124,America/Los_Angeles,
,San Francisco,California,US,"37.7309,-122.3886","AS14061 DigitalOcean, LLC",94124,America/Los_Angeles,
,San Francisco,California,US,"37.7309,-122.3886","AS14061 DigitalOcean, LLC",94124,America/Los_Angeles,
,San Francisco,California,US,"37.7309,-122.3886","AS14061 DigitalOcean, LLC",94124,America/Los_Angeles,
,San Francisco,California,US,"37.7309,-122.3886","AS14061 DigitalOcean, LLC",94124,America/Los_Angeles,
,San Francisco,California,US,"37.7309,-122.3886","AS14061 DigitalOcean, LLC",94124,America/Los_Angeles,
,San Francisco,California,US,"37.7309,-122.3886","AS14061 DigitalOcean, LLC",94124,America/Los_Angeles,
,San Francisco,California,US,"37.7309,-122.3886","AS14061 DigitalOcean, LLC",94124,America/Los_Angeles,
,San Francisco,California,US,"37.7309,-122.3886","AS14061 DigitalOcean, LLC",94124,America/Los_Angeles,
,San Francisco,California,US,"37.7309,-122.3886","AS14061 DigitalOcean, LLC",94124,America/Los_Angeles,
,San Francisco,California,US,"37.7309,-122.3886","AS14061 DigitalOcean, LLC",94124,America/Los_Angeles,
,San Francisco,California,US,"37.7309,-122.3886","AS14061 DigitalOcean, LLC",94124,America/Los_Angeles,
,San Francisco,California,US,"37.7309,-122.3886","AS14061 DigitalOcean, LLC",94124,America/Los_Angeles,
,San Francisco,California,US,"37.7309,-122.3886","AS14061 DigitalOcean, LLC",94124,America/Los_Angeles,
,San Francisco,California,US,"37.7309,-122.3886","AS14061 DigitalOcean, LLC",94124,America/Los_Angeles,
,San Francisco,California,US,"37.7309,-122.3886","AS14061 DigitalOcean, LLC",94124,America/Los_Angeles,
,San Francisco,California,US,"37.7309,-122.3886","AS14061 DigitalOcean, LLC",94124,America/Los_Angeles,
,San Francisco,California,US,"37.7309,-122.3886","AS14061 DigitalOcean, LLC",94124,America/Los_Angeles,
,San Francisco,California,US,"37.7309,-122.3886","AS14061 DigitalOcean, LLC",94124,America/Los_Angeles,
,San Francisco,California,US,"37.7309,-122.3886","AS14061 DigitalOcean, LLC",94124,America/Los_Angeles,
,San Francisco,California,US,"37.7309,-122.3886","AS14061 DigitalOcean, LLC",94124,America/Los_Angeles,
,Carolina,Carolina,PR,"18.3808,-65.9574",AS14638 Liberty Communications of Puerto Rico LLC,00983,America/Puerto_Rico,
,San Francisco,California,US,"37.7309,-122.3886","AS14061 DigitalOcean, LLC",94124,America/Los_Angeles,
,San Francisco,California,US,"37.7309,-122.3886","AS14061 DigitalOcean, LLC",94124,America/Los_Angeles,
,San Francisco,California,US,"37.7309,-122.3886","AS14061 DigitalOcean, LLC",94124,America/Los_Angeles,
,San Francisco,California,US,"37.7309,-122.3886","AS14061 DigitalOcean, LLC",94124,America/Los_Angeles,
,San Francisco,California,US,"37.7309,-122.3886","AS14061 DigitalOcean, LLC",94124,America/Los_Angeles,
,San Francisco,California,US,"37.7309,-122.3886","AS14061 DigitalOcean, LLC",94124,America/Los_Angeles,
,San Francisco,California,US,"37.7309,-122.3886","AS14061 DigitalOcean, LLC",94124,America/Los_Angeles,
,San Francisco,California,US,"37.7309,-122.3886","AS14061 DigitalOcean, LLC",94124,America/Los_Angeles,
,San Francisco,California,US,"37.7309,-122.3886","AS14061 DigitalOcean, LLC",94124,America/Los_Angeles,
,San Francisco,California,US,"37.7309,-122.3886","AS14061 DigitalOcean, LLC",94124,America/Los_Angeles,
,San Francisco,California,US,"37.7309,-122.3886","AS14061 DigitalOcean, LLC",94124,America/Los_Angeles,
,San Francisco,California,US,"37.7309,-122.3886","AS14061 DigitalOcean, LLC",94124,America/Los_Angeles,
,San Francisco,California,US,"37.7309,-122.3886","AS14061 DigitalOcean, LLC",94124,America/Los_Angeles,
,San Francisco,California,US,"37.7309,-122.3886","AS14061 DigitalOcean, LLC",94124,America/Los_Angeles,
,San Francisco,California,US,"37.7309,-122.3886","AS14061 DigitalOcean, LLC",94124,America/Los_Angeles,
,San Francisco,California,US,"37.7309,-122.3886","AS14061 DigitalOcean, LLC",94124,America/Los_Angeles,
,San Francisco,California,US,"37.7309,-122.3886","AS14061 DigitalOcean, LLC",94124,America/Los_Angeles,
,San Francisco,California,US,"37.7309,-122.3886","AS14061 DigitalOcean, LLC",94124,America/Los_Angeles,
,San Francisco,California,US,"37.7309,-122.3886","AS14061 DigitalOcean, LLC",94124,America/Los_Angeles,
,San Francisco,California,US,"37.7309,-122.3886","AS14061 DigitalOcean, LLC",94124,America/Los_Angeles,
,San Francisco,California,US,"37.7309,-122.3886","AS14061 DigitalOcean, LLC",94124,America/Los_Angeles,
,San Francisco,California,US,"37.7309,-122.3886","AS14061 DigitalOcean, LLC",94124,America/Los_Angeles,
,San Francisco,California,US,"37.7309,-122.3886","AS14061 DigitalOcean, LLC",94124,America/Los_Angeles,
,San Francisco,California,US,"37.7309,-122.3886","AS14061 DigitalOcean, LLC",94124,America/Los_Angeles,
,San Francisco,California,US,"37.7309,-122.3886","AS14061 DigitalOcean, LLC",94124,America/Los_Angeles,
,San Francisco,California,US,"37.7309,-122.3886","AS14061 DigitalOcean, LLC",94124,America/Los_Angeles,
,San Francisco,California,US,"37.7309,-122.3886","AS14061 DigitalOcean, LLC",94124,America/Los_Angeles,
,San Francisco,California,US,"37.7309,-122.3886","AS14061 DigitalOcean, LLC",94124,America/Los_Angeles,
,San Francisco,California,US,"37.7309,-122.3886","AS14061 DigitalOcean, LLC",94124,America/Los_Angeles,
,San Francisco,California,US,"37.7309,-122.3886","AS14061 DigitalOcean, LLC",94124,America/Los_Angeles,
,San Francisco,California,US,"37.7309,-122.3886","AS14061 DigitalOcean, LLC",94124,America/Los_Angeles,
,San Francisco,California,US,"37.7309,-122.3886","AS14061 DigitalOcean, LLC",94124,America/Los_Angeles,
syn-104-162-138-225.res.spectrum.com,Bellerose Terrace,New York,US,"40.7272,-73.7949",AS12271 Charter Communications Inc,11366,America/New_York,
,San Francisco,California,US,"37.7309,-122.3886","AS14061 DigitalOcean, LLC",94124,America/Los_Angeles,
syn-024-090-190-112.res.spectrum.com,Yonkers,New York,US,"40.7975,-73.9683",AS12271 Charter Communications Inc,10025,America/New_York,
,Ashburn,Virginia,US,"39.0437,-77.4875",AS27357 Rackspace Hosting,20147,America/New_York,
,San Francisco,California,US,"37.7309,-122.3886","AS14061 DigitalOcean, LLC",94124,America/Los_Angeles,
,San Francisco,California,US,"37.7309,-122.3886","AS14061 DigitalOcean, LLC",94124,America/Los_Angeles,
s0106c4509cc8f626.tb.shawcable.net,Thunder Bay,Ontario,CA,"48.3820,-89.2502",AS6327 Shaw Communications Inc.,P7E,America/Toronto,
ool-4355f8c8.dyn.optonline.net,New York City,New York,US,"40.7143,-74.0060",AS6128 Cablevision Systems Corp.,10001,America/New_York,
ip181.ip-144-217-39.net,Vaudreuil-Dorion,Quebec,CA,"45.4001,-74.0325",AS16276 OVH SAS,J7V,America/Toronto,
static-108-36-253-18.phlapa.fios.verizon.net,Philadelphia,Pennsylvania,US,"39.9524,-75.1636",AS701 Verizon Business,19099,America/New_York,
,Markham,Ontario,CA,"43.8668,-79.2663",AS6407 Primus Telecommunications Canada Inc.,L3P,America/Toronto,
s0106400fc1c4f0a6.vs.shawcable.net,Walnut Grove,British Columbia,CA,"49.1647,-122.6404",AS6327 Shaw Communications Inc.,V1M,America/Vancouver,
108-250-69-162.lightspeed.irvnca.sbcglobal.net,Irvine,California,US,"33.6829,-117.8298","AS7018 AT&T Enterprises, LLC",92614,America/Los_Angeles,
,Washington,District of Columbia,US,"38.9014,-77.0504",AS174 Cogent Communications,20037,America/New_York,
ool-43571167.dyn.optonline.net,Sayreville,New Jersey,US,"40.4593,-74.3610",AS6128 Cablevision Systems Corp.,08872,America/New_York,
syn-072-130-070-097.res.spectrum.com,Kahului,Hawaii,US,"20.8895,-156.4743",AS20001 Charter Communications Inc,96732,Pacific/Honolulu,
62.61.178.108.unassigned.ord.singlehop.net,Phoenix,Arizona,US,"33.4484,-112.0740",AS32475 Internap Holding LLC,85001,America/Phoenix,
238.158.127.96.unassigned.ord.singlehop.net,Chicago,Illinois,US,"41.8500,-87.6500",AS32475 Internap Holding LLC,60666,America/Chicago,
syn-172-118-086-171.res.spectrum.com,Mission Hills,California,US,"34.2619,-118.4587",AS20001 Charter Communications Inc,91345,America/Los_Angeles,
s01061c937c80cf55.vc.shawcable.net,Burnaby,British Columbia,CA,"49.2664,-122.9526",AS6327 Shaw Communications Inc.,V5A,America/Vancouver,
bras-base-toroon0247w-grc-122-70-29-49-94.dsl.bell.ca,Toronto,Ontario,CA,"43.7064,-79.3986",AS577 Bell Canada,M5A,America/Toronto,
94.189.154.184.unassigned.ord.singlehop.net,Chicago,Illinois,US,"41.8500,-87.6500",AS32475 Internap Holding LLC,60666,America/Chicago,
86.158.143.198.unassigned.ord.singlehop.net,Phoenix,Arizona,US,"33.4484,-112.0740",AS32475 Internap Holding LLC,85001,America/Phoenix,
,Montréal,Quebec,CA,"45.5088,-73.5878",AS54994 Meteverse Limited.,H3H,America/Toronto,
,Lelystad,Flevoland,NL,"52.5083,5.4750",AS54994 Meteverse Limited.,8224,Europe/Amsterdam,
,Seattle,Washington,US,"47.6062,-122.3321",AS54994 Meteverse Limited.,98101,America/Los_Angeles,
,Warsaw,Mazovia,PL,"52.2298,21.0118",AS54994 Meteverse Limited.,00-002,Europe/Warsaw,
,Manila,Metro Manila,PH,"14.6042,120.9822",AS54994 Meteverse Limited.,1001,Asia/Manila,
,Ashburn,Virginia,US,"39.0437,-77.4875",AS54994 Meteverse Limited.,20147,America/New_York,
,Dallas,Texas,US,"32.7831,-96.8067",AS54994 Meteverse Limited.,75201,America/Chicago,
70.74.154.184.unassigned.ord.singlehop.net,Chicago,Illinois,US,"41.8500,-87.6500",AS32475 Internap Holding LLC,60666,America/Chicago,
,Paris,Île-de-France,FR,"48.8534,2.3488",AS54994 Meteverse Limited.,75000,Europe/Paris,
,Frankfurt am Main,Hesse,DE,"50.1155,8.6842",AS54994 Meteverse Limited.,60306,Europe/Berlin,
,Milan,Lombardy,IT,"45.4643,9.1895",AS54994 Meteverse Limited.,20121,Europe/Rome,
,Chicago,Illinois,US,"41.8500,-87.6500",AS54994 Meteverse Limited.,60666,America/Chicago,
,Madrid,Madrid,ES,"40.4165,-3.7026",AS54994 Meteverse Limited.,28004,Europe/Madrid,
,Stockholm,Stockholm,SE,"59.3294,18.0687",AS54994 Meteverse Limited.,195 87,Europe/Stockholm,
,Los Angeles,California,US,"34.0522,-118.2437",AS54994 Meteverse Limited.,90009,America/Los_Angeles,
,Manila,Metro Manila,PH,"14.6042,120.9822",AS54994 Meteverse Limited.,1001,Asia/Manila,
174.97.175.69.unassigned.ord.singlehop.net,Chicago,Illinois,US,"41.8500,-87.6500",AS32475 Internap Holding LLC,60666,America/Chicago,
142.155.143.198.unassigned.ord.singlehop.net,Phoenix,Arizona,US,"33.4484,-112.0740",AS32475 Internap Holding LLC,85001,America/Phoenix,
6.47.154.184.unassigned.ord.singlehop.net,Chicago,Illinois,US,"41.8500,-87.6500",AS32475 Internap Holding LLC,60666,America/Chicago,
158.133.143.198.unassigned.ord.singlehop.net,Phoenix,Arizona,US,"33.4484,-112.0740",AS32475 Internap Holding LLC,85001,America/Phoenix,
syn-071-085-117-051.res.spectrum.com,Greenville,South Carolina,US,"34.8526,-82.3940",AS20115 Charter Communications LLC,29616,America/New_York,
ool-182feceb.dyn.optonline.net,New York City,New York,US,"40.7143,-74.0060",AS6128 Cablevision Systems Corp.,10001,America/New_York,
c-76-102-117-6.hsd1.ca.comcast.net,San Jose,California,US,"37.3394,-121.8950","AS7922 Comcast Cable Communications, LLC",95025,America/Los_Angeles,
pool-173-79-251-96.washdc.fios.verizon.net,Wheaton,Maryland,US,"39.0398,-77.0553",AS701 Verizon Business,20902,America/New_York,
64-91-8-123.stat.centurytel.net,Olive Branch,Mississippi,US,"34.9618,-89.8295","AS22561 CenturyLink Communications, LLC",38654,America/Chicago,
syn-035-129-069-181.res.spectrum.com,West Covina,California,US,"34.0653,-117.8978",AS20115 Charter Communications LLC,91791,America/Los_Angeles,
,Seattle,Washington,US,"47.5413,-122.3129","AS16509 Amazon.com, Inc.",98108,America/Los_Angeles,
syn-071-042-230-122.biz.spectrum.com,Brownsville,Texas,US,"25.9017,-97.4975",AS11427 Charter Communications Inc,78522,America/Chicago,
survey.internet-census.org,Amsterdam,North Holland,NL,"52.3740,4.8897",AS21859 Zenlayer Inc,1012,Europe/Amsterdam,
,Nassau,New Providence,BS,"25.0582,-77.3431",AS15146 Cable Bahamas,,America/Nassau,
syn-069-193-134-012.biz.spectrum.com,New York City,New York,US,"40.7571,-73.9657",AS12271 Charter Communications Inc,10022,America/New_York,
,Inver Grove Heights,Minnesota,US,"44.8480,-93.0427","AS7922 Comcast Cable Communications, LLC",55076,America/Chicago,
104-177-47-112.lightspeed.ltrkar.sbcglobal.net,Little Rock,Arkansas,US,"34.7413,-92.4222","AS7018 AT&T Enterprises, LLC",72211,America/Chicago,
4.169.127.96.unassigned.ord.singlehop.net,Chicago,Illinois,US,"41.8500,-87.6500",AS32475 Internap Holding LLC,60666,America/Chicago,
68-70-49-253.static.firstlight.net,Phelps,New York,US,"42.9576,-77.0575","AS14477 FirstLight Fiber, Inc.",14532,America/New_York,
pool-74-102-224-78.nwrknj.fios.verizon.net,Elizabeth,New Jersey,US,"40.6640,-74.2107",AS701 Verizon Business,07207,America/New_York,
,Singapore,Singapore,SG,"1.2897,103.8501","AS16509 Amazon.com, Inc.",018989,Asia/Singapore,
,Los Angeles,California,US,"34.0522,-118.2437",AS9009 M247 Europe SRL,90009,America/Los_Angeles,
108-198-212-223.lightspeed.sntcca.sbcglobal.net,Pittsburg,California,US,"38.0280,-121.8847","AS7018 AT&T Enterprises, LLC",94565,America/Los_Angeles,
,Los Angeles,California,US,"34.0443,-118.2509",AS9009 M247 Europe SRL,90014,America/Los_Angeles,
,Spanaway,Washington,US,"47.1040,-122.4346","AS7922 Comcast Cable Communications, LLC",98387,America/Los_Angeles,
oc-130-162-75-46.compute.oraclecloud.com,Frankfurt am Main,Hesse,DE,"50.1025,8.6299",AS31898 Oracle Corporation,60326,Europe/Berlin,
survey.internet-census.org,Amsterdam,North Holland,NL,"52.3740,4.8897",AS21859 Zenlayer Inc,1012,Europe/Amsterdam,
124.ip-149-56-12.net,Montréal,Quebec,CA,"45.5088,-73.5878",AS16276 OVH SAS,H3H,America/Toronto,
,Dallas,Texas,US,"32.7831,-96.8067",AS21859 Zenlayer Inc,75201,America/Chicago,
plaintiff229.acieralserific.com,Dallas,Texas,US,"32.7831,-96.8067",AS21859 Zenlayer Inc,75201,America/Chicago,
,Dallas,Texas,US,"32.7831,-96.8067",AS21859 Zenlayer Inc,75201,America/Chicago,
plaintiff235.acieralserific.com,Dallas,Texas,US,"32.7831,-96.8067",AS21859 Zenlayer Inc,75201,America/Chicago,
plaintiff237.acieralserific.com,Dallas,Texas,US,"32.7831,-96.8067",AS21859 Zenlayer Inc,75201,America/Chicago,
plaintiff250.acieralserific.com,Dallas,Texas,US,"32.7831,-96.8067",AS21859 Zenlayer Inc,75201,America/Chicago,
plaintiff243.acieralserific.com,Dallas,Texas,US,"32.7831,-96.8067",AS21859 Zenlayer Inc,75201,America/Chicago,
plaintiff246.acieralserific.com,Dallas,Texas,US,"32.7831,-96.8067",AS21859 Zenlayer Inc,75201,America/Chicago,
,Hamilton,Ontario,CA,"43.2501,-79.8496",AS35843 Rogers Communications,L8M,America/Toronto,
ool-18bce882.dyn.optonline.net,Myers Corner,New York,US,"41.6062,-73.8729",AS6128 Cablevision Systems Corp.,12590,America/New_York,
5.169.127.96.unassigned.ord.singlehop.net,Chicago,Illinois,US,"41.8500,-87.6500",AS32475 Internap Holding LLC,60666,America/Chicago,
178.158.143.198.unassigned.ord.singlehop.net,Phoenix,Arizona,US,"33.4484,-112.0740",AS32475 Internap Holding LLC,85001,America/Phoenix,
180.158.143.198.unassigned.ord.singlehop.net,Phoenix,Arizona,US,"33.4484,-112.0740",AS32475 Internap Holding LLC,85001,America/Phoenix,
182.158.143.198.unassigned.ord.singlehop.net,Phoenix,Arizona,US,"33.4484,-112.0740",AS32475 Internap Holding LLC,85001,America/Phoenix,
c-76-115-53-181.hsd1.or.comcast.net,Portland,Oregon,US,"45.5234,-122.6762","AS7922 Comcast Cable Communications, LLC",97204,America/Los_Angeles,
,Dallas,Texas,US,"32.7831,-96.8067","AS3549 Level 3 Parent, LLC",75201,America/Chicago,
ec2-52-42-59-29.us-west-2.compute.amazonaws.com,Boardman,Oregon,US,"45.8399,-119.7006","AS16509 Amazon.com, Inc.",97818,America/Los_Angeles,
static-173-48-143-98.bstnma.fios.verizon.net,Dedham,Massachusetts,US,"42.2418,-71.1662",AS701 Verizon Business,02026,America/New_York,
,Moses Lake,Washington,US,"47.1301,-119.2781",AS8075 Microsoft Corporation,98837,America/Los_Angeles,
,Atlanta,Georgia,US,"33.7490,-84.3880","AS7922 Comcast Cable Communications, LLC",30302,America/New_York,
,Bellevue,Washington,US,"47.5614,-122.1552","AS21928 T-Mobile USA, Inc.",98006,America/Los_Angeles,
syn-071-093-053-223.res.spectrum.com,Turlock,California,US,"37.4947,-120.8466",AS20115 Charter Communications LLC,95380,America/Los_Angeles,
wsip-68-1-196-164.lv.lv.cox.net,Las Vegas,Nevada,US,"36.1750,-115.1372",AS22773 Cox Communications Inc.,89111,America/Los_Angeles,
,Los Angeles,California,US,"34.0614,-118.2385",,90012,America/Los_Angeles,
host-173-237-117-133.public.eastlink.ca,Digby,Nova Scotia,CA,"44.6219,-65.7586",AS11260 EastLink,B0V,America/Halifax,
,Yellowknife,Northwest Territories,CA,"62.4541,-114.3725",AS53910 Northwestel Inc.,X1A,America/Yellowknife,
c-24-6-45-112.hsd1.ca.comcast.net,Fremont,California,US,"37.5483,-121.9886","AS7922 Comcast Cable Communications, LLC",94536,America/Los_Angeles,
,Calgary,Alberta,CA,"51.0501,-114.0853",AS6327 Shaw Communications Inc.,T3S,America/Edmonton,
,Red Deer,Alberta,CA,"52.2668,-113.8020",AS6327 Shaw Communications Inc.,T4P,America/Edmonton,
ip70-160-64-230.hr.hr.cox.net,Norfolk,Virginia,US,"36.8468,-76.2852",AS22773 Cox Communications Inc.,23510,America/New_York,
,North Bergen,New Jersey,US,"40.8043,-74.0121","AS14061 DigitalOcean, LLC",07047,America/New_York,
72-34-118-95.lsanca.static.bb.race.com,Los Angeles,California,US,"34.0522,-118.2437","AS30041 Race Tech, LLC",90009,America/Los_Angeles,
216-67-121-154-radius.dynamic.acsalaska.net,Hope,Alaska,US,"60.9175,-149.6400","AS7782 Alaska Communications Systems Group, Inc.",99605,America/Anchorage,
c-24-15-51-138.hsd1.il.comcast.net,Homer Glen,Illinois,US,"41.6000,-87.9381","AS7922 Comcast Cable Communications, LLC",60491,America/Chicago,
,Dallas,Texas,US,"32.7831,-96.8067",AS36352 HostPapa,75201,America/Chicago,
72-34-118-100.lsanca.static.bb.race.com,Los Angeles,California,US,"34.0522,-118.2437","AS30041 Race Tech, LLC",90009,America/Los_Angeles,
,Clifton,New Jersey,US,"40.8344,-74.1377","AS14061 DigitalOcean, LLC",07014,America/New_York,
c-76-102-108-202.hsd1.ca.comcast.net,San Jose,California,US,"37.3394,-121.8950","AS7922 Comcast Cable Communications, LLC",95025,America/Los_Angeles,
72-34-118-98.lsanca.static.bb.race.com,Los Angeles,California,US,"34.0522,-118.2437","AS30041 Race Tech, LLC",90009,America/Los_Angeles,
72-34-113-202.race.com,Los Angeles,California,US,"34.0522,-118.2437","AS30041 Race Tech, LLC",90009,America/Los_Angeles,
syn-071-041-076-062.biz.spectrum.com,Tampa,Florida,US,"27.9475,-82.4584","AS33363 Charter Communications, Inc",33606,America/New_York,
syn-071-089-151-194.biz.spectrum.com,Kalamazoo,Michigan,US,"42.2917,-85.5872",AS20115 Charter Communications LLC,49005,America/Detroit,
96-77-141-182-static.hfc.comcastbusiness.net,Houston,Texas,US,"29.7633,-95.3633","AS7922 Comcast Cable Communications, LLC",77002,America/Chicago,
static-138-207-146-246.fl.cpe.atlanticbb.net,Miami Beach,Florida,US,"25.7906,-80.1300",AS11776 Breezeline,33119,America/New_York,
72-34-118-15.lsanca.static.bb.race.com,Los Angeles,California,US,"34.0522,-118.2437","AS30041 Race Tech, LLC",90009,America/Los_Angeles,
,Secaucus,New Jersey,US,"40.7895,-74.0565","AS14061 DigitalOcean, LLC",07094,America/New_York,
,Houston,Texas,US,"29.7633,-95.3633","AS23005 SWITCH, LTD",77002,America/Chicago,
syn-075-187-054-030.res.spectrum.com,Columbus,Ohio,US,"39.9046,-82.9703",AS10796 Charter Communications Inc,43207,America/New_York,
104-61-244-144.lightspeed.brhmal.sbcglobal.net,Gardendale,Alabama,US,"33.6601,-86.8128","AS7018 AT&T Enterprises, LLC",35071,America/Chicago,
pool-96-232-35-218.nycmny.fios.verizon.net,Rockville Centre,New York,US,"40.6587,-73.6412",AS701 Verizon Business,11570,America/New_York,
68.34.196.104.bc.googleusercontent.com,North Charleston,South Carolina,US,"32.8546,-79.9748",AS396982 Google LLC,29415,America/New_York,
72-34-118-186.lsanca.static.bb.race.com,Los Angeles,California,US,"34.0522,-118.2437","AS30041 Race Tech, LLC",90009,America/Los_Angeles,
ool-2f15cb73.static.optonline.net,West Babylon,New York,US,"40.7182,-73.3543",AS6128 Cablevision Systems Corp.,11704,America/New_York,
hwsrv-1278848.hostwindsdns.com,Lelystad,Flevoland,NL,"52.5083,5.4750",AS54290 Hostwinds LLC.,8224,Europe/Amsterdam,
syn-198-072-241-026.res.spectrum.com,Hacienda Heights,California,US,"33.9931,-117.9687",AS20001 Charter Communications Inc,91745,America/Los_Angeles,
syn-172-254-243-118.biz.spectrum.com,New York City,New York,US,"40.7143,-74.0060",AS12271 Charter Communications Inc,10001,America/New_York,
,Ashburn,Virginia,US,"39.0437,-77.4875",AS31898 Oracle Corporation,20147,America/New_York,
,Hohenwald,Tennessee,US,"35.5478,-87.5520","AS397872 Point Broadband Fiber Holding, LLC",38462,America/Chicago,
d27-96-232-112.nap.wideopenwest.com,Panama City Beach,Florida,US,"30.1766,-85.8055",AS12083 WideOpenWest Finance LLC,32407,America/Chicago,
s0106a0ff70742bac.wp.shawcable.net,Winnipeg,Manitoba,CA,"49.8844,-97.1470",AS6327 Shaw Communications Inc.,R3B,America/Winnipeg,
23-30-120-241-static.hfc.comcastbusiness.net,Egg Harbor City,New Jersey,US,"39.5287,-74.6479","AS7922 Comcast Cable Communications, LLC",08215,America/New_York,
c-71-237-149-167.hsd1.or.comcast.net,Salem,Oregon,US,"44.9429,-123.0351","AS7922 Comcast Cable Communications, LLC",97308,America/Los_Angeles,
,Buffalo,New York,US,"42.8865,-78.8784","AS20278 Nexeon Technologies, Inc.",14202,America/New_York,
syn-065-187-122-117.res.spectrum.com,Stanton,California,US,"33.8025,-117.9931",AS11426 Charter Communications Inc,90680,America/Los_Angeles,
8-40-151-23.dsl-local.livingston.net,Livingston,Texas,US,"30.7110,-94.9330","AS3356 Level 3 Parent, LLC",77351,America/Chicago,
14.231.158.104.in-addr.arpa,Toronto,Ontario,CA,"43.7064,-79.3986",AS54198 Videotron Ltee,M5A,America/Toronto,
,Lansing,Michigan,US,"42.7325,-84.5555",AS14103 ACD.net,48901,America/Detroit,
216.117.227.196.allwest.net,Park City,Utah,US,"40.6461,-111.4980","AS13614 All West Communications, Inc.",84060,America/Denver,
host-24-138-134-35.public.eastlink.ca,North Bay,Ontario,CA,"46.3168,-79.4663",AS11260 EastLink,P1A,America/Toronto,
,Prague,Prague,CZ,"50.0880,14.4208",AS198605 AVAST Software s.r.o.,110 00,Europe/Prague,
syn-070-120-164-121.res.spectrum.com,El Paso,Texas,US,"31.8623,-106.5932",AS11427 Charter Communications Inc,79932,America/Denver,
75-174-65-97.boid.qwest.net,Boise,Idaho,US,"43.6135,-116.2035","AS209 CenturyLink Communications, LLC",83707,America/Boise,
syn-184-056-143-035.res.spectrum.com,North Olmsted,Ohio,US,"41.4156,-81.9235",AS10796 Charter Communications Inc,44070,America/New_York,
pool-96-244-71-124.bltmmd.fios.verizon.net,Catonsville,Maryland,US,"39.2721,-76.7319",AS701 Verizon Business,21228,America/New_York,
adsl-068-213-191-066.sip.mgm.bellsouth.net,Montgomery,Alabama,US,"32.3668,-86.3000","AS6389 AT&T Enterprises, LLC",36123,America/Chicago,
,Cutler Bay,Florida,US,"25.5783,-80.3377","AS7922 Comcast Cable Communications, LLC",33189,America/New_York,
,South Huntington,New York,US,"40.8237,-73.3987",AS701 Verizon Business,11746,America/New_York,
cnq23-189.cablevision.qc.ca,Rouyn-Noranda,Quebec,CA,"48.2366,-79.0231",AS35911 Telebec,J9Y,America/Toronto,
c-98-221-127-207.hsd1.nj.comcast.net,Bloomingdale,New Jersey,US,"40.4976,-74.6474","AS7922 Comcast Cable Communications, LLC",07403,America/New_York,
c-68-54-5-7.hsd1.mi.comcast.net,Sterling Heights,Michigan,US,"42.5803,-83.0302","AS7922 Comcast Cable Communications, LLC",48311,America/Detroit,
wsip-70-182-172-14.ks.ks.cox.net,Johnson,Arkansas,US,"36.1329,-94.1655",AS22773 Cox Communications Inc.,72741,America/Chicago,
tesla.census.shodan.io,San Diego,California,US,"32.7157,-117.1647","AS10439 CariNet, Inc.",92101,America/Los_Angeles,
fiber-hd-206-251-92-29.uia.net,Silver Lakes,California,US,"34.7456,-117.3410","AS11123 Ultimate Internet Access, Inc",92342,America/Los_Angeles,
syn-108-184-037-253.res.spectrum.com,Stanton,California,US,"33.8025,-117.9931",,90680,America/Los_Angeles,
96-69-120-161-static.hfc.comcastbusiness.net,Knoxville,Tennessee,US,"35.9606,-83.9207","AS7922 Comcast Cable Communications, LLC",37902,America/New_York,
gens-206-125-129-251.geneseo.net,Davenport,Iowa,US,"41.5236,-90.5776",AS15129 Geneseo Telephone Company,52801,America/Chicago,
,Washington,District of Columbia,US,"38.8951,-77.0364","AS30633 Leaseweb USA, Inc.",20004,America/New_York,
,Montréal,Quebec,CA,"45.5005,-73.5684",,H3B,America/Toronto,
75-11-200-32.lightspeed.irvnca.sbcglobal.net,Los Angeles,California,US,"33.9551,-118.2901","AS7018 AT&T Enterprises, LLC",90044,America/Los_Angeles,
ip68-3-176-168.ph.ph.cox.net,Phoenix,Arizona,US,"33.4484,-112.0740",AS22773 Cox Communications Inc.,85001,America/Phoenix,
ip68-5-97-160.oc.oc.cox.net,Rancho Santa Margarita,California,US,"33.6409,-117.6031",AS22773 Cox Communications Inc.,92688,America/Los_Angeles,
,Chicago,Illinois,US,"41.8500,-87.6500","AS7922 Comcast Cable Communications, LLC",60666,America/Chicago,
172-245-90-241-host.colocrossing.com,Elk Grove Village,Illinois,US,"42.0039,-87.9703",AS36352 HostPapa,60009,America/Chicago,
,Detroit,Michigan,US,"42.3314,-83.0457",AS14852 DaimlerChrysler Corporation,48226,America/Detroit,
,Colorado Springs,Colorado,US,"38.8339,-104.8214","AS209 CenturyLink Communications, LLC",80901,America/Denver,
nc-ph-1639-46.web-hosting.com,Phoenix,Arizona,US,"33.4484,-112.0740","AS22612 Namecheap, Inc.",85001,America/Phoenix,
,Seattle,Washington,US,"47.5413,-122.3129","AS16509 Amazon.com, Inc.",98108,America/Los_Angeles,
pool-71-187-252-14.nwrknj.fios.verizon.net,Succasunna,New Jersey,US,"40.8684,-74.6404",AS701 Verizon Business,07876,America/New_York,
192-24-74-192-24-74-104.cpe.sparklight.net,Mansfield,Louisiana,US,"32.0377,-93.7002",,71052,America/Chicago,
,San Leandro,California,US,"37.7249,-122.1561","AS7922 Comcast Cable Communications, LLC",94577,America/Los_Angeles,
,Fredericton,New Brunswick,CA,"45.9454,-66.6656",AS855 Bell Canada,E3G,America/Moncton,
syn-076-178-171-103.res.spectrum.com,Coeur d'Alene,Idaho,US,"47.7248,-116.7890",AS10838 Charter Communications Inc,83815,America/Los_Angeles,
,Toronto,Ontario,CA,"43.6518,-79.5076",AS577 Bell Canada,M8X,America/Toronto,
syn-071-042-228-182.biz.spectrum.com,Dallas,Texas,US,"32.7831,-96.8067",AS11427 Charter Communications Inc,75201,America/Chicago,
,Toronto,Ontario,CA,"43.6518,-79.5076",AS577 Bell Canada,M8X,America/Toronto,
syn-075-130-009-098.biz.spectrum.com,Bridgeton,Missouri,US,"38.7670,-90.4115",AS20115 Charter Communications LLC,63044,America/Chicago,
164.112.244.35.bc.googleusercontent.com,Sydney,New South Wales,AU,"-33.8678,151.2073",AS396982 Google LLC,1001,Australia/Sydney,
162-194-28-60.lightspeed.irvnca.sbcglobal.net,San Juan Capistrano,California,US,"33.5017,-117.6625","AS7018 AT&T Enterprises, LLC",92675,America/Los_Angeles,
,Southfield,Michigan,US,"42.4734,-83.2219","AS7922 Comcast Cable Communications, LLC",48086,America/Detroit,
108-239-13-134.lightspeed.sndgca.sbcglobal.net,San Diego,California,US,"32.7972,-117.1708","AS7018 AT&T Enterprises, LLC",92111,America/Los_Angeles,
syn-069-203-159-244.res.spectrum.com,Middletown,New York,US,"41.4886,-74.3450",AS12271 Charter Communications Inc,10941,America/New_York,
,Seoul,Seoul,KR,"37.5660,126.9784",AS395776 FEDERAL ONLINE GROUP LLC,03141,Asia/Seoul,
pool-108-27-24-11.nycmny.fios.verizon.net,New York City,New York,US,"40.7143,-74.0060",AS701 Verizon Business,10001,America/New_York,
syn-172-119-189-073.res.spectrum.com,Glendora,California,US,"34.1361,-117.8653",AS20001 Charter Communications Inc,91740,America/Los_Angeles,
,Las Vegas,Nevada,US,"36.1750,-115.1372",AS53667 FranTech Solutions,89111,America/Los_Angeles,
,Toronto,Ontario,CA,"43.6518,-79.5076",AS577 Bell Canada,M8X,America/Toronto,
,Salt Lake City,Utah,US,"40.7608,-111.8911","AS7922 Comcast Cable Communications, LLC",84101,America/Denver,
syn-069-204-225-113.res.spectrum.com,Bellerose Terrace,New York,US,"40.7272,-73.7949",AS12271 Charter Communications Inc,11366,America/New_York,
pool-71-191-144-144.washdc.fios.verizon.net,Potomac,Maryland,US,"39.0182,-77.2086",AS701 Verizon Business,20854,America/New_York,
www.internet-albedo.net,Dallas,Texas,US,"32.7831,-96.8067","AS20052 Arbor Networks, Inc.",75201,America/Chicago,
,Seattle,Washington,US,"47.5413,-122.3129","AS16509 Amazon.com, Inc.",98108,America/Los_Angeles,
ool-18bc0749.dyn.optonline.net,New York City,New York,US,"40.7143,-74.0060",AS6128 Cablevision Systems Corp.,10001,America/New_York,
47-187-120-184.lwvl.tx.frontiernet.net,Coppell,Texas,US,"32.9546,-97.0150","AS5650 Frontier Communications of America, Inc.",75099,America/Chicago,
static-74-122-133-239.ptr.terago.net,Vaughan,Ontario,CA,"43.8361,-79.4983",AS912 Hut 8 Mining Corp.,L6A,America/Toronto,
,Trujillo Alto,Trujillo Alto,PR,"18.3547,-66.0074",AS14638 Liberty Communications of Puerto Rico LLC,00976,America/Puerto_Rico,
pool-72-94-154-91.phlapa.fios.verizon.net,Philadelphia,Pennsylvania,US,"39.9524,-75.1636",AS701 Verizon Business,19099,America/New_York,
syn-071-078-018-166.biz.spectrum.com,Dallas,Texas,US,"32.7831,-96.8067",AS11427 Charter Communications Inc,75201,America/Chicago,
syn-066-191-196-087.res.spectrum.com,Spartanburg,South Carolina,US,"34.8937,-81.9228",AS20115 Charter Communications LLC,29306,America/New_York,
syn-098-006-210-002.biz.spectrum.com,Dilley,Texas,US,"28.6675,-99.1706",AS11427 Charter Communications Inc,78017,America/Chicago,
,Greenwood Village,Colorado,US,"39.6172,-104.9508","AS7922 Comcast Cable Communications, LLC",80121,America/Denver,
c-98-235-133-140.hsd1.pa.comcast.net,Hershey,Pennsylvania,US,"40.2859,-76.6502","AS7922 Comcast Cable Communications, LLC",17033,America/New_York,
syn-098-006-205-218.biz.spectrum.com,Plano,Texas,US,"33.0198,-96.6989",AS11427 Charter Communications Inc,75026,America/Chicago,
,Edmonton,Alberta,CA,"53.5501,-113.4687",AS852 TELUS Communications Inc.,T5H,America/Edmonton,
syn-172-249-065-117.res.spectrum.com,Los Angeles,California,US,"34.0898,-118.3215",AS20001 Charter Communications Inc,90038,America/Los_Angeles,
,Atlanta,Georgia,US,"33.7490,-84.3880","AS7922 Comcast Cable Communications, LLC",30302,America/New_York,
ool-18e410cf.dyn.optonline.net,New York City,New York,US,"40.7143,-74.0060",AS6128 Cablevision Systems Corp.,10001,America/New_York,
,New Glasgow,Nova Scotia,CA,"45.5834,-62.6486",AS53913 City Wide Communications Inc.,B2H,America/Halifax,
s0106400fc1be9b76.ed.shawcable.net,Edmonton,Alberta,CA,"53.5501,-113.4687",AS6327 Shaw Communications Inc.,T5H,America/Edmonton,
host-24-215-81-132.public.eastlink.ca,Bridgewater,Nova Scotia,CA,"44.3786,-64.5188",AS11260 EastLink,B4V,America/Halifax,
,Jacksonville,Florida,US,"30.3322,-81.6556",AS13649 Flexential Colorado Corp.,32202,America/New_York,
198-84-204-52.cpe.teksavvy.com,Nepean,Ontario,CA,"45.3362,-75.7225","AS5645 TekSavvy Solutions, Inc.",K2E,America/Toronto,
c-98-250-250-4.hsd1.mi.comcast.net,DeWitt,Michigan,US,"42.8423,-84.5691","AS7922 Comcast Cable Communications, LLC",48820,America/Detroit,
static-100-8-86-166.nwrknj.fios.verizon.net,Farmingdale,New Jersey,US,"40.1965,-74.1685",AS701 Verizon Business,07727,America/New_York,
,Schaumburg,Illinois,US,"42.0334,-88.0834",AS6079 RCN,60159,America/Chicago,
,Toronto,Ontario,CA,"43.7064,-79.3986",AS7311 Frontier Networks Inc,M5A,America/Toronto,
syn-074-138-238-005.res.spectrum.com,Louisville,Kentucky,US,"38.3045,-85.5815",AS10796 Charter Communications Inc,40241,America/Kentucky/Louisville,
s107-225-68-64.ssvec.az.wi-power.com,Sierra Vista,Arizona,US,"31.5545,-110.3037",AS13904 Cherryland Services Inc,85671,America/Phoenix,
,Hamilton,Ontario,CA,"43.2501,-79.8496",AS35843 Rogers Communications,L8M,America/Toronto,
45-24-110-160.lightspeed.dybhfl.sbcglobal.net,Orlando,Florida,US,"28.4944,-81.2902","AS7018 AT&T Enterprises, LLC",32822,America/New_York,
syn-104-162-051-213.res.spectrum.com,Bellerose Terrace,New York,US,"40.7272,-73.7949",AS12271 Charter Communications Inc,11366,America/New_York,
c-73-78-0-157.hsd1.co.comcast.net,Berthoud,Colorado,US,"40.3083,-105.0811","AS7922 Comcast Cable Communications, LLC",80513,America/Denver,
c-73-138-249-174.hsd1.fl.comcast.net,Hollywood,Florida,US,"26.0112,-80.1495","AS7922 Comcast Cable Communications, LLC",33020,America/New_York,
65-68-82-122.houston-pilots.com,Deer Park,Texas,US,"29.7052,-95.1238","AS7018 AT&T Enterprises, LLC",77536,America/Chicago,
c-68-32-83-238.hsd1.mi.comcast.net,Rochester Hills,Michigan,US,"42.6584,-83.1499","AS7922 Comcast Cable Communications, LLC",48307,America/Detroit,
,Saline,Michigan,US,"42.1667,-83.7816","AS7922 Comcast Cable Communications, LLC",48176,America/Detroit,
,North Bergen,New Jersey,US,"40.8043,-74.0121","AS14061 DigitalOcean, LLC",07047,America/New_York,
,Nassau,New Providence,BS,"25.0582,-77.3431",AS15146 Cable Bahamas,,America/Nassau,
67-14-227-49.hwccustomers.com,Aberdeen,Florida,US,"26.5506,-80.1487",AS23089 Hotwire Communications,33437,America/New_York,
,Salinas,Salinas,PR,"17.9775,-66.2980",AS14638 Liberty Communications of Puerto Rico LLC,00751,America/Puerto_Rico,
,Kansas City,Missouri,US,"39.0997,-94.5786",AS8560 IONOS SE,64106,America/Chicago,
,Houston,Texas,US,"29.7633,-95.3633","AS7922 Comcast Cable Communications, LLC",77002,America/Chicago,
syn-066-168-220-185.res.spectrum.com,Decatur,Alabama,US,"34.5484,-87.0004",AS20115 Charter Communications LLC,35603,America/Chicago,
gvo109179.gvodatacenter.com,Dallas,Texas,US,"32.7831,-96.8067",AS46549 Global Virtual Opportunities,75201,America/Chicago,
pool-71-125-2-90.nycmny.fios.verizon.net,New York City,New York,US,"40.7143,-74.0060",AS701 Verizon Business,10001,America/New_York,
dsl7-69.progressivetel.com,Metter,Georgia,US,"32.3971,-82.0601",AS6461 Zayo Bandwidth,30439,America/New_York,
static-100-33-112-5.nycmny.fios.verizon.net,New York City,New York,US,"40.7143,-74.0060",AS701 Verizon Business,10001,America/New_York,
c-73-164-13-142.hsd1.mn.comcast.net,White Bear Lake,Minnesota,US,"45.0847,-93.0099","AS7922 Comcast Cable Communications, LLC",55110,America/Chicago,
104-222-106-75.dyn.celerity-dtv.net,Fort Lauderdale,Florida,US,"26.1223,-80.1434",AS46887 Crown Castle Fiber LLC,33302,America/New_York,
253-137-21-199-cust.tops-tele.com,Fairlee,Vermont,US,"43.9076,-72.1434",AS22121 Topsham Communications LLC,05045,America/New_York,
,San Angelo,Texas,US,"31.4638,-100.4370",AS19108 Optimum,76902,America/Chicago,
75.97.190.155.res-cmts.sth3.ptd.net,Stroudsburg,Pennsylvania,US,"40.9868,-75.1946",AS3737 PenTeleData Inc.,18360,America/New_York,
,Paris,Île-de-France,FR,"48.8534,2.3488",AS212238 Datacamp Limited,75000,Europe/Paris,
,Santa Clara,California,US,"37.3483,-121.9844","AS14061 DigitalOcean, LLC",95051,America/Los_Angeles,
static-100-39-36-77.lsanca.fios.frontiernet.net,Ashburn,Virginia,US,"39.0437,-77.4875",,20147,America/New_York,
c-76-119-180-109.hsd1.ma.comcast.net,Boston,Massachusetts,US,"42.3584,-71.0598","AS7922 Comcast Cable Communications, LLC",02108,America/New_York,
,Las Vegas,Nevada,US,"36.1750,-115.1372",AS53667 FranTech Solutions,89111,America/Los_Angeles,
c-69-245-148-28.hsd1.in.comcast.net,Fort Wayne,Indiana,US,"41.1306,-85.1289","AS7922 Comcast Cable Communications, LLC",46825,America/Indiana/Indianapolis,
155.138.220.211.vultrusercontent.com,Atlanta,Georgia,US,"33.7865,-84.4454","AS20473 The Constant Company, LLC",30318,America/New_York,
ec2-18-222-220-106.us-east-2.compute.amazonaws.com,Columbus,Ohio,US,"39.9612,-82.9988","AS16509 Amazon.com, Inc.",43215,America/New_York,
,Woodstock,Illinois,US,"42.3147,-88.4487",AS13337 e-vergent.com LLC,60098,America/Chicago,
one800fsr.tempurl.host,Atlanta,Georgia,US,"33.7865,-84.4454","AS20473 The Constant Company, LLC",30318,America/New_York,
pool-173-63-6-217.nwrknj.fios.verizon.net,Fair Lawn,New Jersey,US,"40.9404,-74.1318",AS701 Verizon Business,07410,America/New_York,
,Los Angeles,California,US,"34.0522,-118.2437",AS40065 CNSERVERS LLC,90009,America/Los_Angeles,
,Toronto,Ontario,CA,"43.7064,-79.3986","AS14061 DigitalOcean, LLC",M5A,America/Toronto,
,Las Cruces,New Mexico,US,"32.3123,-106.7783",AS40246 New Mexico State University,88005,America/Denver,
c-73-179-106-252.hsd1.fl.comcast.net,Miami Gardens,Florida,US,"25.9420,-80.2456","AS7922 Comcast Cable Communications, LLC",33056,America/New_York,
syn-050-089-102-206.res.spectrum.com,Orlando,Florida,US,"28.5289,-81.4787","AS33363 Charter Communications, Inc",32835,America/New_York,
,Seattle,Washington,US,"47.6062,-122.3321","AS30170 Isomedia, Inc.",98101,America/Los_Angeles,
syn-072-186-139-038.biz.spectrum.com,St. Petersburg,Florida,US,"27.7890,-82.6779","AS33363 Charter Communications, Inc",33713,America/New_York,
c-68-51-191-212.hsd1.mi.comcast.net,Waterford,Michigan,US,"42.6930,-83.4118","AS7922 Comcast Cable Communications, LLC",48329,America/Detroit,
syn-047-013-078-094.res.spectrum.com,McKenzie,Tennessee,US,"36.1326,-88.5187",AS20115 Charter Communications LLC,38201,America/Chicago,
,Dallas,Texas,US,"32.7831,-96.8067",AS21859 Zenlayer Inc,75201,America/Chicago,
plaintiff227.acieralserific.com,Dallas,Texas,US,"32.7831,-96.8067",AS21859 Zenlayer Inc,75201,America/Chicago,
,Dallas,Texas,US,"32.7831,-96.8067",AS21859 Zenlayer Inc,75201,America/Chicago,
plaintiff251.acieralserific.com,Dallas,Texas,US,"32.7831,-96.8067",AS21859 Zenlayer Inc,75201,America/Chicago,
,Dallas,Texas,US,"32.7831,-96.8067",AS21859 Zenlayer Inc,75201,America/Chicago,
plaintiff253.acieralserific.com,Dallas,Texas,US,"32.7831,-96.8067",AS21859 Zenlayer Inc,75201,America/Chicago,
plaintiff236.acieralserific.com,Dallas,Texas,US,"32.7831,-96.8067",AS21859 Zenlayer Inc,75201,America/Chicago,
plaintiff238.acieralserific.com,Dallas,Texas,US,"32.7831,-96.8067",AS21859 Zenlayer Inc,75201,America/Chicago,
plaintiff242.acieralserific.com,Dallas,Texas,US,"32.7831,-96.8067",AS21859 Zenlayer Inc,75201,America/Chicago,
plaintiff244.acieralserific.com,Dallas,Texas,US,"32.7831,-96.8067",AS21859 Zenlayer Inc,75201,America/Chicago,
plaintiff245.acieralserific.com,Dallas,Texas,US,"32.7831,-96.8067",AS21859 Zenlayer Inc,75201,America/Chicago,
plaintiff226.acieralserific.com,Dallas,Texas,US,"32.7831,-96.8067",AS21859 Zenlayer Inc,75201,America/Chicago,
plaintiff254.acieralserific.com,Dallas,Texas,US,"32.7831,-96.8067",AS21859 Zenlayer Inc,75201,America/Chicago,
,Dallas,Texas,US,"32.7831,-96.8067",AS21859 Zenlayer Inc,75201,America/Chicago,
host-71-7-169-219.public.eastlink.ca,New Glasgow,Nova Scotia,CA,"45.5834,-62.6486",AS11260 EastLink,B2H,America/Halifax,
csstudent01.cs.fgcu.edu,Estero,Florida,US,"26.4381,-81.8067",AS17202 Florida Gulf Coast University,33928,America/New_York,
,Dallas,Texas,US,"32.7831,-96.8067",AS21859 Zenlayer Inc,75201,America/Chicago,
plaintiff230.acieralserific.com,Dallas,Texas,US,"32.7831,-96.8067",AS21859 Zenlayer Inc,75201,America/Chicago,
,Tseung Kwan O,Sai Kung,HK,"22.3279,114.2499",AS134548 DXTL Tseung Kwan O Service,999077,Asia/Hong_Kong,
,Santa Clara,California,US,"37.3483,-121.9844","AS14061 DigitalOcean, LLC",95051,America/Los_Angeles,
45-31-42-140.lightspeed.sndgca.sbcglobal.net,San Diego,California,US,"32.7423,-117.0947","AS7018 AT&T Enterprises, LLC",92105,America/Los_Angeles,
smtp2.zsupport.co.in,New York City,New York,US,"40.7143,-74.0060","AS19318 Interserver, Inc",10001,America/New_York,
,Page,Arizona,US,"36.9147,-111.4558","AS26253 South Central Communications, Inc.",86040,America/Phoenix,
www.internet-albedo.net,Dallas,Texas,US,"32.7831,-96.8067","AS20052 Arbor Networks, Inc.",75201,America/Chicago,
,Paris,Île-de-France,FR,"48.8534,2.3488",AS212238 Datacamp Limited,75000,Europe/Paris,
70-242-167-43.lightspeed.hstntx.sbcglobal.net,Pearland,Texas,US,"29.5636,-95.2861","AS7018 AT&T Enterprises, LLC",77581,America/Chicago,
,Washington,Virginia,US,"38.7135,-78.1594",AS8075 Microsoft Corporation,22747,America/New_York,
d27-96-125-43.nap.wideopenwest.com,Shelby,Michigan,US,"42.6709,-83.0330",AS12083 WideOpenWest Finance LLC,49455,America/Detroit,
drmons0552w-47-54-7-97.dhcp-dynamic.fibreop.ns.bellaliant.net,Dartmouth,Nova Scotia,CA,"44.6713,-63.5772",AS855 Bell Canada,B3A,America/Halifax,
fl-76-4-117-40.dhcp.embarqhsd.net,Grantsburg,Wisconsin,US,"45.7763,-92.6827","AS209 CenturyLink Communications, LLC",54840,America/Chicago,
,Paris,Île-de-France,FR,"48.8534,2.3488",AS212238 Datacamp Limited,75000,Europe/Paris,
syn-104-032-048-059.res.spectrum.com,Lawndale,California,US,"33.8872,-118.3526",AS20001 Charter Communications Inc,90260,America/Los_Angeles,
host-24-224-243-37.public.eastlink.ca,Carbonear,Newfoundland and Labrador,CA,"47.7392,-53.2272",AS11260 EastLink,A1Y,America/St_Johns,
syn-184-056-157-140.res.spectrum.com,North Olmsted,Ohio,US,"41.4156,-81.9235",AS10796 Charter Communications Inc,44070,America/New_York,
c-69-138-30-68.hsd1.md.comcast.net,Columbia,Maryland,US,"39.2404,-76.8394","AS7922 Comcast Cable Communications, LLC",21045,America/New_York,
249.127-113-64.ftth.swbr.surewest.net,Sacramento,California,US,"38.5816,-121.4944","AS14051 Consolidated Communications, Inc.",94203,America/Los_Angeles,
syn-047-034-089-043.res.spectrum.com,St. Louis,Missouri,US,"38.5943,-90.2309",AS20115 Charter Communications LLC,63118,America/Chicago,
syn-050-088-233-078.res.spectrum.com,Altamonte Springs,Florida,US,"28.6625,-81.4117","AS33363 Charter Communications, Inc",32714,America/New_York,
syn-192-181-004-215.res.spectrum.com,Columbus,Ohio,US,"39.9612,-82.9988",AS10796 Charter Communications Inc,43215,America/New_York,
,Vancouver,Washington,US,"45.6387,-122.6615","AS7922 Comcast Cable Communications, LLC",98666,America/Los_Angeles,
107-220-119-25.lightspeed.sntcca.sbcglobal.net,Santa Clara,California,US,"37.3924,-121.9623","AS7018 AT&T Enterprises, LLC",95054,America/Los_Angeles,
c-73-144-137-6.hsd1.mi.comcast.net,Troy,Michigan,US,"42.6056,-83.1499","AS7922 Comcast Cable Communications, LLC",48085,America/Detroit,
,Yarmouth,Nova Scotia,CA,"43.8334,-66.1156",AS53913 City Wide Communications Inc.,B5A,America/Halifax,
199-101-124-79-dynamic.northstate.net,Sellersburg,Indiana,US,"38.3981,-85.7550","AS22709 North State Telephone, LLC",47172,America/Kentucky/Louisville,
75-15-243-201.lightspeed.snantx.sbcglobal.net,San Antonio,Texas,US,"29.4821,-98.4554","AS7018 AT&T Enterprises, LLC",78209,America/Chicago,
ec2-34-217-179-206.us-west-2.compute.amazonaws.com,Boardman,Oregon,US,"45.8399,-119.7006","AS16509 Amazon.com, Inc.",97818,America/Los_Angeles,
d154-5-41-90.bchsia.telus.net,Richmond,British Columbia,CA,"49.1700,-123.1368",AS852 TELUS Communications Inc.,V6Y,America/Vancouver,
c-73-42-234-67.hsd1.wa.comcast.net,Centralia,Washington,US,"46.7162,-122.9543","AS7922 Comcast Cable Communications, LLC",98531,America/Los_Angeles,
99-153-253-51.lightspeed.irvnca.sbcglobal.net,Simi Valley,California,US,"34.2656,-118.7653","AS7018 AT&T Enterprises, LLC",93065,America/Los_Angeles,
,Ashburn,Virginia,US,"39.0437,-77.4875",AS31898 Oracle Corporation,20147,America/New_York,
modemcable121.127-176-173.mc.videotron.ca,Terrebonne,Quebec,CA,"45.7000,-73.6473",AS5769 Videotron Ltee,H7B,America/Toronto,
s01069050cad122b3.ok.shawcable.net,Kelowna,British Columbia,CA,"49.8831,-119.4857",AS6327 Shaw Communications Inc.,V1Y,America/Vancouver,
dyn-173.235.158-207.cspire.com,Clinton,Mississippi,US,"32.3415,-90.3218",AS11272 C Spire Fiber,39056,America/Chicago,
,Clifton,New Jersey,US,"40.8344,-74.1377","AS14061 DigitalOcean, LLC",07014,America/New_York,
syn-108-190-172-008.biz.spectrum.com,Haines City,Florida,US,"28.1145,-81.6201","AS33363 Charter Communications, Inc",33844,America/New_York,
26.232.83.34.bc.googleusercontent.com,The Dalles,Oregon,US,"45.5946,-121.1787",AS396982 Google LLC,97058,America/Los_Angeles,
pool-71-190-145-173.nycmny.fios.verizon.net,New York City,New York,US,"40.7143,-74.0060",AS701 Verizon Business,10001,America/New_York,
syn-071-041-239-092.biz.spectrum.com,Garland,Texas,US,"32.9126,-96.6389",AS11427 Charter Communications Inc,75046,America/Chicago,
ool-944be56f.dyn.optonline.net,Center Moriches,New York,US,"40.8004,-72.7898",AS6128 Cablevision Systems Corp.,11934,America/New_York,
,Clifton,New Jersey,US,"40.8344,-74.1377","AS14061 DigitalOcean, LLC",07014,America/New_York,
dedicated.horsehater.net,Las Vegas,Nevada,US,"36.1750,-115.1372",AS53667 FranTech Solutions,89111,America/Los_Angeles,
,Tseung Kwan O,Sai Kung,HK,"22.3279,114.2499",AS134175 SH2206-AP,999077,Asia/Hong_Kong,
modemcable045.45-20-96.mc.videotron.ca,Laval,Quebec,CA,"45.5699,-73.6920",AS5769 Videotron Ltee,H7G,America/Toronto,
static-67-204-56-174.wireless.unwiredbb.net,Hanford,California,US,"36.3274,-119.6457","AS33548 Unwired Broadband, LLC",93230,America/Los_Angeles,
47-145-174-212.fdr01.bumt.ca.ip.frontiernet.net,Beaumont,California,US,"33.9295,-116.9772","AS5650 Frontier Communications of America, Inc.",92223,America/Los_Angeles,
172-104-242-173.ip.linodeusercontent.com,Frankfurt am Main,Hesse,DE,"50.1155,8.6842",AS63949 Akamai Connected Cloud,60306,Europe/Berlin,
162-216-7-206.static.hvvc.us,Atlanta,Georgia,US,"33.7525,-84.3888","AS29802 HIVELOCITY, Inc.",30303,America/New_York,
,Santa Clara,California,US,"37.3483,-121.9844","AS14061 DigitalOcean, LLC",95051,America/Los_Angeles,
47-145-152-26.fdr01.blpk.ca.ip.frontiernet.net,West Covina,California,US,"34.0686,-117.9390","AS5650 Frontier Communications of America, Inc.",91790,America/Los_Angeles,
syn-172-220-048-061.res.spectrum.com,Delavan,Wisconsin,US,"42.6331,-88.6437",AS20115 Charter Communications LLC,53115,America/Chicago,
pool-98-113-22-77.nycmny.fios.verizon.net,New Rochelle,New York,US,"40.9115,-73.7823",AS701 Verizon Business,10801,America/New_York,
,Humacao,Humacao,PR,"18.1497,-65.8274",AS21559 OSNET Wireless,00791,America/Puerto_Rico,
198-196-245-216.static.reverse.lstn.net,Dallas,Texas,US,"32.7831,-96.8067","AS46475 Limestone Networks, Inc.",75201,America/Chicago,
,Singapore,Singapore,SG,"1.3215,103.6957","AS14061 DigitalOcean, LLC",627753,Asia/Singapore,
bras-base-mtrlpq42zf4-grc-29-142-122-130-165.dsl.bell.ca,Montréal,Quebec,CA,"45.5088,-73.5878",AS577 Bell Canada,H3H,America/Toronto,
162-238-46-148.lightspeed.jcvlfl.sbcglobal.net,Jacksonville Beach,Florida,US,"30.2801,-81.4165","AS7018 AT&T Enterprises, LLC",32250,America/New_York,
dynamic.libertypr.net,Caguas,Caguas,PR,"18.2341,-66.0485",AS14638 Liberty Communications of Puerto Rico LLC,00725,America/Puerto_Rico,
,Ashburn,Virginia,US,"39.0437,-77.4875",AS3257 GTT Communications Inc.,20147,America/New_York,
,Dale City,Virginia,US,"38.6371,-77.3111",AS701 Verizon Business,22191,America/New_York,
client-199-58-100-177.knox.alyrica.net,Albany,Oregon,US,"44.6365,-123.1059",AS25961 Alyrica Networks Inc.,97321,America/Los_Angeles,
client-199-58-97-144.evergreen.alyrica.net,Corvallis,Oregon,US,"44.5646,-123.2620",AS25961 Alyrica Networks Inc.,97339,America/Los_Angeles,
client-199-58-100-173.knox.alyrica.net,Albany,Oregon,US,"44.6365,-123.1059",AS25961 Alyrica Networks Inc.,97321,America/Los_Angeles,
c-66-176-171-173.hsd1.fl.comcast.net,Westchester,Florida,US,"25.7548,-80.3273","AS7922 Comcast Cable Communications, LLC",33144,America/New_York,
,Ashburn,Virginia,US,"39.0437,-77.4875",AS701 Verizon Business,20147,America/New_York,
,Ashburn,Virginia,US,"39.0437,-77.4875",AS701 Verizon Business,20147,America/New_York,
host-24-222-239-248.public.eastlink.ca,Halifax,Nova Scotia,CA,"44.6427,-63.5769",AS11260 EastLink,B3J,America/Halifax,
,Nassau,New Providence,BS,"25.0582,-77.3431",AS15146 Cable Bahamas,,America/Nassau,
,Reston,Virginia,US,"38.9318,-77.3527",AS701 Verizon Business,20191,America/New_York,
136-29-17-198.cab.webpass.net,Denver,Colorado,US,"39.7392,-104.9847",AS19165 Webpass Inc.,80203,America/Denver,
107-175-144-46-host.colocrossing.com,Buffalo,New York,US,"42.8865,-78.8784",AS36352 HostPapa,14202,America/New_York,
,Albuquerque,New Mexico,US,"35.0845,-106.6511","AS7922 Comcast Cable Communications, LLC",87102,America/Denver,
syn-072-043-019-094.biz.spectrum.com,Ithaca,New York,US,"42.4406,-76.4966",AS11351 Charter Communications Inc,14850,America/New_York,
,Dallas,Texas,US,"32.7831,-96.8067",AS36352 HostPapa,75201,America/Chicago,
,Singapore,Singapore,SG,"1.3215,103.6957","AS14061 DigitalOcean, LLC",627753,Asia/Singapore,
d24-36-239-217.home1.cgocable.net,Vineland,Ontario,CA,"43.1513,-79.3945",AS7992 Cogeco Connexion Inc.,L2R,America/Toronto,
syn-071-014-170-158.biz.spectrum.com,Opelousas,Louisiana,US,"30.5335,-92.0815",AS20115 Charter Communications LLC,70571,America/Chicago,
c-68-39-217-215.hsd1.in.comcast.net,Indianapolis,Indiana,US,"39.7684,-86.1580","AS7922 Comcast Cable Communications, LLC",46204,America/Indiana/Indianapolis,
syn-074-129-099-198.res.spectrum.com,Evansville,Indiana,US,"38.0617,-87.5548",AS10796 Charter Communications Inc,47711,America/Chicago,
,Ashburn,Virginia,US,"39.0437,-77.4875",AS701 Verizon Business,20147,America/New_York,
ip24-251-19-97.ph.ph.cox.net,Phoenix,Arizona,US,"33.4484,-112.0740",AS22773 Cox Communications Inc.,85001,America/Phoenix,
syn-075-082-049-143.res.spectrum.com,Burbank,California,US,"34.1802,-118.4324",AS20001 Charter Communications Inc,91401,America/Los_Angeles,
c-69-142-137-196.hsd1.nj.comcast.net,North Cape May,New Jersey,US,"38.9821,-74.9579","AS7922 Comcast Cable Communications, LLC",08204,America/New_York,
253-92-178-69.gci.net,Fairbanks,Alaska,US,"64.8378,-147.7164","AS8047 GENERAL COMMUNICATION, INC.",99701,America/Anchorage,
nv-71-50-64-207.dhcp.embarqhsd.net,Las Vegas,Nevada,US,"36.1750,-115.1372","AS209 CenturyLink Communications, LLC",89111,America/Los_Angeles,
dhcp-198-2-78-80.cable.user.start.ca,Toronto,Ontario,CA,"43.7064,-79.3986",AS40788 Start Communications,M5A,America/Toronto,
4.36.203.35.bc.googleusercontent.com,Montréal,Quebec,CA,"45.5088,-73.5878",AS396982 Google LLC,H3H,America/Toronto,
baudette-pool2-253.mncable.net,Warren,Minnesota,US,"48.1966,-96.7728",AS33234 Sjoberg's Inc,56762,America/Chicago,
,Frankfurt am Main,Hesse,DE,"50.1155,8.6842",AS61317 Hivelocity LLC,60306,Europe/Berlin,
,Santa Clara,California,US,"37.3541,-121.9552","AS132203 Tencent Building, Kejizhongyi Avenue",95050,America/Los_Angeles,
syn-184-058-186-036.res.spectrum.com,North Prairie,Wisconsin,US,"42.9345,-88.4054",AS10796 Charter Communications Inc,53153,America/Chicago,
213.99.243.35.bc.googleusercontent.com,Tokyo,Tokyo,JP,"35.6895,139.6917",AS396982 Google LLC,101-8656,Asia/Tokyo,
spfilter1-out1.us02.secure-dns.net,Denver,Colorado,US,"39.7392,-104.9847","AS30475 Handy Networks, LLC",80203,America/Denver,
,Boston,Massachusetts,US,"42.3584,-71.0598","AS7922 Comcast Cable Communications, LLC",02108,America/New_York,
syn-174-081-209-075.res.spectrum.com,Mount Pleasant,Michigan,US,"43.5978,-84.7675",AS20115 Charter Communications LLC,48858,America/Detroit,
,Mesquite,Texas,US,"32.7668,-96.5992","AS7018 AT&T Enterprises, LLC",75149,America/Chicago,
dynamic-acs-24-112-134-48.zoominternet.net,Fawn Grove,Pennsylvania,US,"39.7279,-76.4519",AS27364 Armstrong,17321,America/New_York,
syn-075-086-128-015.res.spectrum.com,Delafield,Wisconsin,US,"43.0608,-88.4037",AS10796 Charter Communications Inc,53018,America/Chicago,
23-95-191-199-host.colocrossing.com,Buffalo,New York,US,"42.8865,-78.8784",AS36352 HostPapa,14202,America/New_York,
23-27-127-139.ips.acedatacenter.com,Tokyo,Tokyo,JP,"35.6895,139.6917",AS134351 Leaseweb Japan K.K.,101-8656,Asia/Tokyo,
home.menalto.com,Santa Rosa,California,US,"38.4405,-122.7144","AS7922 Comcast Cable Communications, LLC",95402,America/Los_Angeles,
c-73-85-63-100.hsd1.fl.comcast.net,Fort Lauderdale,Florida,US,"26.1223,-80.1434","AS7922 Comcast Cable Communications, LLC",33302,America/New_York,
108-245-139-3.lightspeed.irvnca.sbcglobal.net,Irvine,California,US,"33.6829,-117.8298","AS7018 AT&T Enterprises, LLC",92614,America/Los_Angeles,
108-83-164-236.lightspeed.dybhfl.sbcglobal.net,Orlando,Florida,US,"28.5803,-81.4396","AS7018 AT&T Enterprises, LLC",32808,America/New_York,
it.thecrosbygroup.com,Oakland,California,US,"37.8044,-122.2708","AS7018 AT&T Enterprises, LLC",94604,America/Los_Angeles,
syn-024-173-065-222.biz.spectrum.com,Lakeway,Texas,US,"30.3638,-97.9796",AS11427 Charter Communications Inc,78734,America/Chicago,
72-36-59-228.dynamic.range.net,Sundance,Wyoming,US,"44.4064,-104.3758",AS30110 Advanced Communications Technology,82729,America/Denver,
71-139-33-28.lightspeed.lbcktx.sbcglobal.net,Lubbock,Texas,US,"33.5693,-101.8904","AS7018 AT&T Enterprises, LLC",79410,America/Chicago,
syn-065-033-205-179.res.spectrum.com,Ruskin,Florida,US,"27.7209,-82.4331","AS33363 Charter Communications, Inc",33575,America/New_York,
mctnnbsa70w-134-41-140-119.dhcp-dynamic.fibreop.nb.bellaliant.net,Moncton,New Brunswick,CA,"46.0945,-64.7965",AS855 Bell Canada,E1C,America/Moncton,
,Greater Sudbury,Ontario,CA,"46.4900,-80.9900",AS395127 Sunwire Inc.,P3C,America/Toronto,
syn-098-024-204-245.res.spectrum.com,Fayetteville,North Carolina,US,"35.0527,-78.8784",AS11426 Charter Communications Inc,28301,America/New_York,
,Tunapuna,Tunapuna/Piarco,TT,"10.6524,-61.3888",AS27665 Columbus Communications Trinidad Limited.,,America/Port_of_Spain,
dhcp-44-65-7f-88-d9-66.cpe.ezlink.ca,Huron East,Ontario,CA,"43.6168,-81.2998",AS11287 Mitchell Seaforth Cable T. V. Ltd.,N4W,America/Toronto,
ool-18beef63.dyn.optonline.net,New York City,New York,US,"40.7143,-74.0060",AS6128 Cablevision Systems Corp.,10001,America/New_York,
,Ashburn,Virginia,US,"39.0437,-77.4875",AS18779 EGIHosting,20149,America/New_York,
,Tokyo,Tokyo,JP,"35.6895,139.6917",AS984 OCTOPUS WEB SOLUTION INC,101-8656,Asia/Tokyo,
test.wecreatesolutions.nl,Amsterdam,North Holland,NL,"52.3740,4.8897","AS14061 DigitalOcean, LLC",1012,Europe/Amsterdam,
,New York City,New York,US,"40.7143,-74.0060",AS53667 FranTech Solutions,10001,America/New_York,
,Irvine,California,US,"33.6695,-117.8231","AS5693 Latisys-Irvine, LLC",92612,America/Los_Angeles,
99-44-136-84.lightspeed.nworla.sbcglobal.net,Lockport,Louisiana,US,"29.6460,-90.5392","AS7018 AT&T Enterprises, LLC",70374,America/Chicago,
internettl.org,Chicago,Illinois,US,"41.8500,-87.6500",AS14987 Rethem Hosting LLC,60666,America/Chicago,
dynamic-acs-24-101-142-55.zoominternet.net,Proctorville,Ohio,US,"38.4370,-82.3771",AS27364 Armstrong,45669,America/New_York,
,Mayagüez,Mayagüez,PR,"18.2011,-67.1396",AS14638 Liberty Communications of Puerto Rico LLC,00680,America/Puerto_Rico,
syn-071-012-146-244.res.spectrum.com,Gainesville,Georgia,US,"34.2979,-83.8241",AS20115 Charter Communications LLC,30501,America/New_York,
23-31-248-122-static.hfc.comcastbusiness.net,Lancaster,Pennsylvania,US,"40.0379,-76.3055","AS7922 Comcast Cable Communications, LLC",17611,America/New_York,
ool-1892936b.dyn.optonline.net,Paterson,New Jersey,US,"40.9168,-74.1718",AS6128 Cablevision Systems Corp.,07501,America/New_York,
s6-229-68-64.ssvec.az.wi-power.com,Whetstone,Arizona,US,"31.6925,-110.3501",AS13904 Cherryland Services Inc,85616,America/Phoenix,
dsl-l-194.nortex.net,Muenster,Texas,US,"33.6518,-97.3764",AS16823 Nortex Communications Company,76252,America/Chicago,
syn-097-083-055-000.res.spectrum.com,Kalamazoo,Michigan,US,"42.2624,-85.6096",AS20115 Charter Communications LLC,49008,America/Detroit,
173-24-172-34.client.mchsi.com,Dubuque,Iowa,US,"42.5006,-90.6646",AS30036 Mediacom Communications Corp,52004,America/Chicago,
syn-076-176-068-164.res.spectrum.com,San Diego,California,US,"33.0067,-117.0690",AS20001 Charter Communications Inc,92128,America/Los_Angeles,
162-201-17-138.lightspeed.hstntx.sbcglobal.net,Houston,Texas,US,"29.7348,-95.5220","AS7018 AT&T Enterprises, LLC",77063,America/Chicago,
wsip-70-184-208-94.om.om.cox.net,Omaha,Nebraska,US,"41.2563,-95.9404",AS22773 Cox Communications Inc.,68101,America/Chicago,
,Toronto,Ontario,CA,"43.6518,-79.5076",AS577 Bell Canada,M8X,America/Toronto,
72-65-102-211.bngrme.fidium.ccidns.net,Bangor,Maine,US,"44.7988,-68.7726","AS13977 Consolidated Communications, Inc.",04402,America/New_York,
,Lake Butler,Florida,US,"28.5017,-81.5409",AS23314 Summit Broadband,32054,America/New_York,
99-196-102-147.cust.exede.net,Lehigh Acres,Florida,US,"26.6254,-81.6248","AS7155 ViaSat,Inc.",33972,America/New_York,
pool-108-26-254-39.bstnma.fios.verizon.net,Lynn,Massachusetts,US,"42.4668,-70.9495",AS701 Verizon Business,01901,America/New_York,
syn-070-122-203-138.res.spectrum.com,San Marcos,Texas,US,"29.8833,-97.9414",AS11427 Charter Communications Inc,78666,America/Chicago,
107-175-25-87-host.colocrossing.com,Los Angeles,California,US,"34.0522,-118.2437",AS36352 HostPapa,90009,America/Los_Angeles,
,Hamilton,Ontario,CA,"43.2501,-79.8496",AS35843 Rogers Communications,L8M,America/Toronto,
c-24-10-122-212.hsd1.ca.comcast.net,Fresno,California,US,"36.7477,-119.7724","AS7922 Comcast Cable Communications, LLC",93737,America/Los_Angeles,
,Toronto,Ontario,CA,"43.7064,-79.3986","AS14061 DigitalOcean, LLC",M5A,America/Toronto,
153.188.169.192.host.secureserver.net,Phoenix,Arizona,US,"33.4484,-112.0740","AS26496 GoDaddy.com, LLC",85001,America/Phoenix,
c-73-91-175-81.hsd1.ms.comcast.net,Meridian,Mississippi,US,"32.3643,-88.7037","AS7922 Comcast Cable Communications, LLC",39302,America/Chicago,
,Clifton,New Jersey,US,"40.8344,-74.1377","AS14061 DigitalOcean, LLC",07014,America/New_York,
static-98-110-78-226.cmdnnj.fios.verizon.net,Princeton,New Jersey,US,"40.3487,-74.6590",AS701 Verizon Business,08541,America/New_York,
,North Bergen,New Jersey,US,"40.8043,-74.0121","AS14061 DigitalOcean, LLC",07047,America/New_York,
host-216-104-115-15.public.eastlink.ca,Hawkesbury,Ontario,CA,"45.6001,-74.6159",AS11260 EastLink,K6A,America/Toronto,
mail.maroongroupllc.com,Avon,Ohio,US,"41.4517,-82.0354",AS10796 Charter Communications Inc,44011,America/New_York,
d198-166-73-140.abhsia.telus.net,Calgary,Alberta,CA,"51.0501,-114.0853",AS852 TELUS Communications Inc.,T3S,America/Edmonton,
c-73-66-112-47.hsd1.ca.comcast.net,Carmichael,California,US,"38.6171,-121.3283","AS7922 Comcast Cable Communications, LLC",95609,America/Los_Angeles,
,St. Louis,Missouri,US,"38.6445,-90.2544","AS7018 AT&T Enterprises, LLC",63108,America/Chicago,
syn-071-014-237-124.biz.spectrum.com,St. Louis,Missouri,US,"38.6273,-90.1979",AS20115 Charter Communications LLC,63101,America/Chicago,
47-197-135-149.tamp.fl.frontiernet.net,Fish Hawk,Florida,US,"27.8506,-82.2109","AS5650 Frontier Communications of America, Inc.",33596,America/New_York,
syn-047-034-203-176.res.spectrum.com,Monterey Park,California,US,"34.0534,-118.1271",AS20115 Charter Communications LLC,91754,America/Los_Angeles,
dsl-104-37-79-151.dellcity.com,Pecos,Texas,US,"31.4229,-103.4932","AS23546 Delcom, Inc.",79772,America/Chicago,
107-208-194-17.lightspeed.irvnca.sbcglobal.net,Orange,California,US,"33.8263,-117.8511","AS7018 AT&T Enterprises, LLC",92865,America/Los_Angeles,
syn-098-101-118-235.biz.spectrum.com,High Point,North Carolina,US,"35.9734,-80.0107",AS11426 Charter Communications Inc,27262,America/New_York,
,Bellevue,Washington,US,"47.5614,-122.1552",,98006,America/Los_Angeles,
ip-192-24-194-175.dynamic.fuse.net,Florence,Kentucky,US,"38.9990,-84.6266",AS6181 Cincinnati Bell Telephone Company LLC,41042,America/New_York,
c-69-141-13-42.hsd1.nj.comcast.net,Smithville,New Jersey,US,"39.4940,-74.4571","AS7922 Comcast Cable Communications, LLC",08205,America/New_York,
c-73-111-218-220.hsd1.il.comcast.net,Vernon Hills,Illinois,US,"42.2195,-87.9795","AS7922 Comcast Cable Communications, LLC",60061,America/Chicago,
,Doral,Florida,US,"25.8195,-80.3553","AS7018 AT&T Enterprises, LLC",33178,America/New_York,
,Nassau,New Providence,BS,"25.0582,-77.3431",AS15146 Cable Bahamas,,America/Nassau,
173-160-23-238-sacramento.hfc.comcastbusiness.net,Fresno,California,US,"36.7477,-119.7724","AS7922 Comcast Cable Communications, LLC",93737,America/Los_Angeles,
,Secaucus,New Jersey,US,"40.7895,-74.0565","AS14061 DigitalOcean, LLC",07094,America/New_York,
ip-199-48-164-49-static.hsip.as19531.net,Jacksonville,Florida,US,"30.3322,-81.6556",AS19531 Nodes Direct,32202,America/New_York,
office.gfo.ca,Guelph,Ontario,CA,"43.5459,-80.2560",AS11647 Sentex Communications Corporation,N1E,America/Toronto,
6to4.sjc1.he.net,San Jose,California,US,"37.3394,-121.8950",AS6939 Hurricane Electric LLC,95025,America/Los_Angeles,
syn-047-232-201-183.res.spectrum.com,Burbank,California,US,"34.1808,-118.3090",AS20115 Charter Communications LLC,91501,America/Los_Angeles,
vpn.madpenguin.uk,London,England,GB,"51.5085,-0.1257","AS14061 DigitalOcean, LLC",E1W,Europe/London,
ool-18bfbb5a.dyn.optonline.net,New York City,New York,US,"40.7143,-74.0060",AS6128 Cablevision Systems Corp.,10001,America/New_York,
clnc-5-208-126-34-175.dsl.netins.net,Clarence,Iowa,US,"41.8889,-91.0565",AS5056 Aureon Network Services,52216,America/Chicago,
h75-152-94-180.ptr.qidc.telus.com,Bonaventure,Quebec,CA,"48.0457,-65.4926",AS852 TELUS Communications Inc.,G0C,America/Toronto,
adsl-99-33-195-164.dsl.wlfrct.sbcglobal.net,Miami,Florida,US,"25.6062,-80.3426","AS7018 AT&T Enterprises, LLC",33157,America/New_York,
,Washington,District of Columbia,US,"38.8951,-77.0364",AS174 Cogent Communications,20004,America/New_York,
syn-072-227-145-034.res.spectrum.com,New York City,New York,US,"40.7611,-73.8916",AS12271 Charter Communications Inc,11370,America/New_York,
syn-070-114-021-033.res.spectrum.com,New Braunfels,Texas,US,"29.7229,-98.0742",AS11427 Charter Communications Inc,78130,America/Chicago,
,Baltimore,Maryland,US,"39.2904,-76.6122",AS27357 Rackspace Hosting,21203,America/New_York,
144.121.237.94.lightower.net,New York City,New York,US,"40.7143,-74.0060",AS46887 Crown Castle Fiber LLC,10001,America/New_York,
,Paris,Île-de-France,FR,"48.8534,2.3488",AS212238 Datacamp Limited,75000,Europe/Paris,
192-3-160-102-host.colocrossing.com,Dallas,Texas,US,"32.7831,-96.8067",AS36352 HostPapa,75201,America/Chicago,
c-73-50-31-36.hsd1.il.comcast.net,Streamwood,Illinois,US,"42.0256,-88.1784","AS7922 Comcast Cable Communications, LLC",60107,America/Chicago,
ip70-185-159-50.sb.sd.cox.net,Santa Barbara,California,US,"34.4208,-119.6982",AS22773 Cox Communications Inc.,93101,America/Los_Angeles,
h-67-100-75-187.snva.ca.globalcapacity.com,Sunnyvale,California,US,"37.3688,-122.0363",AS3257 GTT Communications Inc.,94088,America/Los_Angeles,
h50.187.135.40.static.ip.windstream.net,New York City,New York,US,"40.7143,-74.0060",AS7029 Windstream Communications LLC,10001,America/New_York,
,Poulsbo,Washington,US,"47.7359,-122.6465","AS7922 Comcast Cable Communications, LLC",98370,America/Los_Angeles,
10-153-58-66.gci.net,Anchorage,Alaska,US,"61.2181,-149.9003","AS8047 GENERAL COMMUNICATION, INC.",99509,America/Anchorage,
,New York City,New York,US,"40.7143,-74.0060",AS53667 FranTech Solutions,10001,America/New_York,
c-73-184-100-151.hsd1.ga.comcast.net,Atlanta,Georgia,US,"33.7490,-84.3880","AS7922 Comcast Cable Communications, LLC",30302,America/New_York,
,Guayama,Guayama,PR,"17.9841,-66.1138",AS14638 Liberty Communications of Puerto Rico LLC,00784,America/Puerto_Rico,
syn-071-042-101-242.biz.spectrum.com,Arlington,Texas,US,"32.7357,-97.1081",AS11427 Charter Communications Inc,76004,America/Chicago,
mainndeals.com,Seattle,Washington,US,"47.6062,-122.3321","AS3842 InMotion Hosting, Inc.",98101,America/Los_Angeles,
135-23-218-194.cpe.pppoe.ca,Richmond Hill,Ontario,CA,"43.8711,-79.4373","AS5645 TekSavvy Solutions, Inc.",L4C,America/Toronto,
162-17-154-254-static.hfc.comcastbusiness.net,Troy,Michigan,US,"42.6056,-83.1499","AS7922 Comcast Cable Communications, LLC",48085,America/Detroit,
,Chicago,Illinois,US,"41.8500,-87.6500","AS11878 tzulo, inc.",60666,America/Chicago,
pool-108-14-14-194.nycmny.fios.verizon.net,New York City,New York,US,"40.7143,-74.0060",AS701 Verizon Business,10001,America/New_York,
mail.decowski.com,Santa Clara,California,US,"37.3924,-121.9623","AS20473 The Constant Company, LLC",95054,America/Los_Angeles,
syn-071-041-076-058.biz.spectrum.com,Tampa,Florida,US,"27.9475,-82.4584","AS33363 Charter Communications, Inc",33606,America/New_York,
dynamic.libertypr.net,San Juan,San Juan,PR,"18.4663,-66.1057",AS14638 Liberty Communications of Puerto Rico LLC,00901,America/Puerto_Rico,
,Kabul,Kabul,AF,"34.5281,69.1723",AS133894 Easy Connect- ISP,,Asia/Kabul,
,Gravenhurst,Ontario,CA,"44.9168,-79.3663",AS54198 Videotron Ltee,P1P,America/Toronto,
ns2.webhp.lowhosting.org,New York City,New York,US,"40.7143,-74.0060",AS53667 FranTech Solutions,10001,America/New_York,
syn-173-090-103-249.res.spectrum.com,Cortland,Ohio,US,"41.3303,-80.7254",AS10796 Charter Communications Inc,44410,America/New_York,
,Los Angeles,California,US,"34.0522,-118.2437",AS395092 Shock Hosting LLC,90009,America/Los_Angeles,
syn-174-135-156-106.biz.spectrum.com,Winter Haven,Florida,US,"28.0222,-81.7329","AS33363 Charter Communications, Inc",33882,America/New_York,
173-24-14-150.client.mchsi.com,Montgomery,Minnesota,US,"44.4389,-93.5813",AS30036 Mediacom Communications Corp,56069,America/Chicago,
24-119-8-220.cpe.sparklight.net,Pascagoula,Mississippi,US,"30.3658,-88.5561","AS11492 CABLE ONE, INC.",39567,America/Chicago,
,North Bergen,New Jersey,US,"40.8043,-74.0121","AS14061 DigitalOcean, LLC",07047,America/New_York,
,Toronto,Ontario,CA,"43.7064,-79.3986","AS14061 DigitalOcean, LLC",M5A,America/Toronto,
,St. Louis,Missouri,US,"38.6273,-90.1979",,63101,America/Chicago,
207.246.105.201.vultrusercontent.com,Los Angeles,California,US,"34.0614,-118.2385","AS20473 The Constant Company, LLC",90012,America/Los_Angeles,
tac0.totalappcontrol.com,Las Vegas,Nevada,US,"36.1750,-115.1372",AS53667 FranTech Solutions,89111,America/Los_Angeles,
108-233-73-175.lightspeed.irvnca.sbcglobal.net,Los Angeles,California,US,"34.0699,-118.3492","AS7018 AT&T Enterprises, LLC",90036,America/Los_Angeles,
ec2-54-197-213-193.compute-1.amazonaws.com,Ashburn,Virginia,US,"39.0437,-77.4875","AS14618 Amazon.com, Inc.",20147,America/New_York,
,Brooklet,Georgia,US,"32.3796,-81.6632","AS21713 Bulloch County Rural Telephone Cooperative, Inc.",30415,America/New_York,
,St. Louis,Missouri,US,"38.6273,-90.1979",,63101,America/Chicago,
,Toronto,Ontario,CA,"43.7064,-79.3986","AS14061 DigitalOcean, LLC",M5A,America/Toronto,
,St. Louis,Missouri,US,"38.6273,-90.1979",,63101,America/Chicago,
,Las Vegas,Nevada,US,"36.1725,-115.1414",AS53667 FranTech Solutions,89162,America/Los_Angeles,
,Aguadilla,Aguadilla,PR,"18.4275,-67.1541",AS14638 Liberty Communications of Puerto Rico LLC,00603,America/Puerto_Rico,
syn-047-037-149-211.res.spectrum.com,Altadena,California,US,"34.1897,-118.1312",AS20115 Charter Communications LLC,91001,America/Los_Angeles,
pool-100-8-30-223.nwrknj.fios.verizon.net,Newark,New Jersey,US,"40.7357,-74.1724",AS701 Verizon Business,07102,America/New_York,
,Randolph,Vermont,US,"43.9251,-72.6659",AS55145 ECFiber,05060,America/New_York,
i0-h0-s2012.p12-sjc.cdngp.net,San Jose,California,US,"37.3394,-121.8950",AS54994 Meteverse Limited.,95025,America/Los_Angeles,
c-73-65-133-36.hsd1.ut.comcast.net,Salt Lake City,Utah,US,"40.7608,-111.8911","AS7922 Comcast Cable Communications, LLC",84101,America/Denver,
,St. Louis,Missouri,US,"38.6273,-90.1979",,63101,America/Chicago,
ip-24-143-146-122.user.start.ca,Sarnia,Ontario,CA,"42.9787,-82.4041",AS40788 Start Communications,N7V,America/Toronto,
,Memphis,Tennessee,US,"35.1495,-90.0490","AS7922 Comcast Cable Communications, LLC",37544,America/Chicago,
,St. Louis,Missouri,US,"38.6273,-90.1979",,63101,America/Chicago,
d-207-255-182-111.mdde.cpe.atlanticbb.net,Stevensville,Maryland,US,"38.9807,-76.3144",AS11776 Breezeline,21666,America/New_York,
,Naples Park,Florida,US,"26.2617,-81.8093",AS23314 Summit Broadband,34108,America/New_York,
d173-238-147-149.home4.cgocable.net,St. Catharines,Ontario,CA,"43.1713,-79.2427",AS7992 Cogeco Connexion Inc.,L2N,America/Toronto,
108-228-252-235.lightspeed.brhmal.sbcglobal.net,Florence,Alabama,US,"34.7998,-87.6773","AS7018 AT&T Enterprises, LLC",35630,America/Chicago,
96-84-31-249-static.hfc.comcastbusiness.net,Hollywood,Florida,US,"26.0112,-80.1495","AS7922 Comcast Cable Communications, LLC",33020,America/New_York,
72-36-9-72.dynamic.range.net,Lame Deer,Montana,US,"45.6230,-106.6667",AS30110 Advanced Communications Technology,59043,America/Denver,
,Pembroke Pines,Florida,US,"26.0032,-80.2239","AS7922 Comcast Cable Communications, LLC",33082,America/New_York,
,Secaucus,New Jersey,US,"40.7895,-74.0565",AS9009 M247 Europe SRL,07094,America/New_York,
106.228.74.97.host.secureserver.net,Phoenix,Arizona,US,"33.4484,-112.0740","AS26496 GoDaddy.com, LLC",85001,America/Phoenix,
75-3-198-176.lightspeed.miamfl.sbcglobal.net,Miami,Florida,US,"25.7539,-80.2253","AS7018 AT&T Enterprises, LLC",33145,America/New_York,
,North Bergen,New Jersey,US,"40.8043,-74.0121","AS14061 DigitalOcean, LLC",07047,America/New_York,
,Toronto,Ontario,CA,"43.7064,-79.3986",AS577 Bell Canada,M5A,America/Toronto,
dsl-dhcp-katytxxchrc-64-92-26-47.consolidated.net,Katy,Texas,US,"29.7858,-95.8244","AS6300 Consolidated Communications, Inc.",77491,America/Chicago,
,San Francisco,California,US,"37.7309,-122.3886","AS14061 DigitalOcean, LLC",94124,America/Los_Angeles,
,San Francisco,California,US,"37.7309,-122.3886","AS14061 DigitalOcean, LLC",94124,America/Los_Angeles,
,San Francisco,California,US,"37.7309,-122.3886","AS14061 DigitalOcean, LLC",94124,America/Los_Angeles,
,San Francisco,California,US,"37.7309,-122.3886","AS14061 DigitalOcean, LLC",94124,America/Los_Angeles,
,San Francisco,California,US,"37.7309,-122.3886","AS14061 DigitalOcean, LLC",94124,America/Los_Angeles,
,San Francisco,California,US,"37.7309,-122.3886","AS14061 DigitalOcean, LLC",94124,America/Los_Angeles,
,San Francisco,California,US,"37.7309,-122.3886","AS14061 DigitalOcean, LLC",94124,America/Los_Angeles,
,San Francisco,California,US,"37.7309,-122.3886","AS14061 DigitalOcean, LLC",94124,America/Los_Angeles,
,San Francisco,California,US,"37.7309,-122.3886","AS14061 DigitalOcean, LLC",94124,America/Los_Angeles,
,San Francisco,California,US,"37.7309,-122.3886","AS14061 DigitalOcean, LLC",94124,America/Los_Angeles,
,San Francisco,California,US,"37.7309,-122.3886","AS14061 DigitalOcean, LLC",94124,America/Los_Angeles,
,San Francisco,California,US,"37.7309,-122.3886","AS14061 DigitalOcean, LLC",94124,America/Los_Angeles,
,San Francisco,California,US,"37.7309,-122.3886","AS14061 DigitalOcean, LLC",94124,America/Los_Angeles,
,San Francisco,California,US,"37.7309,-122.3886","AS14061 DigitalOcean, LLC",94124,America/Los_Angeles,
,San Francisco,California,US,"37.7309,-122.3886","AS14061 DigitalOcean, LLC",94124,America/Los_Angeles,
,San Francisco,California,US,"37.7309,-122.3886","AS14061 DigitalOcean, LLC",94124,America/Los_Angeles,
,San Francisco,California,US,"37.7309,-122.3886","AS14061 DigitalOcean, LLC",94124,America/Los_Angeles,
,San Francisco,California,US,"37.7309,-122.3886","AS14061 DigitalOcean, LLC",94124,America/Los_Angeles,
,San Francisco,California,US,"37.7309,-122.3886","AS14061 DigitalOcean, LLC",94124,America/Los_Angeles,
,San Francisco,California,US,"37.7309,-122.3886","AS14061 DigitalOcean, LLC",94124,America/Los_Angeles,
,San Francisco,California,US,"37.7309,-122.3886","AS14061 DigitalOcean, LLC",94124,America/Los_Angeles,
,San Francisco,California,US,"37.7309,-122.3886","AS14061 DigitalOcean, LLC",94124,America/Los_Angeles,
,San Francisco,California,US,"37.7309,-122.3886","AS14061 DigitalOcean, LLC",94124,America/Los_Angeles,
,San Francisco,California,US,"37.7309,-122.3886","AS14061 DigitalOcean, LLC",94124,America/Los_Angeles,
,San Francisco,California,US,"37.7309,-122.3886","AS14061 DigitalOcean, LLC",94124,America/Los_Angeles,
,San Francisco,California,US,"37.7309,-122.3886","AS14061 DigitalOcean, LLC",94124,America/Los_Angeles,
,San Francisco,California,US,"37.7309,-122.3886","AS14061 DigitalOcean, LLC",94124,America/Los_Angeles,
,San Francisco,California,US,"37.7309,-122.3886","AS14061 DigitalOcean, LLC",94124,America/Los_Angeles,
,San Francisco,California,US,"37.7309,-122.3886","AS14061 DigitalOcean, LLC",94124,America/Los_Angeles,
,San Francisco,California,US,"37.7309,-122.3886","AS14061 DigitalOcean, LLC",94124,America/Los_Angeles,
,San Francisco,California,US,"37.7309,-122.3886","AS14061 DigitalOcean, LLC",94124,America/Los_Angeles,
,North Bergen,New Jersey,US,"40.8043,-74.0121","AS14061 DigitalOcean, LLC",07047,America/New_York,
,Las Vegas,Nevada,US,"36.1750,-115.1372",AS53667 FranTech Solutions,89111,America/Los_Angeles,
,San Francisco,California,US,"37.7309,-122.3886","AS14061 DigitalOcean, LLC",94124,America/Los_Angeles,
,San Francisco,California,US,"37.7309,-122.3886","AS14061 DigitalOcean, LLC",94124,America/Los_Angeles,
realise.wheatone.net,Phoenix,Arizona,US,"33.4484,-112.0740",AS20454 SECURED SERVERS LLC,85001,America/Phoenix,
,San Francisco,California,US,"37.7309,-122.3886","AS14061 DigitalOcean, LLC",94124,America/Los_Angeles,
ool-4572d279.dyn.optonline.net,New York City,New York,US,"40.7143,-74.0060",AS6128 Cablevision Systems Corp.,10001,America/New_York,
,North Bergen,New Jersey,US,"40.8043,-74.0121","AS14061 DigitalOcean, LLC",07047,America/New_York,
,Paris,Île-de-France,FR,"48.8534,2.3488",AS212238 Datacamp Limited,75000,Europe/Paris,
,San Francisco,California,US,"37.7309,-122.3886","AS14061 DigitalOcean, LLC",94124,America/Los_Angeles,
,San Francisco,California,US,"37.7309,-122.3886","AS14061 DigitalOcean, LLC",94124,America/Los_Angeles,
,San Francisco,California,US,"37.7309,-122.3886","AS14061 DigitalOcean, LLC",94124,America/Los_Angeles,
,Singapore,Singapore,SG,"1.3215,103.6957","AS14061 DigitalOcean, LLC",627753,Asia/Singapore,
,San Francisco,California,US,"37.7309,-122.3886","AS14061 DigitalOcean, LLC",94124,America/Los_Angeles,
d162.252.44-219.wcbn.abwa1.o-net.ca,Waterton,Alberta,CA,"49.0500,-113.9186",AS54841 TELUS Communications Inc.,,America/Edmonton,
,San Francisco,California,US,"37.7309,-122.3886","AS14061 DigitalOcean, LLC",94124,America/Los_Angeles,
,San Francisco,California,US,"37.7309,-122.3886","AS14061 DigitalOcean, LLC",94124,America/Los_Angeles,
pool-74-97-178-95.prvdri.fios.verizon.net,Cranston,Rhode Island,US,"41.7798,-71.4373",AS701 Verizon Business,02910,America/New_York,
,Milton,Ontario,CA,"43.5168,-79.8829",AS395965 Carrytel,L9E,America/Toronto,
,Clifton,New Jersey,US,"40.8344,-74.1377","AS14061 DigitalOcean, LLC",07014,America/New_York,
usloft5162.startdedicated.com,St. Louis,Missouri,US,"38.6273,-90.1979",AS30083 velia.net,63101,America/Chicago,
,Toronto,Ontario,CA,"43.7064,-79.3986","AS14061 DigitalOcean, LLC",M5A,America/Toronto,
c-73-41-34-172.hsd1.ca.comcast.net,Clovis,California,US,"36.8252,-119.7029","AS7922 Comcast Cable Communications, LLC",93613,America/Los_Angeles,
,Singapore,Singapore,SG,"1.2897,103.8501",AS59253 LEASEWEB SINGAPORE PTE. LTD.,018989,Asia/Singapore,
ip98-176-174-61.sd.sd.cox.net,San Diego,California,US,"32.7157,-117.1647",AS22773 Cox Communications Inc.,92101,America/Los_Angeles,
syn-070-118-069-030.biz.spectrum.com,Austin,Texas,US,"30.2672,-97.7431",AS11427 Charter Communications Inc,78701,America/Chicago,
d66-183-57-197.bchsia.telus.net,Surrey,British Columbia,CA,"49.1063,-122.8251",AS852 TELUS Communications Inc.,V3Z,America/Vancouver,
,Herndon,Virginia,US,"38.9839,-77.3675",AS6079 RCN,20170,America/New_York,
50-46-112-64.evrt.wa.ptr.ziplyfiber.com,Kirkland,Washington,US,"47.6786,-122.1894",AS20055 Wholesail networks LLC,98033,America/Los_Angeles,
syn-050-074-242-022.biz.spectrum.com,New York City,New York,US,"40.7143,-74.0060",AS12271 Charter Communications Inc,10001,America/New_York,
186-111-111-38.static.solidrdns.com,Toronto,Ontario,CA,"43.7064,-79.3986",AS399275 Solid Systems LLC,M5A,America/Toronto,
,San Francisco,California,US,"37.7309,-122.3886","AS14061 DigitalOcean, LLC",94124,America/Los_Angeles,
,San Francisco,California,US,"37.7309,-122.3886","AS14061 DigitalOcean, LLC",94124,America/Los_Angeles,
,San Francisco,California,US,"37.7309,-122.3886","AS14061 DigitalOcean, LLC",94124,America/Los_Angeles,
,San Francisco,California,US,"37.7309,-122.3886","AS14061 DigitalOcean, LLC",94124,America/Los_Angeles,
,San Francisco,California,US,"37.7309,-122.3886","AS14061 DigitalOcean, LLC",94124,America/Los_Angeles,
,San Francisco,California,US,"37.7309,-122.3886","AS14061 DigitalOcean, LLC",94124,America/Los_Angeles,
,San Francisco,California,US,"37.7309,-122.3886","AS14061 DigitalOcean, LLC",94124,America/Los_Angeles,
,San Francisco,California,US,"37.7309,-122.3886","AS14061 DigitalOcean, LLC",94124,America/Los_Angeles,
,San Francisco,California,US,"37.7309,-122.3886","AS14061 DigitalOcean, LLC",94124,America/Los_Angeles,
,San Francisco,California,US,"37.7309,-122.3886","AS14061 DigitalOcean, LLC",94124,America/Los_Angeles,
,San Francisco,California,US,"37.7309,-122.3886","AS14061 DigitalOcean, LLC",94124,America/Los_Angeles,
,San Francisco,California,US,"37.7309,-122.3886","AS14061 DigitalOcean, LLC",94124,America/Los_Angeles,
,San Francisco,California,US,"37.7309,-122.3886","AS14061 DigitalOcean, LLC",94124,America/Los_Angeles,
,San Francisco,California,US,"37.7309,-122.3886","AS14061 DigitalOcean, LLC",94124,America/Los_Angeles,
,San Francisco,California,US,"37.7309,-122.3886","AS14061 DigitalOcean, LLC",94124,America/Los_Angeles,
,San Francisco,California,US,"37.7309,-122.3886","AS14061 DigitalOcean, LLC",94124,America/Los_Angeles,
,San Francisco,California,US,"37.7309,-122.3886","AS14061 DigitalOcean, LLC",94124,America/Los_Angeles,
,San Francisco,California,US,"37.7309,-122.3886","AS14061 DigitalOcean, LLC",94124,America/Los_Angeles,
,San Francisco,California,US,"37.7309,-122.3886","AS14061 DigitalOcean, LLC",94124,America/Los_Angeles,
,San Francisco,California,US,"37.7309,-122.3886","AS14061 DigitalOcean, LLC",94124,America/Los_Angeles,
,San Francisco,California,US,"37.7309,-122.3886","AS14061 DigitalOcean, LLC",94124,America/Los_Angeles,
,San Francisco,California,US,"37.7309,-122.3886","AS14061 DigitalOcean, LLC",94124,America/Los_Angeles,
,San Francisco,California,US,"37.7309,-122.3886","AS14061 DigitalOcean, LLC",94124,America/Los_Angeles,
,Clifton,New Jersey,US,"40.8344,-74.1377","AS14061 DigitalOcean, LLC",07014,America/New_York,
,San Francisco,California,US,"37.7309,-122.3886","AS14061 DigitalOcean, LLC",94124,America/Los_Angeles,
,San Francisco,California,US,"37.7309,-122.3886","AS14061 DigitalOcean, LLC",94124,America/Los_Angeles,
,San Francisco,California,US,"37.7309,-122.3886","AS14061 DigitalOcean, LLC",94124,America/Los_Angeles,
,San Francisco,California,US,"37.7309,-122.3886","AS14061 DigitalOcean, LLC",94124,America/Los_Angeles,
,San Francisco,California,US,"37.7309,-122.3886","AS14061 DigitalOcean, LLC",94124,America/Los_Angeles,
162-251-198-235.dynamic.parolink.net,Temiskaming Shores,Ontario,CA,"47.4938,-79.7153",AS63019 Parolink.net,J9V,America/Toronto,
,San Francisco,California,US,"37.7309,-122.3886","AS14061 DigitalOcean, LLC",94124,America/Los_Angeles,
,Clifton,New Jersey,US,"40.8344,-74.1377","AS14061 DigitalOcean, LLC",07014,America/New_York,
syn-173-173-189-151.res.spectrum.com,Rio Grande City,Texas,US,"26.3798,-98.8203",AS11427 Charter Communications Inc,78582,America/Chicago,
ec2-18-222-200-177.us-east-2.compute.amazonaws.com,Columbus,Ohio,US,"39.9612,-82.9988","AS16509 Amazon.com, Inc.",43215,America/New_York,
,Washington,Virginia,US,"38.7135,-78.1594",AS8075 Microsoft Corporation,22747,America/New_York,
syn-047-041-248-235.res.spectrum.com,San Bernardino,California,US,"34.2166,-117.3908",AS20115 Charter Communications LLC,92407,America/Los_Angeles,
,La Grange,Texas,US,"29.9055,-96.8766","AS19754 The Fusion Network, LLC",78945,America/Chicago,
,San Francisco,California,US,"37.7309,-122.3886","AS14061 DigitalOcean, LLC",94124,America/Los_Angeles,
,Washington,Virginia,US,"38.7135,-78.1594",AS8075 Microsoft Corporation,22747,America/New_York,
,San Francisco,California,US,"37.7309,-122.3886","AS14061 DigitalOcean, LLC",94124,America/Los_Angeles,
108-204-134-57.lightspeed.sntcca.sbcglobal.net,Santa Clara,California,US,"37.3924,-121.9623","AS7018 AT&T Enterprises, LLC",95054,America/Los_Angeles,
bienesraicesimperial.com,Clifton,New Jersey,US,"40.8344,-74.1377","AS14061 DigitalOcean, LLC",07014,America/New_York,
syn-066-169-059-007.res.spectrum.com,Spartanburg,South Carolina,US,"34.8937,-81.9228",AS20115 Charter Communications LLC,29306,America/New_York,
,Las Vegas,Nevada,US,"36.1750,-115.1372",AS53667 FranTech Solutions,89111,America/Los_Angeles,
179.158.143.198.unassigned.ord.singlehop.net,Phoenix,Arizona,US,"33.4484,-112.0740",AS32475 Internap Holding LLC,85001,America/Phoenix,
181.158.143.198.unassigned.ord.singlehop.net,Phoenix,Arizona,US,"33.4484,-112.0740",AS32475 Internap Holding LLC,85001,America/Phoenix,
syn-108-182-064-163.res.spectrum.com,Stanton,California,US,"33.8025,-117.9931",,90680,America/Los_Angeles,
pool-100-1-126-198.nwrknj.fios.verizon.net,Wallington,New Jersey,US,"40.8532,-74.1137",AS701 Verizon Business,07057,America/New_York,
3.169.127.96.unassigned.ord.singlehop.net,Chicago,Illinois,US,"41.8500,-87.6500",AS32475 Internap Holding LLC,60666,America/Chicago,
6.169.127.96.unassigned.ord.singlehop.net,Chicago,Illinois,US,"41.8500,-87.6500",AS32475 Internap Holding LLC,60666,America/Chicago,
host79.sub-63-42-42.myvzw.com,Peoria,Arizona,US,"33.5806,-112.2374",AS6167 Verizon Business,85345,America/Phoenix,
99-158-31-101.lightspeed.miamfl.sbcglobal.net,Miami,Florida,US,"25.8521,-80.1821","AS7018 AT&T Enterprises, LLC",33138,America/New_York,
cscd-13-187.dsl.netins.net,Cascade,Iowa,US,"42.2986,-91.0149",AS5056 Aureon Network Services,52033,America/Chicago,
c-24-23-25-65.hsd1.ca.comcast.net,Roseville,California,US,"38.7521,-121.2880","AS7922 Comcast Cable Communications, LLC",95678,America/Los_Angeles,
ool-18b9f4a0.dyn.optonline.net,New York City,New York,US,"40.7143,-74.0060",AS6128 Cablevision Systems Corp.,10001,America/New_York,
lightspeed.snt.sbcglobal.net,Las Vegas,Nevada,US,"36.1750,-115.1372",AS53667 FranTech Solutions,89111,America/Los_Angeles,
syn-071-040-165-067.biz.spectrum.com,Homosassa Springs,Florida,US,"28.8036,-82.5759","AS33363 Charter Communications, Inc",34447,America/New_York,
syn-072-017-022-030.biz.spectrum.com,Rockledge,Florida,US,"28.3508,-80.7253","AS33363 Charter Communications, Inc",32956,America/New_York,
c-73-57-76-135.hsd1.fl.comcast.net,Aberdeen,Florida,US,"26.5506,-80.1487","AS7922 Comcast Cable Communications, LLC",33437,America/New_York,
067-079-075-242.biz.spectrum.com,Brownsville,Texas,US,"25.9221,-97.4612",AS11427 Charter Communications Inc,78521,America/Chicago,
,Midland,Texas,US,"31.9974,-102.0779",AS19108 Optimum,79711,America/Chicago,
syn-024-176-206-012.biz.spectrum.com,Long Beach,California,US,"33.8045,-118.1876",AS20115 Charter Communications LLC,90806,America/Los_Angeles,
,Calgary,Alberta,CA,"51.0501,-114.0853",AS22457 Xplore Inc.,T3S,America/Edmonton,
,Rio Claro,Mayaro,TT,"10.3059,-61.1756",AS263222 RVR INTERNATIONAL LIMITED,,America/Port_of_Spain,
c-73-114-82-14.hsd1.ma.comcast.net,Carver,Massachusetts,US,"41.8834,-70.7625","AS7922 Comcast Cable Communications, LLC",02330,America/New_York,
c-69-138-85-14.hsd1.md.comcast.net,Salisbury,Maryland,US,"38.3607,-75.5994","AS7922 Comcast Cable Communications, LLC",21801,America/New_York,
,Surrey,British Columbia,CA,"49.1063,-122.8251",AS6327 Shaw Communications Inc.,V3Z,America/Vancouver,
76-230-137-230.lightspeed.livnmi.sbcglobal.net,Royal Oak,Michigan,US,"42.4895,-83.1446","AS7018 AT&T Enterprises, LLC",48067,America/Detroit,
,Los Angeles,California,US,"34.0522,-118.2437",AS40065 CNSERVERS LLC,90009,America/Los_Angeles,
static-68-161-231-230.ny325.east.verizon.net,New York City,New York,US,"40.7143,-74.0060",AS701 Verizon Business,10001,America/New_York,
209-54-72-154.resi.cgocable.ca,Montréal,Quebec,CA,"45.5088,-73.5878",AS11290 Cogeco Connexion inc,H3H,America/Toronto,
76-240-240-198.lightspeed.dybhfl.sbcglobal.net,Melbourne,Florida,US,"28.1384,-80.6524","AS7018 AT&T Enterprises, LLC",32935,America/New_York,
,Chicago,Illinois,US,"41.8500,-87.6500",AS30058 FDCservers.net,60666,America/Chicago,
ec2-34-227-97-246.compute-1.amazonaws.com,Ashburn,Virginia,US,"39.0437,-77.4875","AS14618 Amazon.com, Inc.",20147,America/New_York,
syn-067-048-063-123.biz.spectrum.com,Dallas,Texas,US,"32.8770,-96.7080",AS11427 Charter Communications Inc,75238,America/Chicago,
mh-esr1-74-215-178-191.fuse.net,Reading,Ohio,US,"39.2237,-84.4422",AS6181 Cincinnati Bell Telephone Company LLC,45215,America/New_York,
syn-076-169-076-172.res.spectrum.com,Cypress,California,US,"33.8170,-118.0373",AS20001 Charter Communications Inc,90630,America/Los_Angeles,
host-76-11-44-253.public.eastlink.ca,Halifax,Nova Scotia,CA,"44.6427,-63.5769",AS11260 EastLink,B3J,America/Halifax,
d75-158-194-144.abhsia.telus.net,Calgary,Alberta,CA,"51.0501,-114.0853",AS852 TELUS Communications Inc.,T3S,America/Edmonton,
dev.hff.io,Toronto,Ontario,CA,"43.7064,-79.3986","AS14061 DigitalOcean, LLC",M5A,America/Toronto,
1453709.cloudwaysapps.com,Clifton,New Jersey,US,"40.8344,-74.1377","AS14061 DigitalOcean, LLC",07014,America/New_York,
,Phoenix,Arizona,US,"33.4484,-112.0740",AS39948 Phoenix Internet,85001,America/Phoenix,
198-48-168-66.cpe.pppoe.ca,St. Catharines,Ontario,CA,"43.1713,-79.2427","AS5645 TekSavvy Solutions, Inc.",L2N,America/Toronto,
,North Bergen,New Jersey,US,"40.8043,-74.0121","AS14061 DigitalOcean, LLC",07047,America/New_York,
,Paris,Île-de-France,FR,"48.8534,2.3488",AS212238 Datacamp Limited,75000,Europe/Paris,
,Paris,Île-de-France,FR,"48.8534,2.3488",AS212238 Datacamp Limited,75000,Europe/Paris,
,Milford,Massachusetts,US,"42.1398,-71.5162","AS7922 Comcast Cable Communications, LLC",01757,America/New_York,
mail.generalprocurement.com,Riverside,California,US,"33.9534,-117.3962","AS7018 AT&T Enterprises, LLC",92502,America/Los_Angeles,
70-35-54-122.static.wiline.com,San Jose,California,US,"37.3394,-121.8950",AS33544 WiLine Networks Inc.,95025,America/Los_Angeles,
checker-dal12.uptimerobot.com,Dallas,Texas,US,"32.7831,-96.8067","AS46475 Limestone Networks, Inc.",75201,America/Chicago,
cable.atcbroadband.com,Alma,Georgia,US,"31.5394,-82.4624",AS11240 AccessATC,31510,America/New_York,
,Toronto,Ontario,CA,"43.7064,-79.3986","AS14061 DigitalOcean, LLC",M5A,America/Toronto,
,Toronto,Ontario,CA,"43.7064,-79.3986","AS14061 DigitalOcean, LLC",M5A,America/Toronto,
,Toronto,Ontario,CA,"43.7064,-79.3986","AS14061 DigitalOcean, LLC",M5A,America/Toronto,
,Toronto,Ontario,CA,"43.7064,-79.3986","AS14061 DigitalOcean, LLC",M5A,America/Toronto,
mbako.tewolde.co,Toronto,Ontario,CA,"43.7064,-79.3986","AS14061 DigitalOcean, LLC",M5A,America/Toronto,
,Toronto,Ontario,CA,"43.7064,-79.3986","AS14061 DigitalOcean, LLC",M5A,America/Toronto,
falcon440.startdedicated.com,St. Louis,Missouri,US,"38.6273,-90.1979",AS30083 velia.net,63101,America/Chicago,
c-73-34-239-92.hsd1.co.comcast.net,Castle Rock,Colorado,US,"39.3722,-104.8561","AS7922 Comcast Cable Communications, LLC",80104,America/Denver,
c-73-68-227-221.hsd1.ma.comcast.net,Ashland,Massachusetts,US,"42.2612,-71.4634","AS7922 Comcast Cable Communications, LLC",01721,America/New_York,
,Bryan,Texas,US,"30.6744,-96.3700",AS19108 Optimum,77806,America/Chicago,
c-68-34-92-172.hsd1.mi.comcast.net,Shelby,Michigan,US,"42.6709,-83.0330","AS7922 Comcast Cable Communications, LLC",49455,America/Detroit,
242-77-162-69.static.reverse.lstn.net,Dallas,Texas,US,"32.7831,-96.8067","AS46475 Limestone Networks, Inc.",75201,America/Chicago,
c-65-34-233-51.hsd1.fl.comcast.net,Lauderdale Lakes,Florida,US,"26.1665,-80.2084","AS7922 Comcast Cable Communications, LLC",33313,America/New_York,
65-255-69-81.dyn.hsi.pldi.net,Kingfisher,Oklahoma,US,"35.8614,-97.9317",AS11650 Pioneer Long Distance Inc.,73750,America/Chicago,
,North Bergen,New Jersey,US,"40.8043,-74.0121","AS14061 DigitalOcean, LLC",07047,America/New_York,
162-144-89-205.unifiedlayer.com,Tabiona,Utah,US,"40.3544,-110.7101",AS46606 Unified Layer,84072,America/Denver,
pool-174-114-231-16.cpe.net.cable.rogers.com,Fallingbrook,Ontario,CA,"45.4756,-75.4840",AS812 Rogers Communications Canada Inc.,K1E,America/Toronto,
,Indianapolis,Indiana,US,"39.7684,-86.1580",AS174 Cogent Communications,46204,America/Indiana/Indianapolis,
24-50-99-156.resi.cgocable.ca,Bécancour,Quebec,CA,"46.3411,-72.4322",AS11290 Cogeco Connexion inc,G9H,America/Toronto,
,Walker,Michigan,US,"43.0014,-85.7681","AS7922 Comcast Cable Communications, LLC",49544,America/Detroit,
syn-097-084-170-206.res.spectrum.com,Saginaw,Michigan,US,"43.4248,-83.9745",AS20115 Charter Communications LLC,48602,America/Detroit,
pool-108-6-9-121.nycmny.fios.verizon.net,New York City,New York,US,"40.7143,-74.0060",AS701 Verizon Business,10001,America/New_York,
206-188-83-106.cpe.distributel.net,Toronto,Ontario,CA,"43.7064,-79.3986",AS11814 Distributel Communications Limited,M5A,America/Toronto,
,Halifax,Nova Scotia,CA,"44.6427,-63.5769",AS53913 City Wide Communications Inc.,B3J,America/Halifax,
,Jakarta,Jakarta,ID,"-6.2146,106.8451",,12850,Asia/Jakarta,
162-226-32-57.lightspeed.cicril.sbcglobal.net,Cicero,Illinois,US,"41.8456,-87.7539","AS7018 AT&T Enterprises, LLC",60804,America/Chicago,
,North Bergen,New Jersey,US,"40.8043,-74.0121","AS14061 DigitalOcean, LLC",07047,America/New_York,
c-76-108-178-28.hsd1.fl.comcast.net,Oakland Park,Florida,US,"26.1723,-80.1320","AS7922 Comcast Cable Communications, LLC",33334,America/New_York,
,Bryan,Ohio,US,"41.4748,-84.5524",AS174 Cogent Communications,43506,America/New_York,
ool-2f1088d0.dyn.optonline.net,New York City,New York,US,"40.7143,-74.0060",AS6128 Cablevision Systems Corp.,10001,America/New_York,
pinch.goqa.co.za,Amsterdam,North Holland,NL,"52.3740,4.8897","AS14061 DigitalOcean, LLC",1012,Europe/Amsterdam,
104-203-93-2.static4.bluestreamfiber.net,Houston,Texas,US,"29.7633,-95.3633",AS30404 Blue Stream,77002,America/Chicago,
syn-071-085-106-211.res.spectrum.com,Anderson,South Carolina,US,"34.5261,-82.6304",AS20115 Charter Communications LLC,29621,America/New_York,
172-245-168-160-host.colocrossing.com,Buffalo,New York,US,"42.8865,-78.8784",AS36352 HostPapa,14202,America/New_York,
vps3018388.trouble-free.net,New York City,New York,US,"40.7143,-74.0060","AS19318 Interserver, Inc",10001,America/New_York,
ip68-8-127-235.sd.sd.cox.net,San Diego,California,US,"32.7157,-117.1647",AS22773 Cox Communications Inc.,92101,America/Los_Angeles,
,Piscataway,New Jersey,US,"40.4993,-74.3990",AS23470 ReliableSite.Net LLC,08854,America/New_York,
,Toronto,Ontario,CA,"43.7064,-79.3986","AS14061 DigitalOcean, LLC",M5A,America/Toronto,
vps2945616.trouble-free.net,New York City,New York,US,"40.7143,-74.0060","AS19318 Interserver, Inc",10001,America/New_York,
wsip-174-64-79-250.ga.at.cox.net,Gainesville,Florida,US,"29.6516,-82.3248",AS22773 Cox Communications Inc.,32601,America/New_York,
vps2981444.trouble-free.net,New York City,New York,US,"40.7143,-74.0060","AS19318 Interserver, Inc",10001,America/New_York,
hudson.chargedcheap.info,Buffalo,New York,US,"42.8865,-78.8784",AS36352 HostPapa,14202,America/New_York,
,Carolina,Carolina,PR,"18.3808,-65.9574",AS14638 Liberty Communications of Puerto Rico LLC,00983,America/Puerto_Rico,
702communications.com,Fargo,North Dakota,US,"46.8772,-96.7898",AS15267 702 Communications,58106,America/Chicago,
171.204.gomoorhead.com,Fargo,North Dakota,US,"46.8772,-96.7898",AS15267 702 Communications,58106,America/Chicago,
,Las Vegas,Nevada,US,"36.1750,-115.1372",AS53667 FranTech Solutions,89111,America/Los_Angeles,
pool-71-187-74-118.nwrknj.fios.verizon.net,Paterson,New Jersey,US,"40.9168,-74.1718",AS701 Verizon Business,07501,America/New_York,
,Kingston,Kingston,JM,"17.9970,-76.7936","AS23520 Columbus Networks USA, Inc.",,America/Jamaica,
209-107-214-144.sea.as54203.net,Seattle,Washington,US,"47.6062,-122.3321",,98101,America/Los_Angeles,
,San Martin,California,US,"37.0849,-121.6102","AS30640 Etheric Networks, Inc.",95046,America/Los_Angeles,
syn-074-064-017-162.res.spectrum.com,New York City,New York,US,"40.7143,-74.0060",AS12271 Charter Communications Inc,10001,America/New_York,
h-68-167-136-233.snva.ca.globalcapacity.com,Sunnyvale,California,US,"37.3688,-122.0363",AS3257 GTT Communications Inc.,94088,America/Los_Angeles,
ool-44c64f28.dyn.optonline.net,Manville,New Jersey,US,"40.5409,-74.5877",AS6128 Cablevision Systems Corp.,08835,America/New_York,
pool-108-4-30-3.rcmdva.fios.verizon.net,Laurel,Virginia,US,"37.6429,-77.5089",AS701 Verizon Business,23060,America/New_York,
162-206-154-249.lightspeed.gdrpmi.sbcglobal.net,Grand Rapids,Michigan,US,"42.9659,-85.6527","AS7018 AT&T Enterprises, LLC",49503,America/Detroit,
bras-base-toroon3657w-grc-56-70-54-130-224.dsl.bell.ca,Willowdale,Ontario,CA,"43.7667,-79.3991",AS577 Bell Canada,M2N,America/Toronto,
,Montréal,Quebec,CA,"45.5088,-73.5878",AS577 Bell Canada,H3H,America/Toronto,
c-73-241-43-46.hsd1.ca.comcast.net,Los Angeles,California,US,"34.0522,-118.2437","AS7922 Comcast Cable Communications, LLC",90009,America/Los_Angeles,
c-76-16-241-237.hsd1.il.comcast.net,Hobart,Indiana,US,"41.5323,-87.2550","AS7922 Comcast Cable Communications, LLC",46342,America/Chicago,
s0106d4e2cb51d632.vc.shawcable.net,Vancouver,British Columbia,CA,"49.2497,-123.1193",AS6327 Shaw Communications Inc.,V5Y,America/Vancouver,
,Vancouver,British Columbia,CA,"49.2497,-123.1193",AS6327 Shaw Communications Inc.,V5Y,America/Vancouver,
96-91-158-182-static.hfc.comcastbusiness.net,Atlanta,Georgia,US,"33.7490,-84.3880","AS7922 Comcast Cable Communications, LLC",30302,America/New_York,
,Atlanta,Georgia,US,"33.7490,-84.3880","AS7922 Comcast Cable Communications, LLC",30302,America/New_York,
vps3019075.trouble-free.net,New York City,New York,US,"40.7143,-74.0060","AS19318 Interserver, Inc",10001,America/New_York,
192-210-146-41-host.colocrossing.com,Buffalo,New York,US,"42.8865,-78.8784",AS36352 HostPapa,14202,America/New_York,
54.219.167.72.host.secureserver.net,Phoenix,Arizona,US,"33.4484,-112.0740","AS26496 GoDaddy.com, LLC",85001,America/Phoenix,
syn-072-229-208-238.res.spectrum.com,New York City,New York,US,"40.7239,-73.8997",AS12271 Charter Communications Inc,11378,America/New_York,
c-76-105-75-85.hsd1.ga.comcast.net,Atlanta,Georgia,US,"33.7490,-84.3880","AS7922 Comcast Cable Communications, LLC",30302,America/New_York,
static-71-165-90-5.lsanca.fios.frontiernet.net,Ashburn,Virginia,US,"39.0437,-77.4875",,20147,America/New_York,
71-17-10-8.sktn.static.sasknet.sk.ca,Saskatoon,Saskatchewan,CA,"52.1324,-106.6689",AS803 Saskatchewan Telecommunications,S7W,America/Regina,
syn-071-043-092-101.biz.spectrum.com,Melbourne,Florida,US,"28.0691,-80.6200","AS33363 Charter Communications, Inc",32901,America/New_York,
c-67-191-171-225.hsd1.ga.comcast.net,Atlanta,Georgia,US,"33.7490,-84.3880","AS7922 Comcast Cable Communications, LLC",30302,America/New_York,
413387dd.cst.lightpath.net,New York City,New York,US,"40.7143,-74.0060",AS54004 Optimum WiFi,10001,America/New_York,
,Washington,District of Columbia,US,"38.8951,-77.0364","AS7922 Comcast Cable Communications, LLC",20004,America/New_York,
205-185-223-238.sea.as62651.net,Seattle,Washington,US,"47.6151,-122.3447","AS62651 Strong Technology, LLC.",98121,America/Los_Angeles,
static-170-150-251-205.networktransit.net,Houston,Texas,US,"29.7633,-95.3633",AS11042 NETWORK TRANSIT HOLDINGS LLC,77002,America/Chicago,
173-26-26-202.client.mchsi.com,Mason City,Iowa,US,"43.1536,-93.2010",AS30036 Mediacom Communications Corp,50401,America/Chicago,
backup.schm00p.net,Las Vegas,Nevada,US,"36.1750,-115.1372",AS53667 FranTech Solutions,89111,America/Los_Angeles,
23-31-126-140-static.hfc.comcastbusiness.net,Cammack Village,Arkansas,US,"34.7781,-92.3490","AS7922 Comcast Cable Communications, LLC",72207,America/Chicago,
c-73-194-248-194.hsd1.nj.comcast.net,North Middletown,New Jersey,US,"40.4395,-74.1190","AS7922 Comcast Cable Communications, LLC",07734,America/New_York,
,Brandon,Mississippi,US,"32.2732,-89.9859",AS11272 C Spire Fiber,39043,America/Chicago,
,North Bergen,New Jersey,US,"40.8043,-74.0121","AS14061 DigitalOcean, LLC",07047,America/New_York,
syn-074-062-041-170.biz.spectrum.com,Bellflower,California,US,"33.8867,-118.1265",AS20001 Charter Communications Inc,90706,America/Los_Angeles,
c-73-111-109-114.hsd1.il.comcast.net,Burbank,Illinois,US,"41.7339,-87.7795","AS7922 Comcast Cable Communications, LLC",60459,America/Chicago,
syn-108-188-233-018.biz.spectrum.com,Port Orange,Florida,US,"29.1372,-81.0241","AS33363 Charter Communications, Inc",32129,America/New_York,
d173-183-148-246.abhsia.telus.net,Calgary,Alberta,CA,"51.0501,-114.0853",AS852 TELUS Communications Inc.,T3S,America/Edmonton,
,Land O' Lakes,Florida,US,"28.2189,-82.4576",AS23314 Summit Broadband,34639,America/New_York,
216-67-120-154-radius.dynamic.acsalaska.net,Anchorage,Alaska,US,"61.1900,-149.8938","AS7782 Alaska Communications Systems Group, Inc.",99503,America/Anchorage,
welcare.bid,Phoenix,Arizona,US,"33.4484,-112.0740",AS20454 SECURED SERVERS LLC,85001,America/Phoenix,
host-173-252-26-108.public.eastlink.ca,Grande Prairie,Alberta,CA,"55.1667,-118.8027",AS11260 EastLink,T8W,America/Edmonton,
199.34.16.153.hosted.at.cloudsouth.com,Miami,Florida,US,"25.7743,-80.1937",AS13886 Sipbound Corporation,33101,America/New_York,
c-24-98-228-56.hsd1.ga.comcast.net,Atlanta,Georgia,US,"33.7490,-84.3880","AS7922 Comcast Cable Communications, LLC",30302,America/New_York,
syn-024-107-123-113.res.spectrum.com,Chesterfield,Missouri,US,"38.6631,-90.5771",AS20115 Charter Communications LLC,63006,America/Chicago,
24.246.203.93.diodecom.net,Beatrice,Nebraska,US,"40.2681,-96.7470",AS40918 Diode Cable Company,68310,America/Chicago,
,San Jose,California,US,"37.3394,-121.8950",,95025,America/Los_Angeles,
,Santa Fe Springs,California,US,"33.9472,-118.0854","AS7155 ViaSat,Inc.",90670,America/Los_Angeles,
,Ottawa,Ontario,CA,"45.4112,-75.6981",AS577 Bell Canada,K1R,America/Toronto,
,Winter Park,Florida,US,"28.5974,-81.3036",,32792,America/New_York,
,Toronto,Ontario,CA,"43.6518,-79.5076",AS577 Bell Canada,M8X,America/Toronto,
64-252-220-61.lightspeed.hstntx.sbcglobal.net,Houston,Texas,US,"29.6709,-95.5866","AS7018 AT&T Enterprises, LLC",77099,America/Chicago,
96-94-3-57-static.hfc.comcastbusiness.net,Brandon,Florida,US,"27.9378,-82.2859","AS7922 Comcast Cable Communications, LLC",33509,America/New_York,
47-204-191-127.fdr01.wssd.fl.ip.frontiernet.net,Tampa,Florida,US,"27.9475,-82.4584","AS5650 Frontier Communications of America, Inc.",33606,America/New_York,
syn-066-168-086-114.res.spectrum.com,Dalton,Georgia,US,"34.7635,-84.9875",AS20115 Charter Communications LLC,30720,America/New_York,
syn-071-047-129-069.res.spectrum.com,Orlando,Florida,US,"28.5289,-81.4787","AS33363 Charter Communications, Inc",32835,America/New_York,
syn-072-239-181-187.res.spectrum.com,Winter Park,Florida,US,"28.5974,-81.3036","AS33363 Charter Communications, Inc",32792,America/New_York,
c-76-102-123-183.hsd1.ca.comcast.net,Oakland,California,US,"37.8044,-122.2708","AS7922 Comcast Cable Communications, LLC",94604,America/Los_Angeles,
dhcp-e8-2c-6d-9f-89-60.cpe.wightman.ca,Harriston,Ontario,CA,"43.9120,-80.8720",AS29974 Wightman Telecom,N0G,America/Toronto,
smtp7.taobastore.com,New York City,New York,US,"40.7143,-74.0060",AS53667 FranTech Solutions,10001,America/New_York,
108-10-agavebb-nm.abq.nm.agavebb.net,Miramar Beach,Florida,US,"30.3744,-86.3586",AS18771 3ds Communications LLC,32550,America/Chicago,
n38.datasoft.ws,Boston,Massachusetts,US,"42.3492,-71.0768",,02116,America/New_York,
ec2-34-200-17-126.compute-1.amazonaws.com,Ashburn,Virginia,US,"39.0437,-77.4875","AS14618 Amazon.com, Inc.",20147,America/New_York,
ec2-54-214-113-70.us-west-2.compute.amazonaws.com,Boardman,Oregon,US,"45.8399,-119.7006","AS16509 Amazon.com, Inc.",97818,America/Los_Angeles,
ool-4573fcfc.dyn.optonline.net,New York City,New York,US,"40.7143,-74.0060",AS6128 Cablevision Systems Corp.,10001,America/New_York,
45.77.154.132.vultrusercontent.com,Piscataway,New Jersey,US,"40.4993,-74.3990","AS20473 The Constant Company, LLC",08854,America/New_York,
static-173-56-119-108.nycmny.fios.verizon.net,New York City,New York,US,"40.7143,-74.0060",AS701 Verizon Business,10001,America/New_York,
155.138.244.123.vultrusercontent.com,Dallas,Texas,US,"32.7831,-96.8067","AS20473 The Constant Company, LLC",75201,America/Chicago,
,London,England,GB,"51.5085,-0.1257","AS16509 Amazon.com, Inc.",E1W,Europe/London,
syn-098-102-095-211.biz.spectrum.com,Racine,Wisconsin,US,"42.7242,-87.8551",AS10796 Charter Communications Inc,53406,America/Chicago,
,Miramar,Florida,US,"25.9873,-80.2323","AS7922 Comcast Cable Communications, LLC",33023,America/New_York,
,Ashburn,Virginia,US,"39.0437,-77.4875","AS212669 Karolio IT paslaugos, UAB",20147,America/New_York,
host-208-103-224-44.public.eastlink.ca,Aylmer,Ontario,CA,"42.7668,-80.9830",AS11260 EastLink,N5H,America/Toronto,
209-107-214-64.sea.as54203.net,Seattle,Washington,US,"47.6062,-122.3321",,98101,America/Los_Angeles,
551602.cloudwaysapps.com,North Bergen,New Jersey,US,"40.8043,-74.0121","AS14061 DigitalOcean, LLC",07047,America/New_York,
,North Bergen,New Jersey,US,"40.8043,-74.0121","AS14061 DigitalOcean, LLC",07047,America/New_York,
syn-098-030-109-120.res.spectrum.com,Lexington,Kentucky,US,"38.0102,-84.4274",AS10796 Charter Communications Inc,40509,America/New_York,
105.96.227.35.bc.googleusercontent.com,North Charleston,South Carolina,US,"32.8546,-79.9748",AS396982 Google LLC,29415,America/New_York,
host-67-204-213-1.public.eastlink.ca,Greater Sudbury,Ontario,CA,"46.4900,-80.9900",AS11260 EastLink,P3C,America/Toronto,
ec2-34-220-58-197.us-west-2.compute.amazonaws.com,Boardman,Oregon,US,"45.8399,-119.7006","AS16509 Amazon.com, Inc.",97818,America/Los_Angeles,
static-71-250-252-81.nwrknj.east.verizon.net,Newark,New Jersey,US,"40.7357,-74.1724",AS701 Verizon Business,07102,America/New_York,
syn-072-175-252-244.biz.spectrum.com,Great Falls,Montana,US,"47.4950,-111.2502",AS33588 Charter Communications LLC,59405,America/Denver,
,Grants,New Mexico,US,"35.1476,-107.8526","AS209 CenturyLink Communications, LLC",87020,America/Denver,
syn-066-190-207-079.res.spectrum.com,Hammond,Louisiana,US,"30.4911,-90.4697",AS20115 Charter Communications LLC,70403,America/Chicago,
syn-067-052-244-234.biz.spectrum.com,Milwaukee,Wisconsin,US,"43.0389,-87.9065",AS10796 Charter Communications Inc,53201,America/Chicago,
,Ottawa,Ontario,CA,"45.4112,-75.6981",AS577 Bell Canada,K1R,America/Toronto,
syn-050-084-106-234.biz.spectrum.com,San Antonio,Texas,US,"29.4241,-98.4936",AS11427 Charter Communications Inc,78205,America/Chicago,
,Los Angeles,California,US,"34.0522,-118.2437",AS40065 CNSERVERS LLC,90009,America/Los_Angeles,
,Reston,Virginia,US,"38.9687,-77.3411","AS14618 Amazon.com, Inc.",20190,America/New_York,
,North Bergen,New Jersey,US,"40.8043,-74.0121","AS14061 DigitalOcean, LLC",07047,America/New_York,
,Houston,Texas,US,"29.7633,-95.3633","AS7922 Comcast Cable Communications, LLC",77002,America/Chicago,
vexations.healingshort.com,Portland,Oregon,US,"45.5207,-122.6888","AS46841 Fork Networking, LLC",97205,America/Los_Angeles,
209-107-214-62.sea.as54203.net,Seattle,Washington,US,"47.6062,-122.3321",,98101,America/Los_Angeles,
host-24-207-76-124.public.eastlink.ca,Ladner,British Columbia,CA,"49.0894,-123.0824",AS11260 EastLink,V4K,America/Vancouver,
syn-072-229-036-216.res.spectrum.com,New York City,New York,US,"40.7143,-74.0060",AS12271 Charter Communications Inc,10001,America/New_York,
172-5-132-167.lightspeed.hstntx.sbcglobal.net,Pinehurst,Texas,US,"30.1711,-95.6825","AS7018 AT&T Enterprises, LLC",77362,America/Chicago,
,Toronto,Ontario,CA,"43.7064,-79.3986","AS14061 DigitalOcean, LLC",M5A,America/Toronto,
,Vancouver,British Columbia,CA,"49.2497,-123.1193",AS852 TELUS Communications Inc.,V5Y,America/Vancouver,
172-245-16-11-host.colocrossing.com,Marietta,Georgia,US,"33.9526,-84.5499",AS36352 HostPapa,30006,America/New_York,
azkoitiaguka.eus,Frankfurt am Main,Hesse,DE,"50.1155,8.6842","AS14061 DigitalOcean, LLC",60306,Europe/Berlin,
ool-944b3cdd.dyn.optonline.net,New York City,New York,US,"40.7143,-74.0060",AS6128 Cablevision Systems Corp.,10001,America/New_York,
,Los Angeles,California,US,"34.0522,-118.2437","AS16509 Amazon.com, Inc.",90009,America/Los_Angeles,
c-76-28-51-24.hsd1.ma.comcast.net,New Bedford,Massachusetts,US,"41.6353,-70.9270","AS7922 Comcast Cable Communications, LLC",02740,America/New_York,
c-73-55-190-148.hsd1.tx.comcast.net,Houston,Texas,US,"29.7633,-95.3633","AS7922 Comcast Cable Communications, LLC",77002,America/Chicago,
syn-074-075-165-081.res.spectrum.com,Center Ossipee,New Hampshire,US,"43.7551,-71.1520",AS11351 Charter Communications Inc,03814,America/New_York,
ip68-5-56-102.oc.oc.cox.net,Rancho Santa Margarita,California,US,"33.6409,-117.6031",AS22773 Cox Communications Inc.,92688,America/Los_Angeles,
,Pompano Beach,Florida,US,"26.2379,-80.1248","AS13645 BroadbandONE, LLC",33060,America/New_York,
ec2-34-228-198-204.compute-1.amazonaws.com,Ashburn,Virginia,US,"39.0437,-77.4875","AS14618 Amazon.com, Inc.",20147,America/New_York,
89.28.199.35.bc.googleusercontent.com,Washington,District of Columbia,US,"38.8951,-77.0364",AS396982 Google LLC,20004,America/New_York,
c-68-59-67-190.hsd1.al.comcast.net,Dothan,Alabama,US,"31.2232,-85.3905","AS7922 Comcast Cable Communications, LLC",36302,America/Chicago,
47-198-242-97.tamp.fl.frontiernet.net,Ruskin,Florida,US,"27.7209,-82.4331","AS5650 Frontier Communications of America, Inc.",33575,America/New_York,
,Burnaby,British Columbia,CA,"49.2664,-122.9526",AS16696 iTel Networks Inc,V5A,America/Vancouver,
mdm-prod-4ae45699.mongo.ondigitalocean.com,Doddaballapura,Karnataka,IN,"13.2257,77.5750","AS14061 DigitalOcean, LLC",560100,Asia/Kolkata,
,Beauharnois,Quebec,CA,"45.3134,-73.8725",AS16276 OVH SAS,J6N,America/Toronto,
104-237-226-135-host.colocrossing.com,Buffalo,New York,US,"42.8865,-78.8784",AS16628 DedFiberCo,14202,America/New_York,
,Seattle,Washington,US,"47.5413,-122.3129","AS16509 Amazon.com, Inc.",98108,America/Los_Angeles,
ool-18bb6cc5.dyn.optonline.net,Medford,New York,US,"40.8176,-73.0001",AS6128 Cablevision Systems Corp.,11763,America/New_York,
syn-035-137-139-215.res.spectrum.com,Palm Coast,Florida,US,"29.4861,-81.2045","AS33363 Charter Communications, Inc",32164,America/New_York,
121.127.234.35.bc.googleusercontent.com,Frankfurt am Main,Hesse,DE,"50.1155,8.6842",AS396982 Google LLC,60306,Europe/Berlin,
ool-2f14344a.dyn.optonline.net,Bridgeport,Connecticut,US,"41.1792,-73.1894",AS6128 Cablevision Systems Corp.,06602,America/New_York,
,Buenos Aires,Buenos Aires F.D.,AR,"-34.6131,-58.3772",AS64151 EDGEUNO ARGENTINA S.A.,1871,America/Argentina/Buenos_Aires,
mail.evergreenarch.net,Dallas,Texas,US,"32.7831,-96.8067",AS11427 Charter Communications Inc,75201,America/Chicago,
,Secaucus,New Jersey,US,"40.7895,-74.0565",,07094,America/New_York,
c-71-63-167-34.hsd1.or.comcast.net,Vancouver,Washington,US,"45.6387,-122.6615","AS7922 Comcast Cable Communications, LLC",98666,America/Los_Angeles,
syn-098-151-143-082.res.spectrum.com,Kīhei,Hawaii,US,"20.7646,-156.4458",AS20001 Charter Communications Inc,96753,Pacific/Honolulu,
,Land O' Lakes,Florida,US,"28.2189,-82.4576",AS23314 Summit Broadband,34639,America/New_York,
h66-222-19-122.pqlkmn.dedicated.static.tds.net,Pequot Lakes,Minnesota,US,"46.6030,-94.3094",AS4181 TDS TELECOM,56472,America/Chicago,
s0106bc3e07908d93.wp.shawcable.net,Winnipeg,Manitoba,CA,"49.8844,-97.1470",AS6327 Shaw Communications Inc.,R3B,America/Winnipeg,
,Knoxville,Tennessee,US,"35.9606,-83.9207","AS7922 Comcast Cable Communications, LLC",37902,America/New_York,
,San Jose,California,US,"37.3394,-121.8950",AS6167 Verizon Business,95025,America/Los_Angeles,
,Toronto,Ontario,CA,"43.7064,-79.3986",AS396338 Altima Telecom,M5A,America/Toronto,
,Paris,Île-de-France,FR,"48.8534,2.3488",AS212238 Datacamp Limited,75000,Europe/Paris,
76-229-233-134.lightspeed.clmboh.sbcglobal.net,Columbus,Ohio,US,"40.0535,-83.0187","AS7018 AT&T Enterprises, LLC",43214,America/New_York,
syn-072-186-205-098.res.spectrum.com,Bradenton,Florida,US,"27.4678,-82.5120","AS33363 Charter Communications, Inc",34208,America/New_York,
host253.srhllc.com,Philadelphia,Pennsylvania,US,"39.9524,-75.1636",AS701 Verizon Business,19099,America/New_York,
,Grants,New Mexico,US,"35.1476,-107.8526","AS209 CenturyLink Communications, LLC",87020,America/Denver,
syn-067-254-232-020.res.spectrum.com,Elmont,New York,US,"40.7090,-73.7401",AS12271 Charter Communications Inc,11429,America/New_York,
208-104-157-189.fttp.swansc.sta.comporium.net,Fort Mill,South Carolina,US,"35.0108,-80.9266","AS14615 Comporium, Inc",29715,America/New_York,
,Toronto,Ontario,CA,"43.7064,-79.3986",AS31898 Oracle Corporation,M5A,America/Toronto,
,New York City,New York,US,"40.7143,-74.0060",AS395839 HOSTKEY,10001,America/New_York,
21.184.154.104.bc.googleusercontent.com,Council Bluffs,Iowa,US,"41.2619,-95.8608",AS396982 Google LLC,51502,America/Chicago,
137-118-109-187.fiberpppoe.gotricounty.com,Belhaven,North Carolina,US,"35.5402,-76.6230","AS22191 Wilkes Communications, Inc.",27810,America/New_York,
,Frankfurt am Main,Hesse,DE,"50.1155,8.6842","AS14061 DigitalOcean, LLC",60306,Europe/Berlin,
,London,England,GB,"51.5085,-0.1257","AS14061 DigitalOcean, LLC",E1W,Europe/London,
,Singapore,Singapore,SG,"1.3215,103.6957","AS14061 DigitalOcean, LLC",627753,Asia/Singapore,
sydnns0123w-47-54-40-238.dhcp-dynamic.fibreop.ns.bellaliant.net,Sydney,Nova Scotia,CA,"46.1351,-60.1831",AS855 Bell Canada,B1P,America/Glace_Bay,
,Knoxville,Tennessee,US,"35.9606,-83.9207","AS7922 Comcast Cable Communications, LLC",37902,America/New_York,
syn-076-186-118-184.res.spectrum.com,Plano,Texas,US,"33.0250,-96.7397",AS11427 Charter Communications Inc,75075,America/Chicago,
c-73-115-70-84.hsd1.tx.comcast.net,Houston,Texas,US,"29.7633,-95.3633","AS7922 Comcast Cable Communications, LLC",77002,America/Chicago,
,Hamilton,Ontario,CA,"43.2501,-79.8496",AS812 Rogers Communications Canada Inc.,L8M,America/Toronto,
,Frankfurt am Main,Hesse,DE,"50.1155,8.6842","AS14061 DigitalOcean, LLC",60306,Europe/Berlin,
162-232-79-23.lightspeed.brhmal.sbcglobal.net,Pinson,Alabama,US,"33.6890,-86.6833","AS7018 AT&T Enterprises, LLC",35126,America/Chicago,
216.212.229.42.rose.net,Thomasville,Georgia,US,"30.8366,-83.9788",AS16700 CNSNext,31758,America/New_York,
cqbv070c101804.us2.oraclecloud.com,Austin,Texas,US,"30.2315,-97.7223",,78741,America/Chicago,
,Amsterdam,North Holland,NL,"52.3740,4.8897","AS14061 DigitalOcean, LLC",1012,Europe/Amsterdam,
pool-108-29-174-189.nycmny.fios.verizon.net,New York City,New York,US,"40.7143,-74.0060",AS701 Verizon Business,10001,America/New_York,
ool-6c3aa27a.static.optonline.net,Blauvelt,New York,US,"41.0634,-73.9576",AS6128 Cablevision Systems Corp.,10913,America/New_York,
,Atlanta,Georgia,US,"33.7490,-84.3880","AS20141 Quality Technology Services, LLC",30302,America/New_York,
96-74-220-182-static.hfc.comcastbusiness.net,Chicago,Illinois,US,"41.8500,-87.6500","AS7922 Comcast Cable Communications, LLC",60666,America/Chicago,
c-75-74-159-3.hsd1.fl.comcast.net,Doral,Florida,US,"25.8195,-80.3553","AS7922 Comcast Cable Communications, LLC",33178,America/New_York,
ool-44c2ea63.dyn.optonline.net,New York City,New York,US,"40.7143,-74.0060",AS6128 Cablevision Systems Corp.,10001,America/New_York,
69-166-65-114.block0.gvtc.com,Canyon Lake,Texas,US,"29.8752,-98.2625","AS16527 Guadalupe Valley Telephone Cooperative, Inc.",78133,America/Chicago,
dynamic.libertypr.net,Mayagüez,Mayagüez,PR,"18.2011,-67.1396",AS14638 Liberty Communications of Puerto Rico LLC,00680,America/Puerto_Rico,
syn-184-058-115-108.res.spectrum.com,Somerset,Ohio,US,"39.8070,-82.2971",AS10796 Charter Communications Inc,43783,America/New_York,
syn-108-183-170-108.res.spectrum.com,Saco,Maine,US,"43.5009,-70.4428",AS11351 Charter Communications Inc,04072,America/New_York,
service.matrixaim.ca,Toronto,Ontario,CA,"43.7064,-79.3986","AS14061 DigitalOcean, LLC",M5A,America/Toronto,
,San Jose,California,US,"37.3394,-121.8950",AS54600 PEG TECH INC,95025,America/Los_Angeles,
,Naples Park,Florida,US,"26.2617,-81.8093",AS23314 Summit Broadband,34108,America/New_York,
240.74.83.34.bc.googleusercontent.com,The Dalles,Oregon,US,"45.5946,-121.1787",AS396982 Google LLC,97058,America/Los_Angeles,
47-156-30-234.fdr01.elsn.ca.ip.frontiernet.net,Wildomar,California,US,"33.5989,-117.2800","AS5650 Frontier Communications of America, Inc.",92595,America/Los_Angeles,
,San Francisco,California,US,"37.7749,-122.4194","AS7922 Comcast Cable Communications, LLC",94102,America/Los_Angeles,
c-98-243-158-225.hsd1.mi.comcast.net,Eastpointe,Michigan,US,"42.4684,-82.9555","AS7922 Comcast Cable Communications, LLC",48021,America/Detroit,
syn-097-078-232-134.biz.spectrum.com,Bakersfield,California,US,"35.3039,-119.1056","AS33363 Charter Communications, Inc",93311,America/Los_Angeles,
dynamic.libertypr.net,San Juan,San Juan,PR,"18.4663,-66.1057",AS14638 Liberty Communications of Puerto Rico LLC,00901,America/Puerto_Rico,
,Chesterfield,South Carolina,US,"34.7360,-80.0881",AS2711 Spirit Communications,29709,America/New_York,
,Las Vegas,Nevada,US,"36.1750,-115.1372",AS53667 FranTech Solutions,89111,America/Los_Angeles,
host-208-96-92-231.public.eastlink.ca,Morrisburg,Ontario,CA,"44.9001,-75.1826",AS11260 EastLink,K0E,America/Toronto,
ec2-34-221-205-210.us-west-2.compute.amazonaws.com,Boardman,Oregon,US,"45.8399,-119.7006","AS16509 Amazon.com, Inc.",97818,America/Los_Angeles,
mysp6n-rst-190.mysummerfirst.com,Seattle,Washington,US,"47.6062,-122.3321","AS16509 Amazon.com, Inc.",98101,America/Los_Angeles,
,Jackson,Mississippi,US,"32.2988,-90.1848","AS7922 Comcast Cable Communications, LLC",39201,America/Chicago,
c-73-46-57-137.hsd1.fl.comcast.net,Coral Gables,Florida,US,"25.7215,-80.2684","AS7922 Comcast Cable Communications, LLC",33114,America/New_York,
c-73-54-214-12.hsd1.ga.comcast.net,Atlanta,Georgia,US,"33.7490,-84.3880","AS7922 Comcast Cable Communications, LLC",30302,America/New_York,
ool-4357f533.dyn.optonline.net,New York City,New York,US,"40.7143,-74.0060",AS6128 Cablevision Systems Corp.,10001,America/New_York,
syn-069-204-183-253.res.spectrum.com,North Tonawanda,New York,US,"43.0387,-78.8642",AS11351 Charter Communications Inc,14120,America/New_York,
64-91-76-97.stat.centurytel.net,Superior,Wisconsin,US,"46.7208,-92.1041","AS22561 CenturyLink Communications, LLC",54880,America/Chicago,
,Frankfurt am Main,Hesse,DE,"50.1155,8.6842","AS14061 DigitalOcean, LLC",60306,Europe/Berlin,
,Ottawa,Ontario,CA,"45.4112,-75.6981",AS577 Bell Canada,K1R,America/Toronto,
static-47-180-184-41.lsan.ca.frontiernet.net,West Covina,California,US,"34.0686,-117.9390","AS5650 Frontier Communications of America, Inc.",91790,America/Los_Angeles,
,Carolina,Carolina,PR,"18.3808,-65.9574",AS14638 Liberty Communications of Puerto Rico LLC,00983,America/Puerto_Rico,
,Northampton,Massachusetts,US,"42.3251,-72.6412","AS7922 Comcast Cable Communications, LLC",01060,America/New_York,
172-97-26-155.fttx.foothillsbroadband.com,Salyersville,Kentucky,US,"37.7526,-83.0688","AS394111 Foothills Rural Telephone Cooperative Corporation, Inc.",41465,America/New_York,
ool-4b6316aa.static.optonline.net,Commack,New York,US,"40.8429,-73.2929",AS6128 Cablevision Systems Corp.,11725,America/New_York,
ws1.conscius.org.br,Cedar Knolls,New Jersey,US,"40.8220,-74.4488",AS63949 Akamai Connected Cloud,07927,America/New_York,
syn-024-164-172-042.res.spectrum.com,New York City,New York,US,"40.7443,-73.9781",AS12271 Charter Communications Inc,10016,America/New_York,
75-144-42-246-atlanta.hfc.comcastbusiness.net,Atlanta,Georgia,US,"33.7490,-84.3880","AS7922 Comcast Cable Communications, LLC",30302,America/New_York,
syn-075-179-019-107.res.spectrum.com,Akron,Ohio,US,"41.0835,-81.5674",AS10796 Charter Communications Inc,44320,America/New_York,
,Westmont,Illinois,US,"41.7959,-87.9756","AS7922 Comcast Cable Communications, LLC",60559,America/Chicago,
ool-4b6392ba.static.optonline.net,Nanuet,New York,US,"41.0887,-74.0135",AS6128 Cablevision Systems Corp.,10954,America/New_York,
,San Jose,California,US,"37.3394,-121.8950",AS46562 Performive LLC,95025,America/Los_Angeles,
107-181-232-123.static.gorillaservers.com,Los Angeles,California,US,"34.0522,-118.2437","AS53850 GorillaServers, Inc.",90009,America/Los_Angeles,
dynamic.libertypr.net,Trujillo Alto,Trujillo Alto,PR,"18.3547,-66.0074",AS14638 Liberty Communications of Puerto Rico LLC,00976,America/Puerto_Rico,
,Toronto,Ontario,CA,"43.7064,-79.3986",AS396338 Altima Telecom,M5A,America/Toronto,
,Clifton,New Jersey,US,"40.8344,-74.1377","AS14061 DigitalOcean, LLC",07014,America/New_York,
syn-172-113-163-183.res.spectrum.com,Huntington Beach,California,US,"33.6603,-117.9992",AS20001 Charter Communications Inc,92648,America/Los_Angeles,
,Los Angeles,California,US,"34.0559,-118.2666",AS398823 PEG TECH INC,90017,America/Los_Angeles,
108-211-122-150.lightspeed.irvnca.sbcglobal.net,Burbank,California,US,"34.2057,-118.4001","AS7018 AT&T Enterprises, LLC",91605,America/Los_Angeles,
pool-108-46-134-170.nycmny.fios.verizon.net,New York City,New York,US,"40.7143,-74.0060",AS701 Verizon Business,10001,America/New_York,
,Chicago,Illinois,US,"41.8500,-87.6500",AS8075 Microsoft Corporation,60666,America/Chicago,
23-25-14-234-static.hfc.comcastbusiness.net,Channahon,Illinois,US,"41.4295,-88.2287","AS7922 Comcast Cable Communications, LLC",60410,America/Chicago,
23-25-238-54-static.hfc.comcastbusiness.net,Pawling,New York,US,"41.5620,-73.6026","AS7922 Comcast Cable Communications, LLC",12564,America/New_York,
213.86.80.34.bc.googleusercontent.com,Taipei,Taiwan,TW,"25.0531,121.5264",AS396982 Google LLC,,Asia/Taipei,
ool-4573fb21.dyn.optonline.net,New York City,New York,US,"40.7143,-74.0060",AS6128 Cablevision Systems Corp.,10001,America/New_York,
c-68-43-136-255.hsd1.mi.comcast.net,Warren,Michigan,US,"42.4904,-83.0130","AS7922 Comcast Cable Communications, LLC",48090,America/Detroit,
syn-076-180-099-249.res.spectrum.com,Buffalo,New York,US,"42.8840,-78.8597",AS11351 Charter Communications Inc,14204,America/New_York,
,Las Vegas,Nevada,US,"36.1008,-115.1365","AS53340 VegasNAP, LLC",89119,America/Los_Angeles,
,Santa Clara,California,US,"37.3483,-121.9844","AS14061 DigitalOcean, LLC",95051,America/Los_Angeles,
,Frankfurt am Main,Hesse,DE,"50.1155,8.6842","AS14061 DigitalOcean, LLC",60306,Europe/Berlin,
pool-108-35-58-245.nwrknj.fios.verizon.net,New Brunswick,New Jersey,US,"40.4862,-74.4518",AS701 Verizon Business,08901,America/New_York,
syn-172-072-017-027.res.spectrum.com,Charlotte,North Carolina,US,"35.2271,-80.8431",AS11426 Charter Communications Inc,28202,America/New_York,
,Frankfurt am Main,Hesse,DE,"50.1155,8.6842","AS14061 DigitalOcean, LLC",60306,Europe/Berlin,
c-24-22-78-185.hsd1.or.comcast.net,Portland,Oregon,US,"45.5234,-122.6762","AS7922 Comcast Cable Communications, LLC",97204,America/Los_Angeles,
45-79-192-71.ip.linodeusercontent.com,Atlanta,Georgia,US,"33.7490,-84.3880",AS63949 Akamai Connected Cloud,30302,America/New_York,
host-210-234.txcsucn.collegestation.tx.us.clients.pavlovmedia.net,College Station,Texas,US,"30.6280,-96.3344",AS23473 PAVLOV MEDIA INC,77842,America/Chicago,
45-79-105-161.ip.linodeusercontent.com,Fremont,California,US,"37.5483,-121.9886",AS63949 Akamai Connected Cloud,94536,America/Los_Angeles,
,Orlando,Florida,US,"28.5383,-81.3792",AS23314 Summit Broadband,32801,America/New_York,
,Frankfurt am Main,Hesse,DE,"50.1155,8.6842","AS14061 DigitalOcean, LLC",60306,Europe/Berlin,
339090.cloudwaysapps.com,London,England,GB,"51.5085,-0.1257","AS14061 DigitalOcean, LLC",E1W,Europe/London,
hlfxns018gw-134-41-188-126.dhcp-dynamic.fibreop.ns.bellaliant.net,English Corner,Nova Scotia,CA,"44.7334,-63.7820",AS855 Bell Canada,B4B,America/Halifax,
,Paris,Île-de-France,FR,"48.8534,2.3488",AS212238 Datacamp Limited,75000,Europe/Paris,
li130-192.members.linode.com,Cedar Knolls,New Jersey,US,"40.8220,-74.4488",AS63949 Akamai Connected Cloud,07927,America/New_York,
,Secaucus,New Jersey,US,"40.7895,-74.0565","AS14061 DigitalOcean, LLC",07094,America/New_York,
eagle.griffinsysapps.com,Richardson,Texas,US,"32.9482,-96.7297",AS63949 Akamai Connected Cloud,75080,America/Chicago,
,Santa Clara,California,US,"37.3483,-121.9844","AS14061 DigitalOcean, LLC",95051,America/Los_Angeles,
dynamic.libertypr.net,San Juan,San Juan,PR,"18.4663,-66.1057",AS14638 Liberty Communications of Puerto Rico LLC,00901,America/Puerto_Rico,
hlfxns018gw-134-41-14-213.dhcp-dynamic.fibreop.ns.bellaliant.net,Lower Sackville,Nova Scotia,CA,"44.7760,-63.6786",AS855 Bell Canada,B4C,America/Halifax,
,Surrey,British Columbia,CA,"49.1063,-122.8251",AS6327 Shaw Communications Inc.,V3Z,America/Vancouver,
c-98-253-113-227.hsd1.il.comcast.net,Lyons,Illinois,US,"41.8134,-87.8181","AS7922 Comcast Cable Communications, LLC",60534,America/Chicago,
c-69-139-2-66.hsd1.de.comcast.net,Philadelphia,Pennsylvania,US,"39.9524,-75.1636","AS7922 Comcast Cable Communications, LLC",19099,America/New_York,
64-250-203-35.dyn.hsi.pldi.net,Canton,Oklahoma,US,"36.0536,-98.5884",AS11650 Pioneer Long Distance Inc.,73724,America/Chicago,
ool-4a592932.dyn.optonline.net,New York City,New York,US,"40.7143,-74.0060",AS6128 Cablevision Systems Corp.,10001,America/New_York,
mcg-fremont-163.mahaska.org,Oskaloosa,Iowa,US,"41.2964,-92.6444","AS19628 Mahaska Communication Group, LLC",52577,America/Chicago,
nat-199-58-99-80.panorama.alyrica.net,Corvallis,Oregon,US,"44.5646,-123.2620",AS25961 Alyrica Networks Inc.,97339,America/Los_Angeles,
,Pendleton,Oregon,US,"45.6721,-118.7886",AS62915 Wtechlink Incorporated,97801,America/Los_Angeles,
107-114-agavebb-nm.abq.nm.agavebb.net,Miramar Beach,Florida,US,"30.3744,-86.3586",AS18771 3ds Communications LLC,32550,America/Chicago,
,San Jose,California,US,"37.3394,-121.8950",,95025,America/Los_Angeles,
mobile-166-130-52-235.mycingular.net,Atlanta,Georgia,US,"33.7490,-84.3880","AS20057 AT&T Enterprises, LLC",30302,America/New_York,
66-165-225-2.static.hvvc.us,Los Angeles,California,US,"34.0559,-118.2666","AS29802 HIVELOCITY, Inc.",90017,America/Los_Angeles,
,Ottawa,Ontario,CA,"45.4112,-75.6981",AS577 Bell Canada,K1R,America/Toronto,
hive.honeybee.pub,Dallas,Texas,US,"32.7831,-96.8067",AS54290 Hostwinds LLC.,75201,America/Chicago,
c-73-123-131-163.hsd1.nh.comcast.net,Manchester,New Hampshire,US,"42.9956,-71.4548","AS7922 Comcast Cable Communications, LLC",03101,America/New_York,
syn-076-169-069-104.res.spectrum.com,Fontana,California,US,"34.0794,-117.4551",AS20001 Charter Communications Inc,92335,America/Los_Angeles,
75-145-206-107-virginia.hfc.comcastbusiness.net,Winchester,Virginia,US,"39.1857,-78.1633","AS7922 Comcast Cable Communications, LLC",22601,America/New_York,
76-229-159-169.lightspeed.hstntx.sbcglobal.net,Tomball,Texas,US,"30.0972,-95.6161","AS7018 AT&T Enterprises, LLC",77375,America/Chicago,
ool-4b63d53d.static.optonline.net,West Torrington,Connecticut,US,"41.8184,-73.1437",AS6128 Cablevision Systems Corp.,06094,America/New_York,
ip98-171-65-59.ph.ph.cox.net,Phoenix,Arizona,US,"33.4484,-112.0740",AS22773 Cox Communications Inc.,85001,America/Phoenix,
pool-108-39-73-192.nrflva.fios.verizon.net,Chesapeake,Virginia,US,"36.8190,-76.2749",AS701 Verizon Business,23324,America/New_York,
108-237-79-177.lightspeed.frsnca.sbcglobal.net,Dinuba,California,US,"36.5433,-119.3871","AS7018 AT&T Enterprises, LLC",93618,America/Los_Angeles,
,Washington,Virginia,US,"38.7135,-78.1594",AS8075 Microsoft Corporation,22747,America/New_York,
c-24-143-101-2.customer.broadstripe.net,Seattle,Washington,US,"47.6062,-122.3321",AS11404 Wave Broadband,98101,America/Los_Angeles,
host-24-222-252-40.public.eastlink.ca,Greenwood,Nova Scotia,CA,"44.9741,-64.9317",AS11260 EastLink,B0S,America/Halifax,
,Kabul,Kabul,AF,"34.5281,69.1723",AS55330 AFGHANTELECOM GOVERNMENT COMMUNICATION NETWORK,,Asia/Kabul,
,Piscataway,New Jersey,US,"40.4993,-74.3990",AS23470 ReliableSite.Net LLC,08854,America/New_York,
syn-072-178-079-224.res.spectrum.com,Killeen,Texas,US,"31.1164,-97.7278",AS11427 Charter Communications Inc,76541,America/Chicago,
syn-072-229-176-080.res.spectrum.com,Bellerose Terrace,New York,US,"40.7272,-73.7949",AS12271 Charter Communications Inc,11366,America/New_York,
c-67-191-70-170.hsd1.fl.comcast.net,Fort Lauderdale,Florida,US,"26.1223,-80.1434","AS7922 Comcast Cable Communications, LLC",33302,America/New_York,
c-73-55-104-201.hsd1.fl.comcast.net,Brandon,Florida,US,"27.9378,-82.2859","AS7922 Comcast Cable Communications, LLC",33509,America/New_York,
syn-066-074-184-104.res.spectrum.com,Palm Springs,California,US,"33.8303,-116.5453",AS20001 Charter Communications Inc,92262,America/Los_Angeles,
,Westminster,Colorado,US,"39.8366,-105.0372","AS7922 Comcast Cable Communications, LLC",80030,America/Denver,
host-216-104-101-61.public.eastlink.ca,Espanola,Ontario,CA,"46.2584,-81.7665",AS11260 EastLink,P5E,America/Toronto,
,Clifton,New Jersey,US,"40.8344,-74.1377","AS14061 DigitalOcean, LLC",07014,America/New_York,
147.82.238.104.host.secureserver.net,Phoenix,Arizona,US,"33.4484,-112.0740","AS26496 GoDaddy.com, LLC",85001,America/Phoenix,
,Atlanta,Georgia,US,"33.7490,-84.3880","AS20141 Quality Technology Services, LLC",30302,America/New_York,
pool-100-6-135-112.pitbpa.fios.verizon.net,Pittsburgh,Pennsylvania,US,"40.4406,-79.9959",AS701 Verizon Business,15212,America/New_York,
syn-074-087-041-042.biz.spectrum.com,Santa Ana,California,US,"33.7456,-117.8678",AS20001 Charter Communications Inc,92712,America/Los_Angeles,
syn-072-229-186-180.res.spectrum.com,Bellerose Terrace,New York,US,"40.7272,-73.7949",AS12271 Charter Communications Inc,11366,America/New_York,
ool-4575d2e6.dyn.optonline.net,New York City,New York,US,"40.7143,-74.0060",AS6128 Cablevision Systems Corp.,10001,America/New_York,
178-126-162-69.static.reverse.lstn.net,Dallas,Texas,US,"32.7831,-96.8067","AS46475 Limestone Networks, Inc.",75201,America/Chicago,
67-197-195-245.cm.rkhlsc.dyn.comporium.net,Rock Hill,South Carolina,US,"34.9249,-81.0251","AS14615 Comporium, Inc",29730,America/New_York,
d24-141-140-189.home.cgocable.net,Burlington,Ontario,CA,"43.3862,-79.8371",AS7992 Cogeco Connexion Inc.,L7R,America/Toronto,
,Trujillo Alto,Trujillo Alto,PR,"18.3547,-66.0074",AS14638 Liberty Communications of Puerto Rico LLC,00976,America/Puerto_Rico,
ip68-111-50-246.br.br.cox.net,Baton Rouge,Louisiana,US,"30.4433,-91.1875",AS22773 Cox Communications Inc.,70801,America/Chicago,
census8.shodan.io,San Diego,California,US,"32.7157,-117.1647","AS10439 CariNet, Inc.",92101,America/Los_Angeles,
syn-068-112-209-166.res.spectrum.com,Opelousas,Louisiana,US,"30.5144,-92.0897",AS20115 Charter Communications LLC,70570,America/Chicago,
syn-071-066-203-234.biz.spectrum.com,Racine,Wisconsin,US,"42.7242,-87.8551",AS10796 Charter Communications Inc,53406,America/Chicago,
,Ottawa,Ontario,CA,"45.4112,-75.6981",AS577 Bell Canada,K1R,America/Toronto,
ool-44c086df.dyn.optonline.net,Watertown,Connecticut,US,"41.6062,-73.1182",AS6128 Cablevision Systems Corp.,06795,America/New_York,
ec2-52-0-134-91.compute-1.amazonaws.com,Ashburn,Virginia,US,"39.0437,-77.4875","AS14618 Amazon.com, Inc.",20147,America/New_York,
70-91-26-118-busname-panjde.hfc.comcastbusiness.net,Philadelphia,Pennsylvania,US,"39.9524,-75.1636","AS7922 Comcast Cable Communications, LLC",19099,America/New_York,
45-79-146-144.ip.linodeusercontent.com,Cedar Knolls,New Jersey,US,"40.8220,-74.4488",AS63949 Akamai Connected Cloud,07927,America/New_York,
,Kansas City,Missouri,US,"39.1479,-94.5680","AS64236 UnReal Servers, LLC",64116,America/Chicago,
192-3-207-74-host.colocrossing.com,Buffalo,New York,US,"42.8865,-78.8784",AS36352 HostPapa,14202,America/New_York,
52.213.72.148.host.secureserver.net,Singapore,Singapore,SG,"1.2897,103.8501","AS26496 GoDaddy.com, LLC",018989,Asia/Singapore,
,Toronto,Ontario,CA,"43.7064,-79.3986",AS54614 CIK Telecom INC,M5A,America/Toronto,
syn-108-185-115-153.res.spectrum.com,Stanton,California,US,"33.8025,-117.9931",,90680,America/Los_Angeles,
syn-096-037-073-096.res.spectrum.com,Easley,South Carolina,US,"34.8298,-82.6015",AS20115 Charter Communications LLC,29640,America/New_York,
syn-097-092-102-106.biz.spectrum.com,Gardnerville,Nevada,US,"38.8703,-119.6115",AS20115 Charter Communications LLC,89410,America/Los_Angeles,
144.202.113.128.vultrusercontent.com,Los Angeles,California,US,"34.0614,-118.2385","AS20473 The Constant Company, LLC",90012,America/Los_Angeles,
208-80-174-208-80-174-163.cpe.sparklight.net,Kingsville,Texas,US,"27.4229,-97.8407","AS11492 CABLE ONE, INC.",78363,America/Chicago,
,Des Moines,Iowa,US,"41.6005,-93.6091",AS8075 Microsoft Corporation,50307,America/Chicago,
ool-18b9f270.dyn.optonline.net,New York City,New York,US,"40.7143,-74.0060",AS6128 Cablevision Systems Corp.,10001,America/New_York,
modemcable159.119-203-24.mc.videotron.ca,Saint-Jean-sur-Richelieu,Quebec,CA,"45.3071,-73.2626",AS5769 Videotron Ltee,J3B,America/Toronto,
c-24-30-17-198.hsd1.ga.comcast.net,Atlanta,Georgia,US,"33.7490,-84.3880","AS7922 Comcast Cable Communications, LLC",30302,America/New_York,
pool-108-4-10-25.rcmdva.fios.verizon.net,Glen Allen,Virginia,US,"37.6660,-77.5064",AS701 Verizon Business,23060,America/New_York,
108-162-155-236.cable.teksavvy.com,Toronto,Ontario,CA,"43.7064,-79.3986","AS5645 TekSavvy Solutions, Inc.",M5A,America/Toronto,
syn-173-169-025-082.res.spectrum.com,Gulfport,Florida,US,"27.7484,-82.7034","AS33363 Charter Communications, Inc",33707,America/New_York,
192.34.108.226-reverse.wowrack.com,Seattle,Washington,US,"47.4889,-122.3012",AS27323 Wowrack.com,98168,America/Los_Angeles,
104-182-16-34.lightspeed.jcsnms.sbcglobal.net,Jackson,Mississippi,US,"32.2988,-90.1848","AS7018 AT&T Enterprises, LLC",39201,America/Chicago,
,Sunnyvale,California,US,"37.3688,-122.0363","AS45102 Alibaba (US) Technology Co., Ltd.",94088,America/Los_Angeles,
,King and Queen Court House,Virginia,US,"37.6699,-76.8775",AS32757 VA Broadband LLC,23085,America/New_York,
,Santa Clara,California,US,"37.3924,-121.9623",AS18779 EGIHosting,95054,America/Los_Angeles,
,North Bergen,New Jersey,US,"40.8043,-74.0121","AS14061 DigitalOcean, LLC",07047,America/New_York,
syn-172-091-230-159.res.spectrum.com,Santa Clarita,California,US,"34.3795,-118.5230",AS20001 Charter Communications Inc,91321,America/Los_Angeles,
,Toronto,Ontario,CA,"43.7064,-79.3986","AS14061 DigitalOcean, LLC",M5A,America/Toronto,
,Singapore,Singapore,SG,"1.3215,103.6957","AS14061 DigitalOcean, LLC",627753,Asia/Singapore,
c-73-6-5-175.hsd1.tx.comcast.net,Houston,Texas,US,"29.7633,-95.3633","AS7922 Comcast Cable Communications, LLC",77002,America/Chicago,
ool-2f10822a.dyn.optonline.net,New York City,New York,US,"40.7143,-74.0060",AS6128 Cablevision Systems Corp.,10001,America/New_York,
,Roca,Nebraska,US,"40.6575,-96.6581","AS3356 Level 3 Parent, LLC",68430,America/Chicago,
ec2-18-213-130-130.compute-1.amazonaws.com,Ashburn,Virginia,US,"39.0437,-77.4875","AS14618 Amazon.com, Inc.",20147,America/New_York,
ool-182f4bee.dyn.optonline.net,Yonkers,New York,US,"40.9312,-73.8988",AS6128 Cablevision Systems Corp.,10702,America/New_York,
,Castries,Castries,LC,"13.9957,-61.0061",AS15344 Karib Cable,,America/St_Lucia,
5.10.76.34.bc.googleusercontent.com,Brussels,Brussels Capital,BE,"50.8505,4.3488",AS396982 Google LLC,1000,Europe/Brussels,
72.5.233.35.bc.googleusercontent.com,Brussels,Brussels Capital,BE,"50.8505,4.3488",AS396982 Google LLC,1000,Europe/Brussels,
66.42.119.208.vultrusercontent.com,Elk Grove Village,Illinois,US,"42.0076,-87.9931","AS20473 The Constant Company, LLC",60007,America/Chicago,
,Vancouver,British Columbia,CA,"49.2497,-123.1193",AS852 TELUS Communications Inc.,V5Y,America/Vancouver,
occaecativqosm.impecran-echap.online,Chicago,Illinois,US,"41.8500,-87.6500",AS36352 HostPapa,60666,America/Chicago,
,Chaguanas,Chaguanas,TT,"10.5167,-61.4167",AS27665 Columbus Communications Trinidad Limited.,,America/Port_of_Spain,
,Bellevue,Washington,US,"47.5614,-122.1552",,98006,America/Los_Angeles,
syn-172-254-216-130.biz.spectrum.com,New York City,New York,US,"40.7143,-74.0060",AS12271 Charter Communications Inc,10001,America/New_York,
,Santa Clara,California,US,"37.3483,-121.9844","AS14061 DigitalOcean, LLC",95051,America/Los_Angeles,
,Santa Clara,California,US,"37.3483,-121.9844","AS14061 DigitalOcean, LLC",95051,America/Los_Angeles,
108-85-71-7.lightspeed.miamfl.sbcglobal.net,Pompano Beach,Florida,US,"26.2674,-80.2092","AS7018 AT&T Enterprises, LLC",33063,America/New_York,
,Chicago,Illinois,US,"41.8500,-87.6500","AS7922 Comcast Cable Communications, LLC",60666,America/Chicago,
c-98-197-253-179.hsd1.tx.comcast.net,Houston,Texas,US,"29.7633,-95.3633","AS7922 Comcast Cable Communications, LLC",77002,America/Chicago,
,Fort Lauderdale,Florida,US,"26.1223,-80.1434","AS7922 Comcast Cable Communications, LLC",33302,America/New_York,
,Dallas,Texas,US,"32.8152,-96.8703",AS931 Hyonix,75247,America/Chicago,
c-73-128-157-141.hsd1.md.comcast.net,Odenton,Maryland,US,"39.0840,-76.7002","AS7922 Comcast Cable Communications, LLC",21113,America/New_York,
dhcp-72-235-130-216.hawaiiantel.net,Honolulu,Hawaii,US,"21.3069,-157.8583","AS36149 Hawaiian Telcom Services Company, Inc.",96802,Pacific/Honolulu,
ip70-178-124-241.ks.ks.cox.net,Johnson,Arkansas,US,"36.1329,-94.1655",AS22773 Cox Communications Inc.,72741,America/Chicago,
ec2-3-17-11-214.us-east-2.compute.amazonaws.com,Columbus,Ohio,US,"39.9612,-82.9988","AS16509 Amazon.com, Inc.",43215,America/New_York,
ip68-229-235-210.ok.ok.cox.net,Oklahoma City,Oklahoma,US,"35.4676,-97.5164",AS22773 Cox Communications Inc.,73102,America/Chicago,
syn-067-010-251-116.res.spectrum.com,Arlington,Texas,US,"32.6931,-97.1347",AS11427 Charter Communications Inc,76015,America/Chicago,
dynamic.libertypr.net,Bayamón,Bayamón,PR,"18.3986,-66.1557",AS14638 Liberty Communications of Puerto Rico LLC,00956,America/Puerto_Rico,
,Cape Coral,Florida,US,"26.5629,-81.9495","AS7922 Comcast Cable Communications, LLC",33910,America/New_York,
,Ottawa,Ontario,CA,"45.4112,-75.6981",AS577 Bell Canada,K1R,America/Toronto,
nms.tacservers.net,Atlanta,Georgia,US,"33.7490,-84.3880","AS3842 InMotion Hosting, Inc.",30302,America/New_York,
,Houston,Texas,US,"29.7633,-95.3633","AS7922 Comcast Cable Communications, LLC",77002,America/Chicago,
,Santa Clara,California,US,"37.3483,-121.9844","AS14061 DigitalOcean, LLC",95051,America/Los_Angeles,
,Santa Clara,California,US,"37.3924,-121.9623",AS18779 EGIHosting,95054,America/Los_Angeles,
204-83-71-180.regn.hsdb.sasknet.sk.ca,Regina,Saskatchewan,CA,"50.4501,-104.6178",AS803 Saskatchewan Telecommunications,S4M,America/Regina,
203.194-pool-nas8-sc.sccoast.net,Conway,South Carolina,US,"33.8360,-79.0478","AS21565 Horry Telephone Cooperative, Inc.",29526,America/New_York,
ool-18bec993.dyn.optonline.net,Oceanside,New York,US,"40.6387,-73.6401",AS6128 Cablevision Systems Corp.,11572,America/New_York,
host-24-222-251-207.public.eastlink.ca,Greenwood,Nova Scotia,CA,"44.9741,-64.9317",AS11260 EastLink,B0S,America/Halifax,
,Salisbury,North Carolina,US,"35.6710,-80.4742","AS3356 Level 3 Parent, LLC",28145,America/New_York,
210.129.236.35.bc.googleusercontent.com,Taipei,Taiwan,TW,"25.0531,121.5264",AS396982 Google LLC,,Asia/Taipei,
user-24-96-1-14.knology.net,Callaway,Florida,US,"30.1530,-85.5699",AS12083 WideOpenWest Finance LLC,32404,America/Chicago,
23-233-125-29.cpe.pppoe.ca,Chatham,Ontario,CA,"42.4122,-82.1849","AS5645 TekSavvy Solutions, Inc.",N7L,America/Toronto,
,Las Vegas,Nevada,US,"36.1750,-115.1372",AS53667 FranTech Solutions,89111,America/Los_Angeles,
,North Bergen,New Jersey,US,"40.8043,-74.0121","AS14061 DigitalOcean, LLC",07047,America/New_York,
,Seattle,Washington,US,"47.6339,-122.3476",,98109,America/Los_Angeles,
pool-173-52-43-219.nycmny.fios.verizon.net,New York City,New York,US,"40.7143,-74.0060",AS701 Verizon Business,10001,America/New_York,
pool-70-20-52-149.man.east.myfairpoint.net,Burlington,Vermont,US,"44.4759,-73.2121","AS13977 Consolidated Communications, Inc.",05401,America/New_York,
,Vancouver,British Columbia,CA,"49.2497,-123.1193",AS7311 Frontier Networks Inc,V5Y,America/Vancouver,
c-73-158-57-75.hsd1.ca.comcast.net,Santa Rosa,California,US,"38.4405,-122.7144","AS7922 Comcast Cable Communications, LLC",95402,America/Los_Angeles,
47-153-53-185.lsan.ca.frontiernet.net,Los Angeles,California,US,"34.0522,-118.2437","AS5650 Frontier Communications of America, Inc.",90009,America/Los_Angeles,
64.68.223-246.transtelco.net,Los Angeles,California,US,"34.0522,-118.2437",AS32098 Transtelco Inc,90009,America/Los_Angeles,
,London,England,GB,"51.5085,-0.1257","AS14061 DigitalOcean, LLC",E1W,Europe/London,
,Santa Clara,California,US,"37.3483,-121.9844","AS14061 DigitalOcean, LLC",95051,America/Los_Angeles,
18-201-115-208.static.reverse.lstn.net,Frankfurt am Main,Hesse,DE,"50.1155,8.6842","AS46475 Limestone Networks, Inc.",60306,Europe/Berlin,
,Washington,Virginia,US,"38.7135,-78.1594",AS8075 Microsoft Corporation,22747,America/New_York,
,Los Angeles,California,US,"34.0522,-118.2437",AS40065 CNSERVERS LLC,90009,America/Los_Angeles,
,Humacao,Humacao,PR,"18.1497,-65.8274",AS21559 OSNET Wireless,00791,America/Puerto_Rico,
c-73-5-78-69.hsd1.la.comcast.net,Monroe,Louisiana,US,"32.5093,-92.1193","AS7922 Comcast Cable Communications, LLC",71207,America/Chicago,
,Dartmouth,Nova Scotia,CA,"44.6713,-63.5772",AS53913 City Wide Communications Inc.,B3A,America/Halifax,
c-73-9-109-94.hsd1.il.comcast.net,Roselle,Illinois,US,"41.9847,-88.0798","AS7922 Comcast Cable Communications, LLC",60172,America/Chicago,
,Monroe,North Carolina,US,"34.9854,-80.5495",AS81 MCNC,28111,America/New_York,
user-208-70-94-248.thecable.net,Basseterre,Saint George Basseterre,KN,"17.2955,-62.7250",AS36290 The Cable of St. Kitts,,America/St_Kitts,
avalon.ddnsgeek.com,Las Vegas,Nevada,US,"36.1750,-115.1372",AS53667 FranTech Solutions,89111,America/Los_Angeles,
syn-066-069-009-043.res.spectrum.com,San Antonio,Texas,US,"29.3309,-98.5054",AS11427 Charter Communications Inc,78221,America/Chicago,
,Santa Clara,California,US,"37.3483,-121.9844","AS14061 DigitalOcean, LLC",95051,America/Los_Angeles,
syn-172-088-176-112.res.spectrum.com,Anaheim,California,US,"33.8353,-117.9145",AS20001 Charter Communications Inc,92805,America/Los_Angeles,
host-104-251-241-176.jenolt7.epbfi.com,Chattanooga,Tennessee,US,"35.0456,-85.3097",AS26827 EPB Fiber Optics,37401,America/New_York,
107-205-186-158.lightspeed.frokca.sbcglobal.net,Dixon,California,US,"38.4455,-121.8233","AS7018 AT&T Enterprises, LLC",95620,America/Los_Angeles,
234.45.158.104.in-addr.arpa,Toronto,Ontario,CA,"43.7064,-79.3986",AS54198 Videotron Ltee,M5A,America/Toronto,
host-24-138-175-75.public.eastlink.ca,Timmins,Ontario,CA,"48.4669,-81.3331",AS11260 EastLink,P4N,America/Toronto,
syn-024-162-076-227.res.spectrum.com,Dallas,Texas,US,"32.8770,-96.7080",AS11427 Charter Communications Inc,75238,America/Chicago,
syn-024-241-111-180.biz.spectrum.com,Belleville,Illinois,US,"38.5352,-90.0006",AS20115 Charter Communications LLC,62226,America/Chicago,
50-78-72-42-static.hfc.comcastbusiness.net,Severna Park,Maryland,US,"39.0704,-76.5452","AS7922 Comcast Cable Communications, LLC",21146,America/New_York,
cgn-64-22-39.pool.ny.us.statetel.com,Coxsackie,New York,US,"42.3509,-73.8029","AS22302 INOC, LLC",12051,America/New_York,
host-45-43-108-162.bakolt1.epbfi.com,Sale Creek,Tennessee,US,"35.3823,-85.1088",AS26827 EPB Fiber Optics,37373,America/New_York,
,Seattle,Washington,US,"47.6339,-122.3476",,98109,America/Los_Angeles,
syn-172-089-040-084.res.spectrum.com,Anaheim,California,US,"33.8353,-117.9145",AS20001 Charter Communications Inc,92805,America/Los_Angeles,
,St. Catharines,Ontario,CA,"43.1713,-79.2427",AS395965 Carrytel,L2N,America/Toronto,
,North Bergen,New Jersey,US,"40.8043,-74.0121","AS14061 DigitalOcean, LLC",07047,America/New_York,
,Vaudreuil-Dorion,Quebec,CA,"45.4001,-74.0325",AS16276 OVH SAS,J7V,America/Toronto,
syn-198-255-246-126.res.spectrum.com,Portland,Maine,US,"43.6574,-70.2589",AS11351 Charter Communications Inc,04101,America/New_York,
108-89-77-61.lightspeed.irvnca.sbcglobal.net,Irvine,California,US,"33.6829,-117.8298","AS7018 AT&T Enterprises, LLC",92614,America/Los_Angeles,
pool-100-33-88-86.nycmny.fios.verizon.net,New York City,New York,US,"40.7143,-74.0060",AS701 Verizon Business,10001,America/New_York,
bras-base-wdbgon4804w-grc-09-74-14-82-217.dsl.bell.ca,Willowdale,Ontario,CA,"43.7667,-79.3991",AS577 Bell Canada,M2N,America/Toronto,
,Carolina,Carolina,PR,"18.3808,-65.9574",AS14638 Liberty Communications of Puerto Rico LLC,00983,America/Puerto_Rico,
c-24-99-89-11.hsd1.ga.comcast.net,Atlanta,Georgia,US,"33.7490,-84.3880","AS7922 Comcast Cable Communications, LLC",30302,America/New_York,
li244-194.members.linode.com,Cedar Knolls,New Jersey,US,"40.8220,-74.4488",AS63949 Akamai Connected Cloud,07927,America/New_York,
173-255-204-83.ip.linodeusercontent.com,Richardson,Texas,US,"32.9482,-96.7297",AS63949 Akamai Connected Cloud,75080,America/Chicago,
,Amsterdam,North Holland,NL,"52.3740,4.8897","AS14061 DigitalOcean, LLC",1012,Europe/Amsterdam,
172-104-226-204.ip.linodeusercontent.com,Frankfurt am Main,Hesse,DE,"50.1155,8.6842",AS63949 Akamai Connected Cloud,60306,Europe/Berlin,
162-228-77-56.lightspeed.irvnca.sbcglobal.net,Mission Viejo,California,US,"33.6000,-117.6720","AS7018 AT&T Enterprises, LLC",92691,America/Los_Angeles,
198-200-101-172.cpe.distributel.net,Guelph,Ontario,CA,"43.5459,-80.2560",AS11814 Distributel Communications Limited,N1E,America/Toronto,
s0106ac4ca5fd2d57.vc.shawcable.net,Burnaby,British Columbia,CA,"49.2664,-122.9526",AS6327 Shaw Communications Inc.,V5A,America/Vancouver,
wgi.duable.com,Secaucus,New Jersey,US,"40.7895,-74.0565","AS14061 DigitalOcean, LLC",07094,America/New_York,
syn-097-071-110-162.biz.spectrum.com,Bakersfield,California,US,"35.3867,-118.9391","AS33363 Charter Communications, Inc",93306,America/Los_Angeles,
syn-097-097-073-134.biz.spectrum.com,Bakersfield,California,US,"35.3935,-119.1205","AS33363 Charter Communications, Inc",93312,America/Los_Angeles,
adsl-068-153-147-025.sip.asm.bellsouth.net,Lawrenceville,Georgia,US,"33.9562,-83.9880","AS6389 AT&T Enterprises, LLC",30046,America/New_York,
,Denver,Colorado,US,"39.7392,-104.9847","AS209 CenturyLink Communications, LLC",80203,America/Denver,
c-71-229-105-155.hsd1.fl.comcast.net,Westchester,Florida,US,"25.7548,-80.3273","AS7922 Comcast Cable Communications, LLC",33144,America/New_York,
76-243-206-176.lightspeed.miamfl.sbcglobal.net,Miami,Florida,US,"25.6062,-80.3426","AS7018 AT&T Enterprises, LLC",33157,America/New_York,
104-3-248-28.lightspeed.rcsntx.sbcglobal.net,McKinney,Texas,US,"33.1976,-96.6153","AS7018 AT&T Enterprises, LLC",75069,America/Chicago,
,Seattle,Washington,US,"47.5413,-122.3129","AS16509 Amazon.com, Inc.",98108,America/Los_Angeles,
,San Juan,San Juan,PR,"18.4663,-66.1057",AS14638 Liberty Communications of Puerto Rico LLC,00901,America/Puerto_Rico,
wsip-24-234-83-22.lv.lv.cox.net,Las Vegas,Nevada,US,"36.1750,-115.1372",AS22773 Cox Communications Inc.,89111,America/Los_Angeles,
,Coamo,Coamo,PR,"18.0800,-66.3580",AS14638 Liberty Communications of Puerto Rico LLC,00769,America/Puerto_Rico,
149-255-36-134.static.hvvc.us,Los Angeles,California,US,"34.0559,-118.2666","AS29802 HIVELOCITY, Inc.",90017,America/Los_Angeles,
,Tucker,Georgia,US,"33.8546,-84.2171","AS7018 AT&T Enterprises, LLC",30084,America/New_York,
,Hamilton,Ontario,CA,"43.2501,-79.8496",AS7311 Frontier Networks Inc,L8M,America/Toronto,
,Seattle,Washington,US,"47.6339,-122.3476",,98109,America/Los_Angeles,
,Atlanta,Georgia,US,"33.7490,-84.3880",AS212238 Datacamp Limited,30302,America/New_York,
,Santa Clara,California,US,"37.3483,-121.9844","AS14061 DigitalOcean, LLC",95051,America/Los_Angeles,
,Kendall,Florida,US,"25.6793,-80.3173","AS7922 Comcast Cable Communications, LLC",33156,America/New_York,
69-9-238-186-static.midco.net,Sioux Falls,South Dakota,US,"43.5500,-96.7003",AS11232 Midcontinent Communications,57101,America/Chicago,
ool-4350d1f6.dyn.optonline.net,Centereach,New York,US,"40.8584,-73.0995",AS6128 Cablevision Systems Corp.,11720,America/New_York,
,Jacksonville,Florida,US,"30.3322,-81.6556","AS7922 Comcast Cable Communications, LLC",32202,America/New_York,
s01063c2d9e74bed6.wp.shawcable.net,Winnipeg,Manitoba,CA,"49.8844,-97.1470",AS6327 Shaw Communications Inc.,R3B,America/Winnipeg,
,Clifton,New Jersey,US,"40.8344,-74.1377","AS14061 DigitalOcean, LLC",07014,America/New_York,
ec2-52-5-6-237.compute-1.amazonaws.com,Ashburn,Virginia,US,"39.0437,-77.4875","AS14618 Amazon.com, Inc.",20147,America/New_York,
47-187-7-62.dlls.tx.frontiernet.net,Grapevine,Texas,US,"32.9343,-97.0781","AS5650 Frontier Communications of America, Inc.",76051,America/Chicago,
host147-231-170-68.xipline.com,Jonesboro,Arkansas,US,"35.8423,-90.7043",AS23404 Ritter Communications,72401,America/Chicago,
c-73-57-163-230.hsd1.fl.comcast.net,Doral,Florida,US,"25.8195,-80.3553","AS7922 Comcast Cable Communications, LLC",33178,America/New_York,
,Santa Clara,California,US,"37.3483,-121.9844","AS14061 DigitalOcean, LLC",95051,America/Los_Angeles,
,Amsterdam,North Holland,NL,"52.3740,4.8897","AS14061 DigitalOcean, LLC",1012,Europe/Amsterdam,
,Amsterdam,North Holland,NL,"52.3740,4.8897","AS14061 DigitalOcean, LLC",1012,Europe/Amsterdam,
1344108.cloudwaysapps.com,Amsterdam,North Holland,NL,"52.3740,4.8897","AS14061 DigitalOcean, LLC",1012,Europe/Amsterdam,
syn-172-116-037-239.res.spectrum.com,Hidden Hills,California,US,"34.1993,-118.5983",AS20001 Charter Communications Inc,91303,America/Los_Angeles,
,Clarksville,Tennessee,US,"36.5298,-87.3594",AS40749 CLARKSVILLE DEPARTMENT OF ELECTRICITY,37044,America/Chicago,
ec2-3-94-145-191.compute-1.amazonaws.com,Ashburn,Virginia,US,"39.0437,-77.4875","AS14618 Amazon.com, Inc.",20147,America/New_York,
194.31.233.35.bc.googleusercontent.com,Brussels,Brussels Capital,BE,"50.8505,4.3488",AS396982 Google LLC,1000,Europe/Brussels,
101.96.240.35.bc.googleusercontent.com,Brussels,Brussels Capital,BE,"50.8505,4.3488",AS396982 Google LLC,1000,Europe/Brussels,
,Fort Lauderdale,Florida,US,"26.1223,-80.1434","AS7922 Comcast Cable Communications, LLC",33302,America/New_York,
c-67-161-138-116.hsd1.co.comcast.net,Boulder,Colorado,US,"40.0150,-105.2706","AS7922 Comcast Cable Communications, LLC",80309,America/Denver,
static-76-73-128-15.knology.net,Newnan,Georgia,US,"33.3807,-84.7997",AS12083 WideOpenWest Finance LLC,30263,America/New_York,
ool-4a583a71.dyn.optonline.net,Bridgeport,Connecticut,US,"41.1792,-73.1894",AS6128 Cablevision Systems Corp.,06602,America/New_York,
c-71-59-173-253.hsd1.wa.comcast.net,Longview,Washington,US,"46.1382,-122.9382","AS7922 Comcast Cable Communications, LLC",98632,America/Los_Angeles,
70-132-208-133.lightspeed.miamfl.sbcglobal.net,Miami,Florida,US,"25.7343,-80.3588","AS7018 AT&T Enterprises, LLC",33165,America/New_York,
occam-adsl-74-50-250-40.natcotech.com,Flippin,Arkansas,US,"36.2790,-92.5971",AS35894 Northern Arkansas Telephone Company,72634,America/Chicago,
70-89-96-85-allbackup-miamifl.hfc.comcastbusiness.net,Miami,Florida,US,"25.7743,-80.1937","AS7922 Comcast Cable Communications, LLC",33101,America/New_York,
216-67-20-86-radius.dynamic.acsalaska.net,Kodiak,Alaska,US,"57.7885,-152.4053","AS7782 Alaska Communications Systems Group, Inc.",99619,America/Anchorage,
host-208-111-127-130.htcnet.net,Greenville,Alabama,US,"31.8296,-86.6178",AS33623 Hayneville Telephone Company,36037,America/Chicago,
,Amsterdam,North Holland,NL,"52.3740,4.8897","AS14061 DigitalOcean, LLC",1012,Europe/Amsterdam,
,Santa Clara,California,US,"37.3483,-121.9844","AS14061 DigitalOcean, LLC",95051,America/Los_Angeles,
syn-071-009-171-232.res.spectrum.com,Cookeville,Tennessee,US,"36.2178,-85.5423",AS20115 Charter Communications LLC,38501,America/Chicago,
,Tacoma,Washington,US,"47.2529,-122.4443","AS7922 Comcast Cable Communications, LLC",98401,America/Los_Angeles,
syn-098-013-165-246.res.spectrum.com,New York City,New York,US,"40.6301,-74.1607",AS12271 Charter Communications Inc,10303,America/New_York,
,Lancaster,Pennsylvania,US,"40.0379,-76.3055","AS7922 Comcast Cable Communications, LLC",17611,America/New_York,
209-190-12-74.xlhdns.com,Columbus,Ohio,US,"39.9612,-82.9988",AS10297 eNET Inc.,43215,America/New_York,
,Kansas City,Missouri,US,"39.1479,-94.5680","AS64236 UnReal Servers, LLC",64116,America/Chicago,
pool-173-66-163-139.washdc.fios.verizon.net,Annandale,Virginia,US,"38.8304,-77.1964",AS701 Verizon Business,22003,America/New_York,
syn-174-135-106-110.res.spectrum.com,Bakersfield,California,US,"35.3039,-119.1056","AS33363 Charter Communications, Inc",93311,America/Los_Angeles,
syn-174-081-162-020.res.spectrum.com,Montgomery,Alabama,US,"32.3736,-86.1833",AS20115 Charter Communications LLC,36117,America/Chicago,
vmi597552.contaboserver.net,Frankfurt am Main,Hesse,DE,"50.1155,8.6842",AS51167 Contabo GmbH,60306,Europe/Berlin,
ip-151-72-86-167.static.contabo.net,Frankfurt am Main,Hesse,DE,"50.1155,8.6842",AS51167 Contabo GmbH,60306,Europe/Berlin,
82.pool107-183-230.dynamic.orange.es,Madrid,Madrid,ES,"40.4133,-3.6939",AS12479 Orange Espagne SA,28014,Europe/Madrid,
syn-066-108-219-216.res.spectrum.com,Inwood,New York,US,"40.6769,-73.8448",AS12271 Charter Communications Inc,11417,America/New_York,
47-200-208-68.fdr01.plmt.fl.ip.frontiernet.net,Ellenton,Florida,US,"27.5217,-82.5276","AS5650 Frontier Communications of America, Inc.",34222,America/New_York,
,Tseung Kwan O,Sai Kung,HK,"22.3279,114.2499",AS138415 Yancy Limited,999077,Asia/Hong_Kong,
s0106e0dbd1c89878.ed.shawcable.net,Sherwood Park,Alberta,CA,"53.5168,-113.3187",AS6327 Shaw Communications Inc.,T6P,America/Edmonton,
47-157-138-191.fdr01.lnbh.ca.ip.frontiernet.net,Long Beach,California,US,"33.7670,-118.1892","AS5650 Frontier Communications of America, Inc.",90801,America/Los_Angeles,
,Milan,Lombardy,IT,"45.4643,9.1895","AS16509 Amazon.com, Inc.",20121,Europe/Rome,
dur-pppoe-4-14.dsl.airstreamcomm.net,Durand,Wisconsin,US,"44.6264,-91.9657","AS11796 Airstream Communications, LLC",54736,America/Chicago,
190-59-9-110.dynamic.tstt.net.tt,Laventille,San Juan/Laventille,TT,"10.6492,-61.4989",AS5639 Telecommunication Services of Trinidad and Tobago,,America/Port_of_Spain,
,Marabella,San Fernando,TT,"10.3062,-61.4467",AS27665 Columbus Communications Trinidad Limited.,,America/Port_of_Spain,
static-173-84-49-214.nrwl.oh.frontiernet.net,Ottawa Hills,Ohio,US,"41.6642,-83.6433","AS5650 Frontier Communications of America, Inc.",43699,America/New_York,
d108-162-94-96.home4.cgocable.net,Chatham,Ontario,CA,"42.4122,-82.1849",AS7992 Cogeco Connexion Inc.,N7L,America/Toronto,
syn-098-151-200-153.res.spectrum.com,Kailua-Kona,Hawaii,US,"19.6402,-155.9991",AS20001 Charter Communications Inc,96740,Pacific/Honolulu,
c-76-17-61-55.hsd1.ga.comcast.net,Atlanta,Georgia,US,"33.7490,-84.3880","AS7922 Comcast Cable Communications, LLC",30302,America/New_York,
syn-076-171-016-009.res.spectrum.com,Compton,California,US,"33.8796,-118.2168",AS20001 Charter Communications Inc,90221,America/Los_Angeles,
pool-71-173-20-149.sctnpa.east.verizon.net,Wilkes-Barre,Pennsylvania,US,"41.2459,-75.8813",AS701 Verizon Business,18701,America/New_York,
ip-74-215-106-18.dynamic.fuse.net,Cincinnati,Ohio,US,"39.1271,-84.5144",AS6181 Cincinnati Bell Telephone Company LLC,45219,America/New_York,
ool-4a59b2e8.dyn.optonline.net,New York City,New York,US,"40.7143,-74.0060",AS6128 Cablevision Systems Corp.,10001,America/New_York,
c-66-229-14-146.hsd1.fl.comcast.net,Pembroke Pines,Florida,US,"26.0032,-80.2239","AS7922 Comcast Cable Communications, LLC",33082,America/New_York,
toroon63-1168100191.sdsl.bell.ca,Toronto,Ontario,CA,"43.7064,-79.3986",AS577 Bell Canada,M5A,America/Toronto,
,North Bergen,New Jersey,US,"40.8043,-74.0121","AS14061 DigitalOcean, LLC",07047,America/New_York,
,Salt Lake City,Utah,US,"40.7608,-111.8911","AS209 CenturyLink Communications, LLC",84101,America/Denver,
,Mississauga,Ontario,CA,"43.5789,-79.6583",AS577 Bell Canada,L5C,America/Toronto,
ec2-18-212-86-114.compute-1.amazonaws.com,Ashburn,Virginia,US,"39.0437,-77.4875","AS14618 Amazon.com, Inc.",20147,America/New_York,
,Río Grande,Río Grande,PR,"18.3802,-65.8313",AS14638 Liberty Communications of Puerto Rico LLC,00745,America/Puerto_Rico,
syn-075-177-244-132.res.spectrum.com,Little River,South Carolina,US,"33.8732,-78.6142",AS11426 Charter Communications Inc,29566,America/New_York,
64-58-198-94.indco.net,Oil Trough,Arkansas,US,"35.6309,-91.4604","AS32458 IND. CO. CABLE TV, INC.",72564,America/Chicago,
syn-066-108-074-193.res.spectrum.com,Bellerose Terrace,New York,US,"40.7272,-73.7949",AS12271 Charter Communications Inc,11366,America/New_York,
p3plnnghwpcdb00-77-a.prod.phx3.secureserver.net,Phoenix,Arizona,US,"33.4484,-112.0740","AS398101 GoDaddy.com, LLC",85001,America/Phoenix,
,Boston,Massachusetts,US,"42.3584,-71.0598",AS395213 Rapid7 Inc,02108,America/New_York,
syn-047-037-171-067.res.spectrum.com,Monterey Park,California,US,"34.0534,-118.1271",AS20115 Charter Communications LLC,91754,America/Los_Angeles,
107-175-32-227-host.colocrossing.com,Buffalo,New York,US,"42.8865,-78.8784",AS36352 HostPapa,14202,America/New_York,
,Clearwater,Florida,US,"27.9658,-82.8001",AS12083 WideOpenWest Finance LLC,33755,America/New_York,
122.135.148.132.host.secureserver.net,Phoenix,Arizona,US,"33.4484,-112.0740","AS26496 GoDaddy.com, LLC",85001,America/Phoenix,
,North Bergen,New Jersey,US,"40.8043,-74.0121","AS14061 DigitalOcean, LLC",07047,America/New_York,
162-203-216-232.lightspeed.nworla.sbcglobal.net,Kenner,Louisiana,US,"30.0252,-90.2522","AS7018 AT&T Enterprises, LLC",70065,America/Chicago,
,Kabul,Kabul,AF,"34.5281,69.1723",AS131284 Etisalat Afghan,,Asia/Kabul,
192-210-236-212-host.colocrossing.com,Elk Grove Village,Illinois,US,"42.0039,-87.9703",AS36352 HostPapa,60009,America/Chicago,
,Chicago,Illinois,US,"41.8858,-87.6181",,60601,America/Chicago,
63.207.190.35.bc.googleusercontent.com,Brussels,Brussels Capital,BE,"50.8505,4.3488",AS396982 Google LLC,1000,Europe/Brussels,
161.4.187.35.bc.googleusercontent.com,Brussels,Brussels Capital,BE,"50.8505,4.3488",AS396982 Google LLC,1000,Europe/Brussels,
24.230.241.35.bc.googleusercontent.com,Brussels,Brussels Capital,BE,"50.8505,4.3488",AS396982 Google LLC,1000,Europe/Brussels,
51.214.241.35.bc.googleusercontent.com,Brussels,Brussels Capital,BE,"50.8505,4.3488",AS396982 Google LLC,1000,Europe/Brussels,
162.140.241.35.bc.googleusercontent.com,Brussels,Brussels Capital,BE,"50.8505,4.3488",AS396982 Google LLC,1000,Europe/Brussels,
127.122.240.35.bc.googleusercontent.com,Brussels,Brussels Capital,BE,"50.8505,4.3488",AS396982 Google LLC,1000,Europe/Brussels,
23.73.233.35.bc.googleusercontent.com,Brussels,Brussels Capital,BE,"50.8505,4.3488",AS396982 Google LLC,1000,Europe/Brussels,
71.63.233.35.bc.googleusercontent.com,Brussels,Brussels Capital,BE,"50.8505,4.3488",AS396982 Google LLC,1000,Europe/Brussels,
,Port Williams,Nova Scotia,CA,"45.1001,-64.4155",AS33230 Cross Country TV Ltd,B4P,America/Halifax,
221.146.76.34.bc.googleusercontent.com,Brussels,Brussels Capital,BE,"50.8505,4.3488",AS396982 Google LLC,1000,Europe/Brussels,
ec2-18-223-186-172.us-east-2.compute.amazonaws.com,Columbus,Ohio,US,"39.9612,-82.9988","AS16509 Amazon.com, Inc.",43215,America/New_York,
ec2-18-221-25-232.us-east-2.compute.amazonaws.com,Columbus,Ohio,US,"39.9612,-82.9988","AS16509 Amazon.com, Inc.",43215,America/New_York,
136-28-241-174.cab.webpass.net,Miami,Florida,US,"25.7743,-80.1937",AS19165 Webpass Inc.,33101,America/New_York,
,Clifton,New Jersey,US,"40.8344,-74.1377","AS14061 DigitalOcean, LLC",07014,America/New_York,
162-144-40-45.unifiedlayer.com,Tabiona,Utah,US,"40.3544,-110.7101",AS46606 Unified Layer,84072,America/Denver,
d154-5-148-23.bchsia.telus.net,Vancouver,British Columbia,CA,"49.2497,-123.1193",AS852 TELUS Communications Inc.,V5Y,America/Vancouver,
ip110.ip-147-135-126.us,Ashburn,Virginia,US,"39.0437,-77.4875",AS16276 OVH SAS,20147,America/New_York,
,Ashburn,Virginia,US,"39.0437,-77.4875",AS31898 Oracle Corporation,20147,America/New_York,
99-106-24-44.lightspeed.miamfl.sbcglobal.net,Fort Lauderdale,Florida,US,"26.1656,-80.1118","AS7018 AT&T Enterprises, LLC",33306,America/New_York,
108-198-89-131.lightspeed.rcsntx.sbcglobal.net,Crowley,Texas,US,"32.5790,-97.3625","AS7018 AT&T Enterprises, LLC",76036,America/Chicago,
75.62.155.104.bc.googleusercontent.com,Brussels,Brussels Capital,BE,"50.8505,4.3488",AS396982 Google LLC,1000,Europe/Brussels,
10-193-245-216.static.reverse.lstn.net,Dallas,Texas,US,"32.7831,-96.8067","AS46475 Limestone Networks, Inc.",75201,America/Chicago,
syn-098-014-153-022.res.spectrum.com,Woodside,Pennsylvania,US,"40.2218,-74.8754",AS12271 Charter Communications Inc,11377,America/New_York,
,Hamilton,Ontario,CA,"43.2501,-79.8496",AS7311 Frontier Networks Inc,L8M,America/Toronto,
192-210-236-218-host.colocrossing.com,Elk Grove Village,Illinois,US,"42.0039,-87.9703",AS36352 HostPapa,60009,America/Chicago,
c-73-184-12-82.hsd1.ga.comcast.net,Atlanta,Georgia,US,"33.7490,-84.3880","AS7922 Comcast Cable Communications, LLC",30302,America/New_York,
gabiquinaria.com.br,North Bergen,New Jersey,US,"40.8043,-74.0121","AS14061 DigitalOcean, LLC",07047,America/New_York,
68-23-219-106.lightspeed.miamfl.sbcglobal.net,Miami,Florida,US,"25.6615,-80.4410","AS7018 AT&T Enterprises, LLC",33196,America/New_York,
ool-44c5834d.dyn.optonline.net,Spring Lake Heights,New Jersey,US,"40.1520,-74.0390",AS6128 Cablevision Systems Corp.,07762,America/New_York,
wsip-70-184-116-61.ph.ph.cox.net,Phoenix,Arizona,US,"33.4484,-112.0740",AS22773 Cox Communications Inc.,85001,America/Phoenix,
ool-457a4a18.dyn.optonline.net,New York City,New York,US,"40.7143,-74.0060",AS6128 Cablevision Systems Corp.,10001,America/New_York,
,New York City,New York,US,"40.7143,-74.0060",AS701 Verizon Business,10001,America/New_York,
47-200-6-54.fdr01.unvr.fl.ip.frontiernet.net,Tampa,Florida,US,"27.9475,-82.4584","AS5650 Frontier Communications of America, Inc.",33606,America/New_York,
76-14-2-160.sf-cable.astound.net,Morro Bay,California,US,"35.3658,-120.8499",AS11404 Wave Broadband,93443,America/Los_Angeles,
c-73-213-97-234.hsd1.dc.comcast.net,Washington,District of Columbia,US,"38.8951,-77.0364","AS7922 Comcast Cable Communications, LLC",20004,America/New_York,
c-76-117-135-195.hsd1.nj.comcast.net,Jersey City,New Jersey,US,"40.7282,-74.0776","AS7922 Comcast Cable Communications, LLC",07097,America/New_York,
census12.shodan.io,San Diego,California,US,"32.7157,-117.1647","AS10439 CariNet, Inc.",92101,America/Los_Angeles,
ec2-54-82-170-85.compute-1.amazonaws.com,Ashburn,Virginia,US,"39.0437,-77.4875","AS14618 Amazon.com, Inc.",20147,America/New_York,
96-3-137-44-dynamic.midco.net,Bismarck,North Dakota,US,"46.8083,-100.7837",AS11232 Midcontinent Communications,58501,America/Chicago,
,Seattle,Washington,US,"47.6062,-122.3321","AS10557 Connect Northwest Internet Services, LLC",98101,America/Los_Angeles,
,Clifton,New Jersey,US,"40.8344,-74.1377","AS14061 DigitalOcean, LLC",07014,America/New_York,
,Clifton,New Jersey,US,"40.8344,-74.1377","AS14061 DigitalOcean, LLC",07014,America/New_York,
,North Bergen,New Jersey,US,"40.8043,-74.0121","AS14061 DigitalOcean, LLC",07047,America/New_York,
,London,England,GB,"51.5085,-0.1257","AS14061 DigitalOcean, LLC",E1W,Europe/London,
23-121-110-21.lightspeed.mmphtn.sbcglobal.net,Memphis,Tennessee,US,"35.1845,-89.8574","AS7018 AT&T Enterprises, LLC",38134,America/Chicago,
,Nassau,New Providence,BS,"25.0582,-77.3431",AS15146 Cable Bahamas,,America/Nassau,
241.106.76.34.bc.googleusercontent.com,Brussels,Brussels Capital,BE,"50.8505,4.3488",AS396982 Google LLC,1000,Europe/Brussels,
host-63-135-3-9.public.eastlink.ca,Greater Sudbury,Ontario,CA,"46.4900,-80.9900",AS11260 EastLink,P3C,America/Toronto,
syn-066-169-196-194.res.spectrum.com,Dallas,Texas,US,"32.8132,-96.8142",AS20115 Charter Communications LLC,75219,America/Chicago,
,Somerset,Pennsylvania,US,"40.0084,-79.0781","AS7922 Comcast Cable Communications, LLC",15501,America/New_York,
,Toronto,Ontario,CA,"43.7064,-79.3986",AS18986 Calligo (Canada) Inc.,M5A,America/Toronto,
38.17.148.132.host.secureserver.net,Phoenix,Arizona,US,"33.4484,-112.0740","AS26496 GoDaddy.com, LLC",85001,America/Phoenix,
162-238-37-101.lightspeed.mmphtn.sbcglobal.net,Germantown,Tennessee,US,"35.0868,-89.8101","AS7018 AT&T Enterprises, LLC",38138,America/Chicago,
,Santa Clara,California,US,"37.3483,-121.9844","AS14061 DigitalOcean, LLC",95051,America/Los_Angeles,
syn-172-116-084-144.res.spectrum.com,Ontario,California,US,"34.0316,-117.6187",AS20001 Charter Communications Inc,91761,America/Los_Angeles,
,North Bergen,New Jersey,US,"40.8043,-74.0121","AS14061 DigitalOcean, LLC",07047,America/New_York,
sntn-11-216-51-250-253.dsl.netins.net,Stanton,Iowa,US,"40.9817,-95.1042",AS5056 Aureon Network Services,51573,America/Chicago,
n12.datasoft.ws,Boston,Massachusetts,US,"42.3492,-71.0768",,02116,America/New_York,
108-211-22-236.lightspeed.miamfl.sbcglobal.net,Miami,Florida,US,"25.8521,-80.1821","AS7018 AT&T Enterprises, LLC",33138,America/New_York,
158.89.199.104.bc.googleusercontent.com,Brussels,Brussels Capital,BE,"50.8505,4.3488",AS396982 Google LLC,1000,Europe/Brussels,
,Houston,Texas,US,"29.7633,-95.3633","AS7922 Comcast Cable Communications, LLC",77002,America/Chicago,
syn-104-034-001-101.res.spectrum.com,Costa Mesa,California,US,"33.6801,-117.9085",AS20001 Charter Communications Inc,92626,America/Los_Angeles,
,Marmet,West Virginia,US,"38.2454,-81.5671",AS19108 Optimum,25107,America/New_York,
c-71-192-235-195.hsd1.ma.comcast.net,Holyoke,Massachusetts,US,"42.2043,-72.6162","AS7922 Comcast Cable Communications, LLC",01040,America/New_York,
74-50-39-169.static.dsl.logantele.com,Auburn,Kentucky,US,"36.8642,-86.7103",AS400589 LTC Connect,42206,America/Chicago,
cbl-69-60-235-99.vianet.ca,Timmins,Ontario,CA,"48.4669,-81.3331",AS5690 Vianet Inc.,P4N,America/Toronto,
ool-457cc9d5.dyn.optonline.net,Englishtown,New Jersey,US,"40.2973,-74.3582",AS6128 Cablevision Systems Corp.,07726,America/New_York,
yapta-in-41.yapta.com,Seattle,Washington,US,"47.6062,-122.3321","AS3361 Digital Fortress, Inc.",98101,America/Los_Angeles,
c-24-125-111-0.hsd1.ga.comcast.net,Atlanta,Georgia,US,"33.7490,-84.3880","AS7922 Comcast Cable Communications, LLC",30302,America/New_York,
,Denver,Colorado,US,"39.7392,-104.9847","AS7922 Comcast Cable Communications, LLC",80203,America/Denver,
p3plnnghwpcdb00-101-a.prod.phx3.secureserver.net,Phoenix,Arizona,US,"33.4484,-112.0740","AS398101 GoDaddy.com, LLC",85001,America/Phoenix,
142-217-194-190.telebecinternet.net,Val-d'Or,Quebec,CA,"48.0974,-77.7974",AS35911 Telebec,J9P,America/Toronto,
pool-98-109-30-4.nwrknj.fios.verizon.net,Jersey City,New Jersey,US,"40.7282,-74.0776",AS701 Verizon Business,07097,America/New_York,
75-43-143-225.lightspeed.hstntx.sbcglobal.net,Houston,Texas,US,"29.6896,-95.5106","AS7018 AT&T Enterprises, LLC",77074,America/Chicago,
c-73-175-237-60.hsd1.pa.comcast.net,Reading,Pennsylvania,US,"40.3357,-75.9269","AS7922 Comcast Cable Communications, LLC",19602,America/New_York,
,North Haven,Connecticut,US,"41.3909,-72.8595","AS7922 Comcast Cable Communications, LLC",06473,America/New_York,
,Malta,Montana,US,"48.3597,-107.8743",AS40933 Triangle Communications,59538,America/Denver,
,Kitimat,British Columbia,CA,"54.0524,-128.6534",AS852 TELUS Communications Inc.,V8C,America/Vancouver,
,Las Vegas,Nevada,US,"36.1750,-115.1372",AS53667 FranTech Solutions,89111,America/Los_Angeles,
,Land O' Lakes,Florida,US,"28.2189,-82.4576",AS23314 Summit Broadband,34639,America/New_York,
,Monterey,California,US,"36.6002,-121.8947",AS257 Navy Network Information Center (NNIC),93942,America/Los_Angeles,
,New York City,New York,US,"40.7143,-74.0060",AS53667 FranTech Solutions,10001,America/New_York,
host-199-255-220-230.public.eastlink.ca,Balls Creek,Nova Scotia,CA,"46.1500,-60.3112",AS11260 EastLink,B1R,America/Glace_Bay,
67-60-116-231.cpe.sparklight.net,Nampa,Idaho,US,"43.5407,-116.5635","AS11492 CABLE ONE, INC.",83686,America/Boise,
syn-072-181-104-007.res.spectrum.com,San Antonio,Texas,US,"29.4229,-98.5260",AS11427 Charter Communications Inc,78207,America/Chicago,
dynamic.libertypr.net,Caguas,Caguas,PR,"18.2341,-66.0485",AS14638 Liberty Communications of Puerto Rico LLC,00725,America/Puerto_Rico,
,Amsterdam,North Holland,NL,"52.3740,4.8897","AS14061 DigitalOcean, LLC",1012,Europe/Amsterdam,
,Ashburn,Virginia,US,"39.0437,-77.4875",AS31898 Oracle Corporation,20147,America/New_York,
,Council Bluffs,Iowa,US,"41.2619,-95.8608",AS46650 Columbus Communications Grenada Ltd.,51502,America/Chicago,
,Amsterdam,North Holland,NL,"52.3740,4.8897","AS14061 DigitalOcean, LLC",1012,Europe/Amsterdam,
,Amsterdam,North Holland,NL,"52.3740,4.8897","AS14061 DigitalOcean, LLC",1012,Europe/Amsterdam,
,Amsterdam,North Holland,NL,"52.3740,4.8897","AS14061 DigitalOcean, LLC",1012,Europe/Amsterdam,
188.79.76.34.bc.googleusercontent.com,Brussels,Brussels Capital,BE,"50.8505,4.3488",AS396982 Google LLC,1000,Europe/Brussels,
syn-066-008-249-237.res.spectrum.com,Honolulu,Hawaii,US,"21.2887,-157.8006",AS20001 Charter Communications Inc,96816,Pacific/Honolulu,
10.235.76.34.bc.googleusercontent.com,Brussels,Brussels Capital,BE,"50.8505,4.3488",AS396982 Google LLC,1000,Europe/Brussels,
214.162.76.34.bc.googleusercontent.com,Brussels,Brussels Capital,BE,"50.8505,4.3488",AS396982 Google LLC,1000,Europe/Brussels,
,Montréal,Quebec,CA,"45.5005,-73.5684",,H3B,America/Toronto,
syn-024-193-057-014.res.spectrum.com,New York City,New York,US,"40.7763,-73.9529",AS12271 Charter Communications Inc,10028,America/New_York,
53.216-223-215-net.sccoast.net,Loris,South Carolina,US,"34.0563,-78.8903","AS21565 Horry Telephone Cooperative, Inc.",29569,America/New_York,
ns3.thehoffers.com,North Bergen,New Jersey,US,"40.8043,-74.0121","AS14061 DigitalOcean, LLC",07047,America/New_York,
,North Bergen,New Jersey,US,"40.8043,-74.0121","AS14061 DigitalOcean, LLC",07047,America/New_York,
,Oistins,Christ Church,BB,"13.0707,-59.5464",AS14813 Columbus Telecommunications (Barbados) Limited,,America/Barbados,
,Pembroke Pines,Florida,US,"26.0032,-80.2239","AS7922 Comcast Cable Communications, LLC",33082,America/New_York,
70-90-21-193-pa.panjde.hfc.comcastbusiness.net,Philadelphia,Pennsylvania,US,"39.9524,-75.1636","AS7922 Comcast Cable Communications, LLC",19099,America/New_York,
c-73-57-163-9.hsd1.fl.comcast.net,Doral,Florida,US,"25.8195,-80.3553","AS7922 Comcast Cable Communications, LLC",33178,America/New_York,
,Lyme,New Hampshire,US,"43.8095,-72.1559",AS55145 ECFiber,03768,America/New_York,
,Clifton,New Jersey,US,"40.8344,-74.1377","AS14061 DigitalOcean, LLC",07014,America/New_York,
,North Bergen,New Jersey,US,"40.8043,-74.0121","AS14061 DigitalOcean, LLC",07047,America/New_York,
934335.cloudwaysapps.com,North Bergen,New Jersey,US,"40.8043,-74.0121","AS14061 DigitalOcean, LLC",07047,America/New_York,
artycrowd.tempurl.host,Toronto,Ontario,CA,"43.7064,-79.3986","AS20473 The Constant Company, LLC",M5A,America/Toronto,
,Ashburn,Virginia,US,"39.0437,-77.4875",AS16276 OVH SAS,20147,America/New_York,
132.104.148.132.host.secureserver.net,Phoenix,Arizona,US,"33.4484,-112.0740","AS26496 GoDaddy.com, LLC",85001,America/Phoenix,
,Clifton,New Jersey,US,"40.8344,-74.1377","AS14061 DigitalOcean, LLC",07014,America/New_York,
,North Bergen,New Jersey,US,"40.8043,-74.0121","AS14061 DigitalOcean, LLC",07047,America/New_York,
,North Bergen,New Jersey,US,"40.8043,-74.0121","AS14061 DigitalOcean, LLC",07047,America/New_York,
,Clifton,New Jersey,US,"40.8344,-74.1377","AS14061 DigitalOcean, LLC",07014,America/New_York,
,Clifton,New Jersey,US,"40.8344,-74.1377","AS14061 DigitalOcean, LLC",07014,America/New_York,
,North Bergen,New Jersey,US,"40.8043,-74.0121","AS14061 DigitalOcean, LLC",07047,America/New_York,
,North Bergen,New Jersey,US,"40.8043,-74.0121","AS14061 DigitalOcean, LLC",07047,America/New_York,
syn-067-247-025-135.res.spectrum.com,Bellerose Terrace,New York,US,"40.7272,-73.7949",AS12271 Charter Communications Inc,11366,America/New_York,
,Calgary,Alberta,CA,"51.0501,-114.0853","AS18875 Questzone.Net, Inc.",T3S,America/Edmonton,
,North Bergen,New Jersey,US,"40.8043,-74.0121","AS14061 DigitalOcean, LLC",07047,America/New_York,
,North Bergen,New Jersey,US,"40.8043,-74.0121","AS14061 DigitalOcean, LLC",07047,America/New_York,
,North Bergen,New Jersey,US,"40.8043,-74.0121","AS14061 DigitalOcean, LLC",07047,America/New_York,
,Toronto,Ontario,CA,"43.7064,-79.3986","AS14061 DigitalOcean, LLC",M5A,America/Toronto,
,Flagstaff,Arizona,US,"35.1981,-111.6513","AS209 CenturyLink Communications, LLC",86002,America/Phoenix,
ec2-52-3-6-214.compute-1.amazonaws.com,Ashburn,Virginia,US,"39.0437,-77.4875","AS14618 Amazon.com, Inc.",20147,America/New_York,
ool-2f108aa2.dyn.optonline.net,New York City,New York,US,"40.7143,-74.0060",AS6128 Cablevision Systems Corp.,10001,America/New_York,
173-25-42-117.client.mchsi.com,Huntsville,Alabama,US,"34.7304,-86.5859",AS30036 Mediacom Communications Corp,35804,America/Chicago,
,Clifton,New Jersey,US,"40.8344,-74.1377","AS14061 DigitalOcean, LLC",07014,America/New_York,
198-84-218-21.cpe.teksavvy.com,Ottawa,Ontario,CA,"45.4112,-75.6981","AS5645 TekSavvy Solutions, Inc.",K1R,America/Toronto,
,New York City,New York,US,"40.7143,-74.0060","AS36007 Kamatera, Inc.",10001,America/New_York,
syn-072-225-195-175.res.spectrum.com,Yonkers,New York,US,"40.7918,-73.9447",AS12271 Charter Communications Inc,10029,America/New_York,
syn-072-180-216-093.res.spectrum.com,San Marcos,Texas,US,"29.8833,-97.9414",AS11427 Charter Communications Inc,78666,America/Chicago,
pool-108-29-185-211.nycmny.fios.verizon.net,New York City,New York,US,"40.7143,-74.0060",AS701 Verizon Business,10001,America/New_York,
,Boston,Massachusetts,US,"42.3584,-71.0598","AS7922 Comcast Cable Communications, LLC",02108,America/New_York,
,Paris,Île-de-France,FR,"48.8534,2.3488",AS212238 Datacamp Limited,75000,Europe/Paris,
,Makati City,Metro Manila,PH,"14.5372,121.0268","AS16509 Amazon.com, Inc.",1220,Asia/Manila,
,North Bergen,New Jersey,US,"40.8043,-74.0121","AS14061 DigitalOcean, LLC",07047,America/New_York,
,Amsterdam,North Holland,NL,"52.3740,4.8897","AS14061 DigitalOcean, LLC",1012,Europe/Amsterdam,
,Singapore,Singapore,SG,"1.3215,103.6957","AS14061 DigitalOcean, LLC",627753,Asia/Singapore,
,Toronto,Ontario,CA,"43.7064,-79.3986","AS14061 DigitalOcean, LLC",M5A,America/Toronto,
,North Bergen,New Jersey,US,"40.8043,-74.0121","AS14061 DigitalOcean, LLC",07047,America/New_York,
194-36-173-3.laconic-abstruse.com,Birmingham,England,GB,"52.4814,-1.8998",AS216361 Next Internet Network Ltd,B1,Europe/London,
ool-18bf3993.dyn.optonline.net,New York City,New York,US,"40.7143,-74.0060",AS6128 Cablevision Systems Corp.,10001,America/New_York,
syn-024-193-055-202.res.spectrum.com,New York City,New York,US,"40.7339,-74.0054",AS12271 Charter Communications Inc,10014,America/New_York,
32.218.76.34.bc.googleusercontent.com,Brussels,Brussels Capital,BE,"50.8505,4.3488",AS396982 Google LLC,1000,Europe/Brussels,
240.195.190.35.bc.googleusercontent.com,Brussels,Brussels Capital,BE,"50.8505,4.3488",AS396982 Google LLC,1000,Europe/Brussels,
186.133.148.132.host.secureserver.net,Phoenix,Arizona,US,"33.4484,-112.0740","AS26496 GoDaddy.com, LLC",85001,America/Phoenix,
,Seattle,Washington,US,"47.6062,-122.3321","AS10557 Connect Northwest Internet Services, LLC",98101,America/Los_Angeles,
,Lenoir,North Carolina,US,"35.9140,-81.5390","AS31863 Centrilogic, Inc.",28633,America/New_York,
pool-72-88-183-20.nwrknj.fios.verizon.net,Newark,New Jersey,US,"40.7357,-74.1724",AS701 Verizon Business,07102,America/New_York,
,Toronto,Ontario,CA,"43.7064,-79.3986",AS18986 Calligo (Canada) Inc.,M5A,America/Toronto,
,Beauharnois,Quebec,CA,"45.3134,-73.8725",AS16276 OVH SAS,J6N,America/Toronto,
,Edmonton,Alberta,CA,"53.5501,-113.4687",AS6327 Shaw Communications Inc.,T5H,America/Edmonton,
162-144-88-61.unifiedlayer.com,Tabiona,Utah,US,"40.3544,-110.7101",AS46606 Unified Layer,84072,America/Denver,
,Los Angeles,California,US,"34.0522,-118.2437",AS21859 Zenlayer Inc,90009,America/Los_Angeles,
,North Bergen,New Jersey,US,"40.8043,-74.0121","AS14061 DigitalOcean, LLC",07047,America/New_York,
server.viberational.life,Tabiona,Utah,US,"40.3544,-110.7101",AS46606 Unified Layer,84072,America/Denver,
,Amsterdam,North Holland,NL,"52.3740,4.8897","AS14061 DigitalOcean, LLC",1012,Europe/Amsterdam,
static-47-190-22-160.dlls.tx.frontiernet.net,Keller,Texas,US,"32.9346,-97.2517","AS5650 Frontier Communications of America, Inc.",76248,America/Chicago,
syn-065-189-022-008.res.spectrum.com,Cincinnati,Ohio,US,"39.1802,-84.4204",AS10796 Charter Communications Inc,45213,America/New_York,
,Denver,Colorado,US,"39.7392,-104.9847",AS15175 Advanced Cabling and Communications,80203,America/Denver,
c-76-112-154-153.hsd1.mi.comcast.net,Detroit,Michigan,US,"42.3314,-83.0457","AS7922 Comcast Cable Communications, LLC",48226,America/Detroit,
ip68-111-11-51.sb.sd.cox.net,Santa Barbara,California,US,"34.4208,-119.6982",AS22773 Cox Communications Inc.,93101,America/Los_Angeles,
syn-068-118-119-173.biz.spectrum.com,Suwanee,Georgia,US,"34.0515,-84.0713",AS20115 Charter Communications LLC,30024,America/New_York,
bras-base-mtrlpq3316w-grc-03-184-148-252-176.dsl.bell.ca,Laval,Quebec,CA,"45.5699,-73.6920",AS577 Bell Canada,H7G,America/Toronto,
ths-lms-vpc.txhealthsteps.com,Clifton,New Jersey,US,"40.8344,-74.1377","AS14061 DigitalOcean, LLC",07014,America/New_York,
,Amsterdam,North Holland,NL,"52.3740,4.8897","AS14061 DigitalOcean, LLC",1012,Europe/Amsterdam,
,Santa Clara,California,US,"37.3483,-121.9844","AS14061 DigitalOcean, LLC",95051,America/Los_Angeles,
47-149-146-244.fdr01.rdbh.ca.ip.frontiernet.net,Torrance,California,US,"33.8359,-118.3406","AS5650 Frontier Communications of America, Inc.",90503,America/Los_Angeles,
,Nassau,New Providence,BS,"25.0582,-77.3431",AS8014 Bahamas Telecommunications Corporation,,America/Nassau,
,Nassau,New Providence,BS,"25.0582,-77.3431",AS8014 Bahamas Telecommunications Corporation,,America/Nassau,
107.109.155.104.bc.googleusercontent.com,Brussels,Brussels Capital,BE,"50.8505,4.3488",AS396982 Google LLC,1000,Europe/Brussels,
,Santa Clara,California,US,"37.3483,-121.9844","AS14061 DigitalOcean, LLC",95051,America/Los_Angeles,
98.63.155.104.bc.googleusercontent.com,Brussels,Brussels Capital,BE,"50.8505,4.3488",AS396982 Google LLC,1000,Europe/Brussels,
188.99.199.104.bc.googleusercontent.com,Brussels,Brussels Capital,BE,"50.8505,4.3488",AS396982 Google LLC,1000,Europe/Brussels,
,Washington,Virginia,US,"38.7135,-78.1594",AS8075 Microsoft Corporation,22747,America/New_York,
pool-98-113-194-167.nycmny.fios.verizon.net,New York City,New York,US,"40.7143,-74.0060",AS701 Verizon Business,10001,America/New_York,
,Savannah,Georgia,US,"32.0835,-81.0998","AS7922 Comcast Cable Communications, LLC",31402,America/New_York,
ec2-18-191-86-180.us-east-2.compute.amazonaws.com,Columbus,Ohio,US,"39.9612,-82.9988","AS16509 Amazon.com, Inc.",43215,America/New_York,
,Los Angeles,California,US,"34.0522,-118.2437",AS40065 CNSERVERS LLC,90009,America/Los_Angeles,
buildwithresolute.com,Raleigh,North Carolina,US,"35.7721,-78.6386",AS11426 Charter Communications Inc,27601,America/New_York,
,Añasco,Añasco,PR,"18.2827,-67.1396",AS14638 Liberty Communications of Puerto Rico LLC,00610,America/Puerto_Rico,
,San Antonio,Texas,US,"29.4241,-98.4936",AS8075 Microsoft Corporation,78205,America/Chicago,
ec2-52-41-170-103.us-west-2.compute.amazonaws.com,Boardman,Oregon,US,"45.8399,-119.7006","AS16509 Amazon.com, Inc.",97818,America/Los_Angeles,
,Amsterdam,North Holland,NL,"52.3740,4.8897",AS58272 LeaderTelecom B.V.,1012,Europe/Amsterdam,
static-108-12-147-7.nycmny.east.verizon.net,New York City,New York,US,"40.7143,-74.0060",AS701 Verizon Business,10001,America/New_York,
h187.96.189.173.dynamic.ip.windstream.net,Concord,North Carolina,US,"35.4089,-80.5816",AS7029 Windstream Communications LLC,28027,America/New_York,
,Santa Clara,California,US,"37.3483,-121.9844","AS14061 DigitalOcean, LLC",95051,America/Los_Angeles,
149.28.186.205.vultrusercontent.com,Sydney,New South Wales,AU,"-33.9023,151.1974","AS20473 The Constant Company, LLC",2015,Australia/Sydney,
,New York City,New York,US,"40.7143,-74.0060",AS17561 LARUS Limited,10001,America/New_York,
1150580.cloudwaysapps.com,Singapore,Singapore,SG,"1.3215,103.6957","AS14061 DigitalOcean, LLC",627753,Asia/Singapore,
syn-108-189-095-042.biz.spectrum.com,Clermont,Florida,US,"28.5525,-81.7574","AS33363 Charter Communications, Inc",34711,America/New_York,
pool-108-46-235-52.nycmny.fios.verizon.net,Kings Point,New York,US,"40.8198,-73.7351",AS701 Verizon Business,11024,America/New_York,
c-98-210-50-221.hsd1.ca.comcast.net,San Mateo,California,US,"37.5630,-122.3255","AS7922 Comcast Cable Communications, LLC",94401,America/Los_Angeles,
pool-100-38-231-242.nycmny.fios.verizon.net,New York City,New York,US,"40.7143,-74.0060",AS701 Verizon Business,10001,America/New_York,
99-65-247-167.lightspeed.irvnca.sbcglobal.net,Placentia,California,US,"33.8722,-117.8703","AS7018 AT&T Enterprises, LLC",92870,America/Los_Angeles,
modemcable120.150-23-96.mc.videotron.ca,Gatineau,Quebec,CA,"45.4772,-75.7016",AS5769 Videotron Ltee,J8T,America/Toronto,
ool-44c2aa4f.dyn.optonline.net,Haviland,New York,US,"41.7668,-73.9015",AS6128 Cablevision Systems Corp.,12538,America/New_York,
c-73-89-228-200.hsd1.ma.comcast.net,Ware,Massachusetts,US,"42.2598,-72.2398","AS7922 Comcast Cable Communications, LLC",01082,America/New_York,
syn-075-189-235-162.res.spectrum.com,Durham,North Carolina,US,"35.9781,-78.8439",AS11426 Charter Communications Inc,27703,America/New_York,
c-73-189-243-159.hsd1.ca.comcast.net,Berkeley,California,US,"37.8716,-122.2728","AS7922 Comcast Cable Communications, LLC",94703,America/Los_Angeles,
ec2-3-15-7-131.us-east-2.compute.amazonaws.com,Columbus,Ohio,US,"39.9612,-82.9988","AS16509 Amazon.com, Inc.",43215,America/New_York,
23-27-127-195.ips.acedatacenter.com,Tokyo,Tokyo,JP,"35.6895,139.6917",AS134351 Leaseweb Japan K.K.,101-8656,Asia/Tokyo,
d-24-145-6-227.paw.cpe.atlanticbb.net,Johnstown,Pennsylvania,US,"40.3267,-78.9220",AS11776 Breezeline,15901,America/New_York,
c-98-213-162-34.hsd1.il.comcast.net,Chicago,Illinois,US,"41.8500,-87.6500","AS7922 Comcast Cable Communications, LLC",60666,America/Chicago,
107-172-46-46-host.colocrossing.com,Buffalo,New York,US,"42.8865,-78.8784",AS36352 HostPapa,14202,America/New_York,
syn-097-068-015-077.biz.spectrum.com,Winter Springs,Florida,US,"28.6989,-81.3081","AS33363 Charter Communications, Inc",32708,America/New_York,
,Richardson,Texas,US,"32.9462,-96.7058","AS7018 AT&T Enterprises, LLC",75081,America/Chicago,
,Camp Springs,Maryland,US,"38.8040,-76.9066","AS7922 Comcast Cable Communications, LLC",20762,America/New_York,
,Clifton,New Jersey,US,"40.8344,-74.1377","AS14061 DigitalOcean, LLC",07014,America/New_York,
,Princeton,Florida,US,"25.5384,-80.4089","AS7922 Comcast Cable Communications, LLC",33032,America/New_York,
c-71-206-80-196.hsd1.fl.comcast.net,Homestead,Florida,US,"25.4687,-80.4776","AS7922 Comcast Cable Communications, LLC",33030,America/New_York,
d72-38-216-238.commercial1.cgocable.net,Oakville,Ontario,CA,"43.4501,-79.6829",AS7992 Cogeco Connexion Inc.,L6K,America/Toronto,
,Clifton,New Jersey,US,"40.8344,-74.1377","AS14061 DigitalOcean, LLC",07014,America/New_York,
192-161-227-192-161-227-156.cpe.sparklight.net,Kennett,Missouri,US,"36.2362,-90.0556","AS11492 CABLE ONE, INC.",63857,America/Chicago,
,London,England,GB,"51.5085,-0.1257","AS14061 DigitalOcean, LLC",E1W,Europe/London,
,London,England,GB,"51.5085,-0.1257","AS14061 DigitalOcean, LLC",E1W,Europe/London,
,London,England,GB,"51.5085,-0.1257","AS14061 DigitalOcean, LLC",E1W,Europe/London,
,London,England,GB,"51.5085,-0.1257","AS14061 DigitalOcean, LLC",E1W,Europe/London,
,London,England,GB,"51.5085,-0.1257","AS14061 DigitalOcean, LLC",E1W,Europe/London,
,North Bergen,New Jersey,US,"40.8043,-74.0121","AS14061 DigitalOcean, LLC",07047,America/New_York,
,North Bergen,New Jersey,US,"40.8043,-74.0121","AS14061 DigitalOcean, LLC",07047,America/New_York,
,London,England,GB,"51.5085,-0.1257","AS14061 DigitalOcean, LLC",E1W,Europe/London,
,Seattle,Washington,US,"47.6062,-122.3321","AS10557 Connect Northwest Internet Services, LLC",98101,America/Los_Angeles,
,Beauharnois,Quebec,CA,"45.3134,-73.8725",AS16276 OVH SAS,J6N,America/Toronto,
,Salaberry-de-Valleyfield,Quebec,CA,"45.2501,-74.1325",AS54139 Connexio.ca,J6T,America/Toronto,
,Ashburn,Virginia,US,"39.0437,-77.4875",AS16276 OVH SAS,20147,America/New_York,
,San Diego,California,US,"32.7157,-117.1647","AS10439 CariNet, Inc.",92101,America/Los_Angeles,
204-134-155-3.static.centurylink.net,Rocky Mount,North Carolina,US,"35.9382,-77.7905","AS3356 Level 3 Parent, LLC",27803,America/New_York,
770768.cloudwaysapps.com,North Bergen,New Jersey,US,"40.8043,-74.0121","AS14061 DigitalOcean, LLC",07047,America/New_York,
host-24-138-143-159.public.eastlink.ca,Greater Sudbury,Ontario,CA,"46.4900,-80.9900",AS11260 EastLink,P3C,America/Toronto,
static-47-206-144-64.tamp.fl.frontiernet.net,Lake Magdalene,Florida,US,"28.0742,-82.4718","AS5650 Frontier Communications of America, Inc.",33618,America/New_York,
,Ashburn,Virginia,US,"39.0437,-77.4875",AS53980 Brightstar Communications Inc,20147,America/New_York,
,Toronto,Ontario,CA,"43.7064,-79.3986","AS14061 DigitalOcean, LLC",M5A,America/Toronto,
pool-173-76-166-231.bstnma.fios.verizon.net,Westford,Massachusetts,US,"42.5793,-71.4378",AS701 Verizon Business,01886,America/New_York,
devonmorris.dev,Cedar Knolls,New Jersey,US,"40.8220,-74.4488",AS63949 Akamai Connected Cloud,07927,America/New_York,
,Singapore,Singapore,SG,"1.3215,103.6957","AS14061 DigitalOcean, LLC",627753,Asia/Singapore,
,North Bergen,New Jersey,US,"40.8043,-74.0121","AS14061 DigitalOcean, LLC",07047,America/New_York,
,North Bergen,New Jersey,US,"40.8043,-74.0121","AS14061 DigitalOcean, LLC",07047,America/New_York,
,London,England,GB,"51.5085,-0.1257","AS14061 DigitalOcean, LLC",E1W,Europe/London,
c-73-243-133-193.hsd1.co.comcast.net,Parker,Colorado,US,"39.5186,-104.7614","AS7922 Comcast Cable Communications, LLC",80138,America/Denver,
c-73-243-151-30.hsd1.co.comcast.net,Denver,Colorado,US,"39.7392,-104.9847","AS7922 Comcast Cable Communications, LLC",80203,America/Denver,
69-166-90-247.block0.gvtc.com,Canyon Lake,Texas,US,"29.8752,-98.2625","AS16527 Guadalupe Valley Telephone Cooperative, Inc.",78133,America/Chicago,
dsl-8-46.1scom.net,Fort Worth,Texas,US,"32.7254,-97.3208",AS20135 Millennium Telcom LLC,76104,America/Chicago,
,Fairview,Utah,US,"39.6264,-111.4396","AS36103 Central Utah Telephone, Inc.",84629,America/Denver,
adsl-108-201-221-226.dsl.scrm01.sbcglobal.net,Alta Sierra,California,US,"39.1416,-121.0538","AS7018 AT&T Enterprises, LLC",95949,America/Los_Angeles,
lantana.wildflower.org,Richardson,Texas,US,"32.9482,-96.7297",AS63949 Akamai Connected Cloud,75080,America/Chicago,
,Rio Claro,Mayaro,TT,"10.3059,-61.1756",AS263222 RVR INTERNATIONAL LIMITED,,America/Port_of_Spain,
162-198-158-158.lightspeed.rcsntx.sbcglobal.net,Fort Worth,Texas,US,"32.6526,-97.3758","AS7018 AT&T Enterprises, LLC",76133,America/Chicago,
,Toronto,Ontario,CA,"43.7064,-79.3986","AS14061 DigitalOcean, LLC",M5A,America/Toronto,
192-210-146-40-host.colocrossing.com,Buffalo,New York,US,"42.8865,-78.8784",AS36352 HostPapa,14202,America/New_York,
static-104-152-156-22.newsourcebroadband.com,Graham,Texas,US,"33.1071,-98.5895",AS10392 New Source Broadband,76450,America/Chicago,
client-104-168-173-120.hostwindsdns.com,Seattle,Washington,US,"47.6062,-122.3321",AS54290 Hostwinds LLC.,98101,America/Los_Angeles,
214.181.155.104.bc.googleusercontent.com,Council Bluffs,Iowa,US,"41.2619,-95.8608",AS396982 Google LLC,51502,America/Chicago,
syn-104-174-173-087.res.spectrum.com,Carson,California,US,"33.7855,-118.2645",AS20001 Charter Communications Inc,90744,America/Los_Angeles,
syn-098-157-093-031.res.spectrum.com,Enterprise,West Virginia,US,"39.4209,-80.2779",AS10796 Charter Communications Inc,26568,America/New_York,
104-168-48-10-host.colocrossing.com,Buffalo,New York,US,"42.8865,-78.8784",AS36352 HostPapa,14202,America/New_York,
104-59-109-116.lightspeed.hstntx.sbcglobal.net,Pinehurst,Texas,US,"30.1711,-95.6825","AS7018 AT&T Enterprises, LLC",77362,America/Chicago,
,Montego Bay,Saint James Parish,JM,"18.4712,-77.9188",AS30689 FLOW,,America/Jamaica,
99-115-31-145.lightspeed.brhmal.sbcglobal.net,Athens,Alabama,US,"34.8024,-86.9722","AS7018 AT&T Enterprises, LLC",35611,America/Chicago,
,Washington,District of Columbia,US,"38.9014,-77.0504",AS21782 Plateau Telecommunications Incorporated,20037,America/New_York,
d-207-255-82-43.paw.cpe.atlanticbb.net,Altoona,Pennsylvania,US,"40.5187,-78.3947",AS11776 Breezeline,16601,America/New_York,
wnth-06-246.dsl.netins.net,Harlan,Iowa,US,"41.6530,-95.3256",AS5056 Aureon Network Services,51537,America/Chicago,
,North Bergen,New Jersey,US,"40.8043,-74.0121","AS14061 DigitalOcean, LLC",07047,America/New_York,
209-183-134-49.ded.execulink.com,London,Ontario,CA,"42.9834,-81.2330",AS7794 Execulink Telecom Inc.,N6B,America/Toronto,
ec2-18-220-54-106.us-east-2.compute.amazonaws.com,Columbus,Ohio,US,"39.9612,-82.9988","AS16509 Amazon.com, Inc.",43215,America/New_York,
ec2-18-223-112-222.us-east-2.compute.amazonaws.com,Columbus,Ohio,US,"39.9612,-82.9988","AS16509 Amazon.com, Inc.",43215,America/New_York,
23-25-60-195-static.hfc.comcastbusiness.net,Springfield,Illinois,US,"39.8017,-89.6437","AS7922 Comcast Cable Communications, LLC",62701,America/Chicago,
23-27-127-140.ips.acedatacenter.com,Tokyo,Tokyo,JP,"35.6895,139.6917",AS134351 Leaseweb Japan K.K.,101-8656,Asia/Tokyo,
,Nassau,New Providence,BS,"25.0582,-77.3431",AS15146 Cable Bahamas,,America/Nassau,
,San Juan,San Juan,PR,"18.4663,-66.1057",AS14638 Liberty Communications of Puerto Rico LLC,00901,America/Puerto_Rico,
static24-72-86-180.r.rev.accesscomm.ca,Regina,Saskatchewan,CA,"50.4501,-104.6178",AS21804 Access Communications  Co-operative Limited,S4M,America/Regina,
103.103.76.34.bc.googleusercontent.com,Brussels,Brussels Capital,BE,"50.8505,4.3488",AS396982 Google LLC,1000,Europe/Brussels,
81.249.76.34.bc.googleusercontent.com,Brussels,Brussels Capital,BE,"50.8505,4.3488",AS396982 Google LLC,1000,Europe/Brussels,
160.252.76.34.bc.googleusercontent.com,Brussels,Brussels Capital,BE,"50.8505,4.3488",AS396982 Google LLC,1000,Europe/Brussels,
117.96.187.35.bc.googleusercontent.com,Brussels,Brussels Capital,BE,"50.8505,4.3488",AS396982 Google LLC,1000,Europe/Brussels,
23.203.189.35.bc.googleusercontent.com,Brussels,Brussels Capital,BE,"50.8505,4.3488",AS396982 Google LLC,1000,Europe/Brussels,
136.40.240.35.bc.googleusercontent.com,Brussels,Brussels Capital,BE,"50.8505,4.3488",AS396982 Google LLC,1000,Europe/Brussels,
47-189-230-84.fdr01.bnvl.tx.ip.frontiernet.net,Lantana,Texas,US,"33.0907,-97.1242","AS5650 Frontier Communications of America, Inc.",76226,America/Chicago,
,Houston,Texas,US,"29.7633,-95.3633","AS7922 Comcast Cable Communications, LLC",77002,America/Chicago,
ool-457709a9.dyn.optonline.net,New York City,New York,US,"40.7143,-74.0060",AS6128 Cablevision Systems Corp.,10001,America/New_York,
ool-457a81d9.dyn.optonline.net,New York City,New York,US,"40.7143,-74.0060",AS6128 Cablevision Systems Corp.,10001,America/New_York,
syn-074-131-036-233.res.spectrum.com,Dayton,Ohio,US,"39.7862,-84.1622",AS10796 Charter Communications Inc,45404,America/New_York,
70-35-37-121.static.wiline.com,San Jose,California,US,"37.3394,-121.8950",AS33544 WiLine Networks Inc.,95025,America/Los_Angeles,
dsl-173-206-166-117.tor.primus.ca,Toronto,Ontario,CA,"43.7064,-79.3986",AS6407 Primus Telecommunications Canada Inc.,M5A,America/Toronto,
,Bellevue,Washington,US,"47.5614,-122.1552",,98006,America/Los_Angeles,
c-73-223-37-60.hsd1.ca.comcast.net,San Jose,California,US,"37.3394,-121.8950","AS7922 Comcast Cable Communications, LLC",95025,America/Los_Angeles,
pool-72-78-76-28.phlapa.fios.verizon.net,Newtown Grant,Pennsylvania,US,"40.2601,-74.9549",AS701 Verizon Business,18940,America/New_York,
syn-075-112-031-178.biz.spectrum.com,Winter Garden,Florida,US,"28.5423,-81.5911","AS33363 Charter Communications, Inc",34787,America/New_York,
,Gimli,Manitoba,CA,"50.6336,-96.9907",AS32773 Commstream Communications Inc,,America/Winnipeg,
ool-4b638fc3.static.optonline.net,New City,New York,US,"41.1476,-73.9893",AS6128 Cablevision Systems Corp.,10956,America/New_York,
,Matane,Quebec,CA,"48.8286,-67.5220",AS852 TELUS Communications Inc.,G4W,America/Toronto,
209-107-214-65.sea.as54203.net,Seattle,Washington,US,"47.6062,-122.3321",,98101,America/Los_Angeles,
gator3232.hostgator.com,Tabiona,Utah,US,"40.3544,-110.7101",AS46606 Unified Layer,84072,America/Denver,
,North Bergen,New Jersey,US,"40.8043,-74.0121","AS14061 DigitalOcean, LLC",07047,America/New_York,
imkloadkey.com,Amsterdam,North Holland,NL,"52.3740,4.8897","AS14061 DigitalOcean, LLC",1012,Europe/Amsterdam,
1407792.cloudwaysapps.com,Clifton,New Jersey,US,"40.8344,-74.1377","AS14061 DigitalOcean, LLC",07014,America/New_York,
,Toronto,Ontario,CA,"43.7064,-79.3986","AS14061 DigitalOcean, LLC",M5A,America/Toronto,
,Ashburn,Virginia,US,"39.0437,-77.4875",AS16276 OVH SAS,20147,America/New_York,
syn-108-185-130-115.res.spectrum.com,Stanton,California,US,"33.8025,-117.9931",,90680,America/Los_Angeles,
108-213-158-64.lightspeed.irvnca.sbcglobal.net,Beavercreek,Ohio,US,"39.7092,-84.0633","AS7018 AT&T Enterprises, LLC",45301,America/New_York,
104.238.144.27.vultrusercontent.com,Dallas,Texas,US,"32.7831,-96.8067","AS20473 The Constant Company, LLC",75201,America/Chicago,
107-159-43-99.qc.cable.ebox.net,Montréal,Quebec,CA,"45.5088,-73.5878",AS1403 EBOX,H3H,America/Toronto,
31.157.158.104.in-addr.arpa,Nepean,Ontario,CA,"45.3362,-75.7225",AS54198 Videotron Ltee,K2E,America/Toronto,
fin208.financeexpertupdates.com,Buffalo,New York,US,"42.8865,-78.8784",AS27176 DataWagon LLC,14202,America/New_York,
209.15.155.104.bc.googleusercontent.com,Brussels,Brussels Capital,BE,"50.8505,4.3488",AS396982 Google LLC,1000,Europe/Brussels,
99-2-37-234.lightspeed.hstntx.sbcglobal.net,Houston,Texas,US,"29.6223,-95.2600","AS7018 AT&T Enterprises, LLC",77075,America/Chicago,
syn-098-153-069-094.biz.spectrum.com,Santa Ana,California,US,"33.7456,-117.8678",AS20001 Charter Communications Inc,92712,America/Los_Angeles,
c-98-208-9-104.hsd1.ca.comcast.net,Sacramento,California,US,"38.5816,-121.4944","AS7922 Comcast Cable Communications, LLC",94203,America/Los_Angeles,
,Dania Beach,Florida,US,"26.0523,-80.1439","AS7922 Comcast Cable Communications, LLC",33004,America/New_York,
,Severn,Maryland,US,"39.1371,-76.6983","AS7922 Comcast Cable Communications, LLC",21144,America/New_York,
ec2-18-208-223-212.compute-1.amazonaws.com,Ashburn,Virginia,US,"39.0437,-77.4875","AS14618 Amazon.com, Inc.",20147,America/New_York,
,Tseung Kwan O,Sai Kung,HK,"22.3279,114.2499",AS132839 POWER LINE DATACENTER,999077,Asia/Hong_Kong,
23-95-231-195-host.colocrossing.com,Dublin,Leinster,IE,"53.3331,-6.2489",AS36352 HostPapa,D02,Europe/Dublin,
44.103.76.34.bc.googleusercontent.com,Brussels,Brussels Capital,BE,"50.8505,4.3488",AS396982 Google LLC,1000,Europe/Brussels,
13.167.76.34.bc.googleusercontent.com,Brussels,Brussels Capital,BE,"50.8505,4.3488",AS396982 Google LLC,1000,Europe/Brussels,
88.174.76.34.bc.googleusercontent.com,Brussels,Brussels Capital,BE,"50.8505,4.3488",AS396982 Google LLC,1000,Europe/Brussels,
230.201.76.34.bc.googleusercontent.com,Brussels,Brussels Capital,BE,"50.8505,4.3488",AS396982 Google LLC,1000,Europe/Brussels,
121.229.76.34.bc.googleusercontent.com,Brussels,Brussels Capital,BE,"50.8505,4.3488",AS396982 Google LLC,1000,Europe/Brussels,
12.254.76.34.bc.googleusercontent.com,Brussels,Brussels Capital,BE,"50.8505,4.3488",AS396982 Google LLC,1000,Europe/Brussels,
145.254.76.34.bc.googleusercontent.com,Brussels,Brussels Capital,BE,"50.8505,4.3488",AS396982 Google LLC,1000,Europe/Brussels,
98.41.76.34.bc.googleusercontent.com,Brussels,Brussels Capital,BE,"50.8505,4.3488",AS396982 Google LLC,1000,Europe/Brussels,
17.42.76.34.bc.googleusercontent.com,Brussels,Brussels Capital,BE,"50.8505,4.3488",AS396982 Google LLC,1000,Europe/Brussels,
88.56.76.34.bc.googleusercontent.com,Brussels,Brussels Capital,BE,"50.8505,4.3488",AS396982 Google LLC,1000,Europe/Brussels,
95.59.76.34.bc.googleusercontent.com,Brussels,Brussels Capital,BE,"50.8505,4.3488",AS396982 Google LLC,1000,Europe/Brussels,
70.75.76.34.bc.googleusercontent.com,Brussels,Brussels Capital,BE,"50.8505,4.3488",AS396982 Google LLC,1000,Europe/Brussels,
171.95.76.34.bc.googleusercontent.com,Brussels,Brussels Capital,BE,"50.8505,4.3488",AS396982 Google LLC,1000,Europe/Brussels,
96.186.187.35.bc.googleusercontent.com,Brussels,Brussels Capital,BE,"50.8505,4.3488",AS396982 Google LLC,1000,Europe/Brussels,
150.191.187.35.bc.googleusercontent.com,Brussels,Brussels Capital,BE,"50.8505,4.3488",AS396982 Google LLC,1000,Europe/Brussels,
75.68.187.35.bc.googleusercontent.com,Brussels,Brussels Capital,BE,"50.8505,4.3488",AS396982 Google LLC,1000,Europe/Brussels,
73.207.189.35.bc.googleusercontent.com,Brussels,Brussels Capital,BE,"50.8505,4.3488",AS396982 Google LLC,1000,Europe/Brussels,
135.232.189.35.bc.googleusercontent.com,Brussels,Brussels Capital,BE,"50.8505,4.3488",AS396982 Google LLC,1000,Europe/Brussels,
92.254.189.35.bc.googleusercontent.com,Brussels,Brussels Capital,BE,"50.8505,4.3488",AS396982 Google LLC,1000,Europe/Brussels,
76.199.190.35.bc.googleusercontent.com,Brussels,Brussels Capital,BE,"50.8505,4.3488",AS396982 Google LLC,1000,Europe/Brussels,
32.223.190.35.bc.googleusercontent.com,Brussels,Brussels Capital,BE,"50.8505,4.3488",AS396982 Google LLC,1000,Europe/Brussels,
109.46.233.35.bc.googleusercontent.com,Brussels,Brussels Capital,BE,"50.8505,4.3488",AS396982 Google LLC,1000,Europe/Brussels,
43.48.233.35.bc.googleusercontent.com,Brussels,Brussels Capital,BE,"50.8505,4.3488",AS396982 Google LLC,1000,Europe/Brussels,
192.50.233.35.bc.googleusercontent.com,Brussels,Brussels Capital,BE,"50.8505,4.3488",AS396982 Google LLC,1000,Europe/Brussels,
193.70.233.35.bc.googleusercontent.com,Brussels,Brussels Capital,BE,"50.8505,4.3488",AS396982 Google LLC,1000,Europe/Brussels,
79.81.233.35.bc.googleusercontent.com,Brussels,Brussels Capital,BE,"50.8505,4.3488",AS396982 Google LLC,1000,Europe/Brussels,
39.109.240.35.bc.googleusercontent.com,Brussels,Brussels Capital,BE,"50.8505,4.3488",AS396982 Google LLC,1000,Europe/Brussels,
125.113.240.35.bc.googleusercontent.com,Brussels,Brussels Capital,BE,"50.8505,4.3488",AS396982 Google LLC,1000,Europe/Brussels,
246.18.240.35.bc.googleusercontent.com,Brussels,Brussels Capital,BE,"50.8505,4.3488",AS396982 Google LLC,1000,Europe/Brussels,
190.24.240.35.bc.googleusercontent.com,Brussels,Brussels Capital,BE,"50.8505,4.3488",AS396982 Google LLC,1000,Europe/Brussels,
0.29.240.35.bc.googleusercontent.com,Brussels,Brussels Capital,BE,"50.8505,4.3488",AS396982 Google LLC,1000,Europe/Brussels,
88.34.240.35.bc.googleusercontent.com,Brussels,Brussels Capital,BE,"50.8505,4.3488",AS396982 Google LLC,1000,Europe/Brussels,
135.37.240.35.bc.googleusercontent.com,Brussels,Brussels Capital,BE,"50.8505,4.3488",AS396982 Google LLC,1000,Europe/Brussels,
103.46.240.35.bc.googleusercontent.com,Brussels,Brussels Capital,BE,"50.8505,4.3488",AS396982 Google LLC,1000,Europe/Brussels,
162.46.240.35.bc.googleusercontent.com,Brussels,Brussels Capital,BE,"50.8505,4.3488",AS396982 Google LLC,1000,Europe/Brussels,
174.60.240.35.bc.googleusercontent.com,Brussels,Brussels Capital,BE,"50.8505,4.3488",AS396982 Google LLC,1000,Europe/Brussels,
234.63.240.35.bc.googleusercontent.com,Brussels,Brussels Capital,BE,"50.8505,4.3488",AS396982 Google LLC,1000,Europe/Brussels,
190.69.240.35.bc.googleusercontent.com,Brussels,Brussels Capital,BE,"50.8505,4.3488",AS396982 Google LLC,1000,Europe/Brussels,
222.69.240.35.bc.googleusercontent.com,Brussels,Brussels Capital,BE,"50.8505,4.3488",AS396982 Google LLC,1000,Europe/Brussels,
17.96.240.35.bc.googleusercontent.com,Brussels,Brussels Capital,BE,"50.8505,4.3488",AS396982 Google LLC,1000,Europe/Brussels,
118.137.241.35.bc.googleusercontent.com,Brussels,Brussels Capital,BE,"50.8505,4.3488",AS396982 Google LLC,1000,Europe/Brussels,
21.179.241.35.bc.googleusercontent.com,Brussels,Brussels Capital,BE,"50.8505,4.3488",AS396982 Google LLC,1000,Europe/Brussels,
35.198.241.35.bc.googleusercontent.com,Brussels,Brussels Capital,BE,"50.8505,4.3488",AS396982 Google LLC,1000,Europe/Brussels,
57.218.241.35.bc.googleusercontent.com,Brussels,Brussels Capital,BE,"50.8505,4.3488",AS396982 Google LLC,1000,Europe/Brussels,
206.219.241.35.bc.googleusercontent.com,Brussels,Brussels Capital,BE,"50.8505,4.3488",AS396982 Google LLC,1000,Europe/Brussels,
83.240.241.35.bc.googleusercontent.com,Brussels,Brussels Capital,BE,"50.8505,4.3488",AS396982 Google LLC,1000,Europe/Brussels,
45-16-194-89.lightspeed.rcsntx.sbcglobal.net,Arlington,Texas,US,"32.7204,-97.0826","AS7018 AT&T Enterprises, LLC",76010,America/Chicago,
ec2-52-36-51-115.us-west-2.compute.amazonaws.com,Boardman,Oregon,US,"45.8399,-119.7006","AS16509 Amazon.com, Inc.",97818,America/Los_Angeles,
45.77.187.238.vultrusercontent.com,Santa Clara,California,US,"37.3924,-121.9623","AS20473 The Constant Company, LLC",95054,America/Los_Angeles,
,Calgary,Alberta,CA,"51.0412,-114.0762",AS398038 Valo Networks Ltd.,T2R,America/Edmonton,
syn-173-094-193-251.res.spectrum.com,Reidsville,North Carolina,US,"36.3549,-79.6645",AS11426 Charter Communications Inc,27320,America/New_York,
bslb.org,Campbell,California,US,"37.2872,-121.9500","AS7922 Comcast Cable Communications, LLC",95008,America/Los_Angeles,
173-18-16-156.client.mchsi.com,West Des Moines,Iowa,US,"41.5772,-93.7113",AS30036 Mediacom Communications Corp,50265,America/Chicago,
,North Bergen,New Jersey,US,"40.8043,-74.0121","AS14061 DigitalOcean, LLC",07047,America/New_York,
162-17-191-154-static.hfc.comcastbusiness.net,Spanaway,Washington,US,"47.1040,-122.4346","AS7922 Comcast Cable Communications, LLC",98387,America/Los_Angeles,
,Amsterdam,North Holland,NL,"52.3740,4.8897","AS14061 DigitalOcean, LLC",1012,Europe/Amsterdam,
,Clifton,New Jersey,US,"40.8344,-74.1377","AS14061 DigitalOcean, LLC",07014,America/New_York,
254.50.148.146.bc.googleusercontent.com,Council Bluffs,Iowa,US,"41.2619,-95.8608",AS396982 Google LLC,51502,America/Chicago,
,Ashburn,Virginia,US,"39.0437,-77.4875",AS31898 Oracle Corporation,20147,America/New_York,
drmons0552w-134-41-132-93.dhcp-dynamic.fibreop.ns.bellaliant.net,Dartmouth,Nova Scotia,CA,"44.6713,-63.5772",AS855 Bell Canada,B3A,America/Halifax,
,Seattle,Washington,US,"47.5413,-122.3129","AS16509 Amazon.com, Inc.",98108,America/Los_Angeles,
6.7.148.146.bc.googleusercontent.com,Brussels,Brussels Capital,BE,"50.8505,4.3488",AS396982 Google LLC,1000,Europe/Brussels,
229.96.211.130.bc.googleusercontent.com,Brussels,Brussels Capital,BE,"50.8505,4.3488",AS396982 Google LLC,1000,Europe/Brussels,
241.10.155.104.bc.googleusercontent.com,Brussels,Brussels Capital,BE,"50.8505,4.3488",AS396982 Google LLC,1000,Europe/Brussels,
71.75.199.104.bc.googleusercontent.com,Brussels,Brussels Capital,BE,"50.8505,4.3488",AS396982 Google LLC,1000,Europe/Brussels,
,North Bergen,New Jersey,US,"40.8043,-74.0121","AS14061 DigitalOcean, LLC",07047,America/New_York,
30.5.155.104.bc.googleusercontent.com,Brussels,Brussels Capital,BE,"50.8505,4.3488",AS396982 Google LLC,1000,Europe/Brussels,
98.95.155.104.bc.googleusercontent.com,Brussels,Brussels Capital,BE,"50.8505,4.3488",AS396982 Google LLC,1000,Europe/Brussels,
pool-98-118-159-250.bflony.fios.verizon.net,Williamsville,New York,US,"42.9639,-78.7378",AS701 Verizon Business,14221,America/New_York,
syn-097-098-097-241.res.spectrum.com,Corpus Christi,Texas,US,"27.6770,-97.3650",AS11427 Charter Communications Inc,78414,America/Chicago,
99-10-70-0.lightspeed.sndgca.sbcglobal.net,San Diego,California,US,"32.7466,-117.1636","AS7018 AT&T Enterprises, LLC",92103,America/Los_Angeles,
static-71-160-121-122.lsanca.dsl-w.frontiernet.net,Reston,Virginia,US,"38.9318,-77.3527",,20191,America/New_York,
c-73-128-120-5.hsd1.md.comcast.net,Ocean City,Maryland,US,"38.3365,-75.0849","AS7922 Comcast Cable Communications, LLC",21842,America/New_York,
c-73-136-19-10.hsd1.tx.comcast.net,Houston,Texas,US,"29.7633,-95.3633","AS7922 Comcast Cable Communications, LLC",77002,America/Chicago,
,Irvine,California,US,"33.6829,-117.8298","AS7018 AT&T Enterprises, LLC",92614,America/Los_Angeles,
c-69-141-77-224.hsd1.nj.comcast.net,Irvington,New Jersey,US,"40.7323,-74.2349","AS7922 Comcast Cable Communications, LLC",07111,America/New_York,
c-73-37-4-70.hsd1.or.comcast.net,Portland,Oregon,US,"45.5234,-122.6762","AS7922 Comcast Cable Communications, LLC",97204,America/Los_Angeles,
syn-108-182-016-094.res.spectrum.com,Stanton,California,US,"33.8025,-117.9931",,90680,America/Los_Angeles,
dynamic.libertypr.net,Bayamón,Bayamón,PR,"18.3986,-66.1557",AS14638 Liberty Communications of Puerto Rico LLC,00956,America/Puerto_Rico,
,Francisco Morato,São Paulo,BR,"-23.2817,-46.7453",AS174 Cogent Communications,07900-000,America/Sao_Paulo,
,San Juan,San Juan,PR,"18.4663,-66.1057",AS14638 Liberty Communications of Puerto Rico LLC,00901,America/Puerto_Rico,
20.158.221.35.bc.googleusercontent.com,Taipei,Taiwan,TW,"25.0531,121.5264",AS396982 Google LLC,,Asia/Taipei,
184.154.241.35.bc.googleusercontent.com,Brussels,Brussels Capital,BE,"50.8505,4.3488",AS396982 Google LLC,1000,Europe/Brussels,
226.125.233.35.bc.googleusercontent.com,Brussels,Brussels Capital,BE,"50.8505,4.3488",AS396982 Google LLC,1000,Europe/Brussels,
149.19.187.35.bc.googleusercontent.com,Brussels,Brussels Capital,BE,"50.8505,4.3488",AS396982 Google LLC,1000,Europe/Brussels,
197.15.187.35.bc.googleusercontent.com,Brussels,Brussels Capital,BE,"50.8505,4.3488",AS396982 Google LLC,1000,Europe/Brussels,
61.122.187.35.bc.googleusercontent.com,Brussels,Brussels Capital,BE,"50.8505,4.3488",AS396982 Google LLC,1000,Europe/Brussels,
ec2-34-219-58-144.us-west-2.compute.amazonaws.com,Boardman,Oregon,US,"45.8399,-119.7006","AS16509 Amazon.com, Inc.",97818,America/Los_Angeles,
,Santa Clara,California,US,"37.3483,-121.9844","AS14061 DigitalOcean, LLC",95051,America/Los_Angeles,
,North Bergen,New Jersey,US,"40.8043,-74.0121","AS14061 DigitalOcean, LLC",07047,America/New_York,
137-118-108-10.fiberpppoe.gotricounty.com,Belhaven,North Carolina,US,"35.5402,-76.6230","AS22191 Wilkes Communications, Inc.",27810,America/New_York,
,Clifton,New Jersey,US,"40.8344,-74.1377","AS14061 DigitalOcean, LLC",07014,America/New_York,
,Ashburn,Virginia,US,"39.0437,-77.4875",AS16276 OVH SAS,20147,America/New_York,
135.104.148.132.host.secureserver.net,Phoenix,Arizona,US,"33.4484,-112.0740","AS26496 GoDaddy.com, LLC",85001,America/Phoenix,
syn-075-130-176-245.res.spectrum.com,Manteo,North Carolina,US,"35.9082,-75.6757",AS20115 Charter Communications LLC,27954,America/New_York,
75-147-150-125-naples.hfc.comcastbusiness.net,Cape Coral,Florida,US,"26.5629,-81.9495","AS7922 Comcast Cable Communications, LLC",33910,America/New_York,
71-132-179-82.lightspeed.miamfl.sbcglobal.net,Hialeah,Florida,US,"25.8963,-80.3063","AS7018 AT&T Enterprises, LLC",33014,America/New_York,
syn-072-239-175-104.res.spectrum.com,Winter Park,Florida,US,"28.5974,-81.3036","AS33363 Charter Communications, Inc",32792,America/New_York,
90.14.231.35.bc.googleusercontent.com,North Charleston,South Carolina,US,"32.8546,-79.9748",AS396982 Google LLC,29415,America/New_York,
medreachambulance.com,Compton,California,US,"33.8959,-118.2201","AS7018 AT&T Enterprises, LLC",90223,America/Los_Angeles,
syn-024-090-187-093.res.spectrum.com,Fort Lee,New Jersey,US,"40.8509,-73.9701",AS12271 Charter Communications Inc,07024,America/New_York,
,Terrace,British Columbia,CA,"54.5163,-128.6035",AS852 TELUS Communications Inc.,V8G,America/Vancouver,
laurelai.oneechan.org,Las Vegas,Nevada,US,"36.1750,-115.1372",AS53667 FranTech Solutions,89111,America/Los_Angeles,
65-255-82-159.pldi.net,Helena,Oklahoma,US,"36.5461,-98.2701",AS11650 Pioneer Long Distance Inc.,73741,America/Chicago,
vps2967129.trouble-free.net,New York City,New York,US,"40.7143,-74.0060","AS19318 Interserver, Inc",10001,America/New_York,
45-30-145-250.lightspeed.dybhfl.sbcglobal.net,DeLand,Florida,US,"29.0266,-81.3349","AS7018 AT&T Enterprises, LLC",32720,America/New_York,
ip68-104-3-222.lv.lv.cox.net,Las Vegas,Nevada,US,"36.1750,-115.1372",AS22773 Cox Communications Inc.,89111,America/Los_Angeles,
syn-076-095-050-101.res.spectrum.com,Ventura,California,US,"34.2846,-119.2222",AS20001 Charter Communications Inc,93003,America/Los_Angeles,
,Bayamón,Bayamón,PR,"18.3986,-66.1557",AS14638 Liberty Communications of Puerto Rico LLC,00956,America/Puerto_Rico,
host-67-204-215-73.public.eastlink.ca,Greater Sudbury,Ontario,CA,"46.4900,-80.9900",AS11260 EastLink,P3C,America/Toronto,
104-4-52-11.lightspeed.jcsnms.sbcglobal.net,Jackson,Mississippi,US,"32.2988,-90.1848","AS7018 AT&T Enterprises, LLC",39201,America/Chicago,
13.18.76.34.bc.googleusercontent.com,Brussels,Brussels Capital,BE,"50.8505,4.3488",AS396982 Google LLC,1000,Europe/Brussels,
c-73-156-166-223.hsd1.fl.comcast.net,Cape Coral,Florida,US,"26.5629,-81.9495","AS7922 Comcast Cable Communications, LLC",33910,America/New_York,
pool-74-103-182-93.phlapa.fios.verizon.net,Bristol,Pennsylvania,US,"40.1007,-74.8518",AS701 Verizon Business,19007,America/New_York,
c-73-59-143-242.hsd1.tn.comcast.net,Cordova,Tennessee,US,"35.1557,-89.7762","AS7922 Comcast Cable Communications, LLC",38016,America/Chicago,
ool-44c37989.dyn.optonline.net,Sayreville,New Jersey,US,"40.4593,-74.3610",AS6128 Cablevision Systems Corp.,08872,America/New_York,
c-73-41-177-202.hsd1.ca.comcast.net,Folsom,California,US,"38.6780,-121.1761","AS7922 Comcast Cable Communications, LLC",95763,America/Los_Angeles,
ip-64-66-227-12.xplore.ca,Chatham,Ontario,CA,"42.4122,-82.1849",,N7L,America/Toronto,
70-45-98-48.static.wntpr.net,San Juan,San Juan,PR,"18.4663,-66.1057","AS11367 WorldNet Telecommunications, LLC",00901,America/Puerto_Rico,
47-157-190-201.fdr01.oxnr.ca.ip.frontiernet.net,Oxnard,California,US,"34.1975,-119.1770","AS5650 Frontier Communications of America, Inc.",93032,America/Los_Angeles,
47-196-137-205.fdr01.crwd.fl.ip.frontiernet.net,Carrollwood Village,Florida,US,"28.0675,-82.5209","AS5650 Frontier Communications of America, Inc.",33624,America/New_York,
c-73-83-16-70.hsd1.wa.comcast.net,Kirkland,Washington,US,"47.6815,-122.2087","AS7922 Comcast Cable Communications, LLC",98083,America/Los_Angeles,
,Toronto,Ontario,CA,"43.7064,-79.3986","AS6364 Atlantic.net, Inc.",M5A,America/Toronto,
syn-069-146-020-002.res.spectrum.com,Durango,Colorado,US,"37.2874,-107.8617",AS33588 Charter Communications LLC,81301,America/Denver,
27.200.168.184.host.secureserver.net,Phoenix,Arizona,US,"33.4484,-112.0740","AS26496 GoDaddy.com, LLC",85001,America/Phoenix,
,Ashburn,Virginia,US,"39.0437,-77.4875",AS31898 Oracle Corporation,20147,America/New_York,
,North Bergen,New Jersey,US,"40.8043,-74.0121","AS14061 DigitalOcean, LLC",07047,America/New_York,
,Nassau,New Providence,BS,"25.0582,-77.3431",AS8014 Bahamas Telecommunications Corporation,,America/Nassau,
172-83-175-121.dynamic.dsl.ncf.ca,Ottawa,Ontario,CA,"45.4112,-75.6981",AS397168 National Capital Freenet Inc,K1R,America/Toronto,
syn-104-034-155-090.res.spectrum.com,Hidden Hills,California,US,"34.2353,-118.5188",AS20001 Charter Communications Inc,91325,America/Los_Angeles,
99-44-138-176.lightspeed.nworla.sbcglobal.net,Lockport,Louisiana,US,"29.6460,-90.5392","AS7018 AT&T Enterprises, LLC",70374,America/Chicago,
syn-098-155-251-112.res.spectrum.com,Lahaina,Hawaii,US,"20.8753,-156.6798",AS20001 Charter Communications Inc,96767,Pacific/Honolulu,
h170.10.19.98.dynamic.ip.windstream.net,Sanford,North Carolina,US,"35.4799,-79.1803",AS7029 Windstream Communications LLC,27331,America/New_York,
syn-097-090-193-106.res.spectrum.com,Riverside,California,US,"33.9534,-117.3962",AS20115 Charter Communications LLC,92502,America/Los_Angeles,
wsip-98-191-89-6.tu.ok.cox.net,Tulsa,Oklahoma,US,"36.1540,-95.9928",AS22773 Cox Communications Inc.,74102,America/Chicago,
syn-208-125-109-194.biz.spectrum.com,Saranac Lake,New York,US,"44.3295,-74.1313",AS11351 Charter Communications Inc,12983,America/New_York,
mta232-2.cloudwish.com,Montréal,Quebec,CA,"45.5088,-73.5878",AS13920 CloudWish LLC,H3H,America/Toronto,
,Karnes City,Texas,US,"28.8850,-97.9008","AS18859 GVEC.net, LLC",78118,America/Chicago,
208-66-35-77.webb-dyn.awinetworks.net,Saint George,Utah,US,"37.1041,-113.5841",AS11071 InfoWest,84770,America/Denver,
,Clifton,New Jersey,US,"40.8344,-74.1377","AS14061 DigitalOcean, LLC",07014,America/New_York,
no-mans-land.m247.com,New York City,New York,US,"40.7185,-74.0025",AS9009 M247 Europe SRL,10013,America/New_York,
149.28.49.226.vultrusercontent.com,Piscataway,New Jersey,US,"40.4993,-74.3990","AS20473 The Constant Company, LLC",08854,America/New_York,
vps.researchlibrary.live,New York City,New York,US,"40.7143,-74.0060","AS19318 Interserver, Inc",10001,America/New_York,
,New York City,New York,US,"40.7143,-74.0060",AS6079 RCN,10001,America/New_York,
syn-072-187-035-014.res.spectrum.com,Auburndale,Florida,US,"28.0653,-81.7887","AS33363 Charter Communications, Inc",33823,America/New_York,
pool-72-68-124-126.nwrknj.fios.verizon.net,Dover Beaches North,New Jersey,US,"39.9912,-74.0637",AS701 Verizon Business,08735,America/New_York,
63.108.240.35.bc.googleusercontent.com,Brussels,Brussels Capital,BE,"50.8505,4.3488",AS396982 Google LLC,1000,Europe/Brussels,
50.80.240.35.bc.googleusercontent.com,Brussels,Brussels Capital,BE,"50.8505,4.3488",AS396982 Google LLC,1000,Europe/Brussels,
177.94.240.35.bc.googleusercontent.com,Brussels,Brussels Capital,BE,"50.8505,4.3488",AS396982 Google LLC,1000,Europe/Brussels,
177.233.241.35.bc.googleusercontent.com,Brussels,Brussels Capital,BE,"50.8505,4.3488",AS396982 Google LLC,1000,Europe/Brussels,
bras-base-okvlon5405w-grc-55-70-24-156-32.dsl.bell.ca,Oakville,Ontario,CA,"43.4501,-79.6829",AS577 Bell Canada,L6K,America/Toronto,
,Amsterdam,North Holland,NL,"52.3740,4.8897","AS14061 DigitalOcean, LLC",1012,Europe/Amsterdam,
s0106400fc1fbcef6.vf.shawcable.net,Coquitlam,British Columbia,CA,"49.2846,-122.7822",AS6327 Shaw Communications Inc.,V3B,America/Vancouver,
ip111.ip-147-135-126.us,Ashburn,Virginia,US,"39.0437,-77.4875",AS16276 OVH SAS,20147,America/New_York,
mail.listingsstudio.com,Ashburn,Virginia,US,"39.0437,-77.4875",AS16276 OVH SAS,20147,America/New_York,
syn-066-075-030-247.res.spectrum.com,Barstow Heights,California,US,"34.8697,-117.0562",AS20001 Charter Communications Inc,92311,America/Los_Angeles,
nc-67-232-17-191.dhcp.embarqhsd.net,Warsaw,Kentucky,US,"38.7834,-84.9016","AS209 CenturyLink Communications, LLC",41095,America/New_York,
syn-108-182-069-105.res.spectrum.com,Stanton,California,US,"33.8025,-117.9931",,90680,America/Los_Angeles,
,North Bergen,New Jersey,US,"40.8043,-74.0121","AS14061 DigitalOcean, LLC",07047,America/New_York,
323560.cloudwaysapps.com,Toronto,Ontario,CA,"43.7064,-79.3986","AS14061 DigitalOcean, LLC",M5A,America/Toronto,
,Union Springs,Alabama,US,"32.1443,-85.7150","AS13825 Troy Cablevision, Inc.",36089,America/Chicago,
,Singapore,Singapore,SG,"1.3215,103.6957","AS14061 DigitalOcean, LLC",627753,Asia/Singapore,
155.138.205.27.vultrusercontent.com,Atlanta,Georgia,US,"33.7865,-84.4454","AS20473 The Constant Company, LLC",30318,America/New_York,
ec2-3-212-66-112.compute-1.amazonaws.com,Ashburn,Virginia,US,"39.0437,-77.4875","AS14618 Amazon.com, Inc.",20147,America/New_York,
,New York City,New York,US,"40.7143,-74.0060","AS7018 AT&T Enterprises, LLC",10001,America/New_York,
dynamic-acs-24-112-145-157.zoominternet.net,Jarrettsville,Maryland,US,"39.6046,-76.4777",AS27364 Armstrong,21084,America/New_York,
syn-024-151-174-201.res.spectrum.com,Columbia,Tennessee,US,"35.6151,-87.0353",AS20115 Charter Communications LLC,38401,America/Chicago,
c-24-20-49-52.hsd1.or.comcast.net,Portland,Oregon,US,"45.5234,-122.6762","AS7922 Comcast Cable Communications, LLC",97204,America/Los_Angeles,
ec2-34-211-186-108.us-west-2.compute.amazonaws.com,Boardman,Oregon,US,"45.8399,-119.7006","AS16509 Amazon.com, Inc.",97818,America/Los_Angeles,
35.162.224.35.bc.googleusercontent.com,Council Bluffs,Iowa,US,"41.2619,-95.8608",AS396982 Google LLC,51502,America/Chicago,
85.198.247.35.bc.googleusercontent.com,São Paulo,São Paulo,BR,"-23.5475,-46.6361",AS396982 Google LLC,01000-000,America/Sao_Paulo,
ool-4357e456.dyn.optonline.net,New York City,New York,US,"40.7143,-74.0060",AS6128 Cablevision Systems Corp.,10001,America/New_York,
c-73-208-130-147.hsd1.il.comcast.net,Joliet,Illinois,US,"41.5252,-88.0834","AS7922 Comcast Cable Communications, LLC",60434,America/Chicago,
,Ponce,Ponce,PR,"18.0103,-66.6240",AS14638 Liberty Communications of Puerto Rico LLC,00716,America/Puerto_Rico,
syn-072-130-119-095.res.spectrum.com,Hilo,Hawaii,US,"19.7025,-155.0939",AS20001 Charter Communications Inc,96720,Pacific/Honolulu,
ip72-201-107-125.ph.ph.cox.net,Phoenix,Arizona,US,"33.4484,-112.0740",AS22773 Cox Communications Inc.,85001,America/Phoenix,
,Atlanta,Georgia,US,"33.7490,-84.3880","AS7922 Comcast Cable Communications, LLC",30302,America/New_York,
syn-072-176-195-115.res.spectrum.com,Pharr,Texas,US,"26.1948,-98.1836",AS11427 Charter Communications Inc,78577,America/Chicago,
ool-457deade.dyn.optonline.net,Norwalk,Connecticut,US,"41.1176,-73.4079",AS6128 Cablevision Systems Corp.,06851,America/New_York,
c-67-189-50-76.hsd1.or.comcast.net,Portland,Oregon,US,"45.5234,-122.6762","AS7922 Comcast Cable Communications, LLC",97204,America/Los_Angeles,
c-73-149-235-84.hsd1.ma.comcast.net,Quincy,Massachusetts,US,"42.2529,-71.0023","AS7922 Comcast Cable Communications, LLC",02169,America/New_York,
,Colorado Springs,Colorado,US,"38.8339,-104.8214","AS7922 Comcast Cable Communications, LLC",80901,America/Denver,
syn-066-188-077-224.res.spectrum.com,Carrollton,Georgia,US,"33.5798,-85.0812",AS20115 Charter Communications LLC,30117,America/New_York,
pool-72-89-56-210.nycmny.fios.verizon.net,New York City,New York,US,"40.7143,-74.0060",AS701 Verizon Business,10001,America/New_York,
,North Bergen,New Jersey,US,"40.8043,-74.0121","AS14061 DigitalOcean, LLC",07047,America/New_York,
,Clifton,New Jersey,US,"40.8344,-74.1377","AS14061 DigitalOcean, LLC",07014,America/New_York,
155.138.238.181.vultrusercontent.com,Atlanta,Georgia,US,"33.7865,-84.4454","AS20473 The Constant Company, LLC",30318,America/New_York,
,Baltimore,Maryland,US,"39.2904,-76.6122",AS14361 HopOne Internet Corporation,21203,America/New_York,
cli-95221539.wholesale.adamo.es,Washington,District of Columbia,US,"38.8951,-77.0364",AS174 Cogent Communications,20004,America/New_York,
home.ktmnpl.com,Clifton,New Jersey,US,"40.8344,-74.1377","AS14061 DigitalOcean, LLC",07014,America/New_York,
c-98-221-178-123.hsd1.nj.comcast.net,Bloomingdale,New Jersey,US,"40.4976,-74.6474","AS7922 Comcast Cable Communications, LLC",07403,America/New_York,
alamanceburlington-lea.k12-fw.mcnc.org,Burlington,North Carolina,US,"36.0957,-79.4378",AS81 MCNC,27217,America/New_York,
,North Bergen,New Jersey,US,"40.8043,-74.0121","AS14061 DigitalOcean, LLC",07047,America/New_York,
cslhoa.tempurl.host,Atlanta,Georgia,US,"33.7865,-84.4454","AS20473 The Constant Company, LLC",30318,America/New_York,
144.202.30.212.vultrusercontent.com,Atlanta,Georgia,US,"33.7865,-84.4454","AS20473 The Constant Company, LLC",30318,America/New_York,
c-107-3-115-33.hsd1.ut.comcast.net,Salt Lake City,Utah,US,"40.7608,-111.8911","AS7922 Comcast Cable Communications, LLC",84101,America/Denver,
trk13.bluedia.com,Seattle,Washington,US,"47.6062,-122.3321",,98101,America/Los_Angeles,
216-220-228-202.midmaine.com,Bangor,Maine,US,"44.7988,-68.7726",AS11847 GoNetSpeed,04402,America/New_York,
,Clifton,New Jersey,US,"40.8344,-74.1377","AS14061 DigitalOcean, LLC",07014,America/New_York,
,Singapore,Singapore,SG,"1.3215,103.6957","AS14061 DigitalOcean, LLC",627753,Asia/Singapore,
,Amsterdam,North Holland,NL,"52.3740,4.8897","AS14061 DigitalOcean, LLC",1012,Europe/Amsterdam,
,Seattle,Washington,US,"47.4889,-122.3012",AS23033 Wowrack.com,98168,America/Los_Angeles,
c-174-56-67-170.hsd1.nm.comcast.net,Albuquerque,New Mexico,US,"35.0845,-106.6511","AS7922 Comcast Cable Communications, LLC",87102,America/Denver,
,Hamilton,Ontario,CA,"43.2501,-79.8496",AS395965 Carrytel,L8M,America/Toronto,
,Chiclayo,Lambayeque,PE,"-6.7714,-79.8409","AS16509 Amazon.com, Inc.",14001,America/Lima,
client-108-174-199-124.hostwindsdns.com,Dallas,Texas,US,"32.7831,-96.8067",AS54290 Hostwinds LLC.,75201,America/Chicago,
syn-096-041-019-110.res.spectrum.com,Riverside,California,US,"33.9315,-117.4119",AS20115 Charter Communications LLC,92504,America/Los_Angeles,
syn-097-091-232-131.res.spectrum.com,Saint Peters,Missouri,US,"38.8003,-90.6265",AS20115 Charter Communications LLC,63376,America/Chicago,
,Rockwell,Iowa,US,"42.9852,-93.1919",AS5056 Aureon Network Services,50469,America/Chicago,
,Leawood,Kansas,US,"38.9667,-94.6169","AS36489 IP Pathways, LLC",66206,America/Chicago,
ns1.htserver.com.br,Seattle,Washington,US,"47.6062,-122.3321",,98101,America/Los_Angeles,
vps01.ptitsoccerahuntsic.ca,Seattle,Washington,US,"47.6062,-122.3321",,98101,America/Los_Angeles,
mail.getlistingssimplified.com,Ashburn,Virginia,US,"39.0437,-77.4875",AS16276 OVH SAS,20147,America/New_York,
,Tseung Kwan O,Sai Kung,HK,"22.3279,114.2499",AS138415 Yancy Limited,999077,Asia/Hong_Kong,
91.67.easefunds.com,Seattle,Washington,US,"47.6062,-122.3321","AS16509 Amazon.com, Inc.",98101,America/Los_Angeles,
gpc-24-51-57-134-ne.gpcom.net,Central City,Colorado,US,"39.8019,-105.5142",AS13807 Great Plains Communications LLC,80427,America/Denver,
,Inglewood,California,US,"33.9617,-118.3531",AS174 Cogent Communications,90301,America/Los_Angeles,
syn-047-042-124-070.res.spectrum.com,Cleburne,Texas,US,"32.3485,-97.3311",AS20115 Charter Communications LLC,76031,America/Chicago,
75-41-126-109.lightspeed.cicril.sbcglobal.net,Summit,Illinois,US,"41.7881,-87.8103","AS7018 AT&T Enterprises, LLC",60501,America/Chicago,
pool-72-80-110-184.nycmny.fios.verizon.net,New York City,New York,US,"40.7143,-74.0060",AS701 Verizon Business,10001,America/New_York,
ool-4571dcbb.dyn.optonline.net,North Bergen,New Jersey,US,"40.8043,-74.0121",AS6128 Cablevision Systems Corp.,07047,America/New_York,
68-168-98-193.dedicated.codero.net,Phoenix,Arizona,US,"33.4484,-112.0740",AS18501 CyberCloud Professionals LLC,85001,America/Phoenix,
47-199-59-107.fdr01.snsp.fl.ip.frontiernet.net,Elfers,Florida,US,"28.2167,-82.7223","AS5650 Frontier Communications of America, Inc.",34680,America/New_York,
,Clifton,New Jersey,US,"40.8344,-74.1377","AS14061 DigitalOcean, LLC",07014,America/New_York,
c-174-48-108-78.hsd1.fl.comcast.net,West Palm Beach,Florida,US,"26.7153,-80.0534","AS7922 Comcast Cable Communications, LLC",33402,America/New_York,
d172-219-201-64.abhsia.telus.net,Edmonton,Alberta,CA,"53.5501,-113.4687",AS852 TELUS Communications Inc.,T5H,America/Edmonton,
,Doddaballapura,Karnataka,IN,"13.2257,77.5750","AS14061 DigitalOcean, LLC",560100,Asia/Kolkata,
,Montréal,Quebec,CA,"45.5088,-73.5878",AS36666 GloboTech Communications,H3H,America/Toronto,
162-144-55-132.unifiedlayer.com,Tabiona,Utah,US,"40.3544,-110.7101",AS46606 Unified Layer,84072,America/Denver,
155.138.151.6.vultrusercontent.com,Toronto,Ontario,CA,"43.7064,-79.3986","AS20473 The Constant Company, LLC",M5A,America/Toronto,
pool-108-46-97-242.nycmny.east.verizon.net,New York City,New York,US,"40.7143,-74.0060",AS701 Verizon Business,10001,America/New_York,
nullawjyvy.aidhaf.pro,Mercer Island,Washington,US,"47.5707,-122.2221",AS54290 Hostwinds LLC.,98040,America/Los_Angeles,
104.238.156.208.vultrusercontent.com,Kent,Washington,US,"47.3776,-122.2854","AS20473 The Constant Company, LLC",98032,America/Los_Angeles,
,Lake Butler,Florida,US,"28.5017,-81.5409",AS23314 Summit Broadband,32054,America/New_York,
177-58-196-85.3g.claro.net.br,São Paulo,São Paulo,BR,"-23.5475,-46.6361",AS22085 Claro S/A,01000-000,America/Sao_Paulo,
syn-198-024-075-052.biz.spectrum.com,Greensboro,North Carolina,US,"36.0641,-79.8202",AS11426 Charter Communications Inc,27403,America/New_York,
76-8-203-9.ip.fdtnet.net,Orem,Utah,US,"40.2969,-111.6946","AS29933 FirstDigital Communications, LLC",84057,America/Denver,
238.170.76.34.bc.googleusercontent.com,Brussels,Brussels Capital,BE,"50.8505,4.3488",AS396982 Google LLC,1000,Europe/Brussels,
161.102.198.35.bc.googleusercontent.com,Frankfurt am Main,Hesse,DE,"50.1155,8.6842",AS396982 Google LLC,60306,Europe/Berlin,
c-24-13-233-114.hsd1.il.comcast.net,Highland Park,Illinois,US,"42.1817,-87.8003","AS7922 Comcast Cable Communications, LLC",60035,America/Chicago,
,San Juan,San Juan,PR,"18.4663,-66.1057",AS23114 Critical Hub Networks,00901,America/Puerto_Rico,
,Washington,Virginia,US,"38.7135,-78.1594",AS8075 Microsoft Corporation,22747,America/New_York,
96-2-51-206-static.midco.net,Aberdeen,South Dakota,US,"45.4647,-98.4865",AS11232 Midcontinent Communications,57401,America/Chicago,
66-225-194-134-host.colocrossing.com,Elk Grove Village,Illinois,US,"42.0039,-87.9703",AS36352 HostPapa,60009,America/Chicago,
,London,England,GB,"51.5085,-0.1257","AS14061 DigitalOcean, LLC",E1W,Europe/London,
140.82.19.194.vultrusercontent.com,Los Angeles,California,US,"34.0614,-118.2385","AS20473 The Constant Company, LLC",90012,America/Los_Angeles,
162-231-15-65.lightspeed.rcsntx.sbcglobal.net,Dallas,Texas,US,"32.7831,-96.8067","AS7018 AT&T Enterprises, LLC",75201,America/Chicago,
108-199-167-94.lightspeed.irvnca.sbcglobal.net,Los Angeles,California,US,"34.0294,-118.2871","AS7018 AT&T Enterprises, LLC",90007,America/Los_Angeles,
pool-99-232-195-161.cpe.net.cable.rogers.com,Alliston,Ontario,CA,"44.1501,-79.8663",AS812 Rogers Communications Canada Inc.,L9R,America/Toronto,
104-8-247-220.lightspeed.ltrkar.sbcglobal.net,Little Rock,Arkansas,US,"34.7465,-92.2896","AS7018 AT&T Enterprises, LLC",72201,America/Chicago,
104-14-56-206.lightspeed.ltrkar.sbcglobal.net,Little Rock,Arkansas,US,"34.7465,-92.2896","AS7018 AT&T Enterprises, LLC",72201,America/Chicago,
,San Jose,California,US,"37.3394,-121.8950",AS8075 Microsoft Corporation,95025,America/Los_Angeles,
c-98-251-161-58.hsd1.ms.comcast.net,Richland,Mississippi,US,"32.2390,-90.1584","AS7922 Comcast Cable Communications, LLC",39218,America/Chicago,
,Toronto,Ontario,CA,"43.7064,-79.3986","AS14061 DigitalOcean, LLC",M5A,America/Toronto,
,North Bergen,New Jersey,US,"40.8043,-74.0121","AS14061 DigitalOcean, LLC",07047,America/New_York,
c-69-254-21-179.hsd1.fl.comcast.net,Sebastian,Florida,US,"27.8164,-80.4706","AS7922 Comcast Cable Communications, LLC",32958,America/New_York,
syn-074-072-162-245.res.spectrum.com,New York City,New York,US,"40.7143,-74.0060",AS12271 Charter Communications Inc,10001,America/New_York,
syn-070-122-067-150.res.spectrum.com,Waco,Texas,US,"31.6403,-97.0963",AS11427 Charter Communications Inc,76705,America/Chicago,
syn-137-027-076-250.biz.spectrum.com,Beaver Dam,Wisconsin,US,"43.4578,-88.8373",AS20115 Charter Communications LLC,53916,America/Chicago,
acesso.hostpanel.srv.br,Miami,Florida,US,"25.8130,-80.2320",AS23470 ReliableSite.Net LLC,33142,America/New_York,
,North Bergen,New Jersey,US,"40.8043,-74.0121","AS14061 DigitalOcean, LLC",07047,America/New_York,
mta01.shepherd.press,Las Vegas,Nevada,US,"36.1750,-115.1372",AS53667 FranTech Solutions,89111,America/Los_Angeles,
216-163-8-76.ritternet.com,Piney,Arkansas,US,"34.5031,-93.1260",AS23404 Ritter Communications,71913,America/Chicago,
,Indio Hills,California,US,"33.8311,-116.2314","AS395148 Pacific Lightwave, Inc.",92203,America/Los_Angeles,
,White Cloud,Michigan,US,"43.5503,-85.7720","AS7018 AT&T Enterprises, LLC",49349,America/Detroit,
23-239-30-103.ip.linodeusercontent.com,Richardson,Texas,US,"32.9482,-96.7297",AS63949 Akamai Connected Cloud,75080,America/Chicago,
206.234.241.35.bc.googleusercontent.com,Brussels,Brussels Capital,BE,"50.8505,4.3488",AS396982 Google LLC,1000,Europe/Brussels,
160.233.241.35.bc.googleusercontent.com,Brussels,Brussels Capital,BE,"50.8505,4.3488",AS396982 Google LLC,1000,Europe/Brussels,
206.95.240.35.bc.googleusercontent.com,Brussels,Brussels Capital,BE,"50.8505,4.3488",AS396982 Google LLC,1000,Europe/Brussels,
46.89.240.35.bc.googleusercontent.com,Brussels,Brussels Capital,BE,"50.8505,4.3488",AS396982 Google LLC,1000,Europe/Brussels,
95.68.238.35.bc.googleusercontent.com,Council Bluffs,Iowa,US,"41.2619,-95.8608",AS396982 Google LLC,51502,America/Chicago,
24.15.233.35.bc.googleusercontent.com,Brussels,Brussels Capital,BE,"50.8505,4.3488",AS396982 Google LLC,1000,Europe/Brussels,
205.105.240.35.bc.googleusercontent.com,Brussels,Brussels Capital,BE,"50.8505,4.3488",AS396982 Google LLC,1000,Europe/Brussels,
47.108.233.35.bc.googleusercontent.com,Brussels,Brussels Capital,BE,"50.8505,4.3488",AS396982 Google LLC,1000,Europe/Brussels,
207.10.240.35.bc.googleusercontent.com,Brussels,Brussels Capital,BE,"50.8505,4.3488",AS396982 Google LLC,1000,Europe/Brussels,
98.255.189.35.bc.googleusercontent.com,Brussels,Brussels Capital,BE,"50.8505,4.3488",AS396982 Google LLC,1000,Europe/Brussels,
1.197.189.35.bc.googleusercontent.com,Brussels,Brussels Capital,BE,"50.8505,4.3488",AS396982 Google LLC,1000,Europe/Brussels,
196.160.187.35.bc.googleusercontent.com,Brussels,Brussels Capital,BE,"50.8505,4.3488",AS396982 Google LLC,1000,Europe/Brussels,
122.54.76.34.bc.googleusercontent.com,Brussels,Brussels Capital,BE,"50.8505,4.3488",AS396982 Google LLC,1000,Europe/Brussels,
174.35.76.34.bc.googleusercontent.com,Brussels,Brussels Capital,BE,"50.8505,4.3488",AS396982 Google LLC,1000,Europe/Brussels,
103.253.76.34.bc.googleusercontent.com,Brussels,Brussels Capital,BE,"50.8505,4.3488",AS396982 Google LLC,1000,Europe/Brussels,
106.237.76.34.bc.googleusercontent.com,Brussels,Brussels Capital,BE,"50.8505,4.3488",AS396982 Google LLC,1000,Europe/Brussels,
ec2-34-224-52-86.compute-1.amazonaws.com,Ashburn,Virginia,US,"39.0437,-77.4875","AS14618 Amazon.com, Inc.",20147,America/New_York,
10.178.76.34.bc.googleusercontent.com,Brussels,Brussels Capital,BE,"50.8505,4.3488",AS396982 Google LLC,1000,Europe/Brussels,
250.110.76.34.bc.googleusercontent.com,Brussels,Brussels Capital,BE,"50.8505,4.3488",AS396982 Google LLC,1000,Europe/Brussels,
97-119-228-66.omah.qwest.net,Omaha,Nebraska,US,"41.2563,-95.9404","AS209 CenturyLink Communications, LLC",68101,America/Chicago,
,Margate,Florida,US,"26.2445,-80.2064","AS7922 Comcast Cable Communications, LLC",33093,America/New_York,
vps245917.trouble-free.net,New York City,New York,US,"40.7143,-74.0060","AS19318 Interserver, Inc",10001,America/New_York,
ip-173-0-255-10.dlknet.net,Whitewater,Wisconsin,US,"42.8336,-88.7323",AS26785 Netwurx LLC,53190,America/Chicago,
173-12-107-133-miami.hfc.comcastbusiness.net,Pembroke Pines,Florida,US,"26.0032,-80.2239","AS7922 Comcast Cable Communications, LLC",33082,America/New_York,
h164.196.189.173.dynamic.ip.windstream.net,Albuquerque,New Mexico,US,"35.0845,-106.6511",AS7029 Windstream Communications LLC,87102,America/Denver,
c-174-63-161-106.hsd1.fl.comcast.net,Orlando,Florida,US,"28.5383,-81.3792","AS7922 Comcast Cable Communications, LLC",32801,America/New_York,
,North Bergen,New Jersey,US,"40.8043,-74.0121","AS14061 DigitalOcean, LLC",07047,America/New_York,
syn-068-184-187-081.res.spectrum.com,Fort Worth,Texas,US,"32.7233,-97.2690",AS20115 Charter Communications LLC,76105,America/Chicago,
c-71-237-9-9.hsd1.co.comcast.net,Parker,Colorado,US,"39.5186,-104.7614","AS7922 Comcast Cable Communications, LLC",80138,America/Denver,
195.66.155.104.bc.googleusercontent.com,Brussels,Brussels Capital,BE,"50.8505,4.3488",AS396982 Google LLC,1000,Europe/Brussels,
,Charlotte,North Carolina,US,"35.3183,-80.7476",,28262,America/New_York,
104-235-166-85.evrt.wa.frontiernet.net,Carbondale,Illinois,US,"37.7273,-89.2168","AS5650 Frontier Communications of America, Inc.",62901,America/Chicago,
,Paris,Île-de-France,FR,"48.8534,2.3488",AS212238 Datacamp Limited,75000,Europe/Paris,
,Cambridge,England,GB,"52.2000,0.1167",AS136620 Mythic Beasts Ltd,CB21,Europe/London,
,Cambridge,England,GB,"52.2000,0.1167",AS136620 Mythic Beasts Ltd,CB21,Europe/London,
c-98-253-6-58.hsd1.in.comcast.net,Glenview,Illinois,US,"42.0697,-87.7878","AS7922 Comcast Cable Communications, LLC",60026,America/Chicago,
pool-100-2-195-2.nycmny.fios.verizon.net,Holbrook,New York,US,"40.8123,-73.0784",AS701 Verizon Business,11741,America/New_York,
,Waterloo,Ontario,CA,"43.4668,-80.5164",AS577 Bell Canada,N2H,America/Toronto,
li327-16.members.linode.com,Cedar Knolls,New Jersey,US,"40.8220,-74.4488",AS63949 Akamai Connected Cloud,07927,America/New_York,
bras-base-toroon0713w-grc-18-67-71-140-229.dsl.bell.ca,Willowdale,Ontario,CA,"43.7667,-79.3991",AS577 Bell Canada,M2N,America/Toronto,
108-64-50-135.lightspeed.rcsntx.sbcglobal.net,Little Elm,Texas,US,"33.1626,-96.9375","AS7018 AT&T Enterprises, LLC",75068,America/Chicago,
syn-174-086-187-156.res.spectrum.com,Florissant,Missouri,US,"38.7892,-90.3226",AS20115 Charter Communications LLC,63031,America/Chicago,
204-195-32-154.wavecable.com,Woodburn,Oregon,US,"45.1437,-122.8554",AS11404 Wave Broadband,97071,America/Los_Angeles,
syn-174-099-225-162.biz.spectrum.com,Shelby,North Carolina,US,"35.2923,-81.5357",AS11426 Charter Communications Inc,28151,America/New_York,
228.36.155.104.bc.googleusercontent.com,Brussels,Brussels Capital,BE,"50.8505,4.3488",AS396982 Google LLC,1000,Europe/Brussels,
h24-49-140-40.almgnm.broadband.dynamic.tds.net,Alamogordo,New Mexico,US,"32.8995,-105.9603",AS4181 TDS TELECOM,88311,America/Denver,
,Mayagüez,Mayagüez,PR,"18.2011,-67.1396",AS14638 Liberty Communications of Puerto Rico LLC,00680,America/Puerto_Rico,
c-24-20-231-73.hsd1.or.comcast.net,Lebanon,Oregon,US,"44.5365,-122.9070","AS7922 Comcast Cable Communications, LLC",97355,America/Los_Angeles,
45-79-184-41.ip.linodeusercontent.com,Cedar Knolls,New Jersey,US,"40.8220,-74.4488",AS63949 Akamai Connected Cloud,07927,America/New_York,
,Amsterdam,North Holland,NL,"52.3740,4.8897",AS58272 LeaderTelecom B.V.,1012,Europe/Amsterdam,
,Amsterdam,North Holland,NL,"52.3740,4.8897",AS58272 LeaderTelecom B.V.,1012,Europe/Amsterdam,
47-204-103-9.fdr02.tamp.fl.ip.frontiernet.net,Sun City Center,Florida,US,"27.7181,-82.3518","AS5650 Frontier Communications of America, Inc.",33573,America/New_York,
47-185-8-105.fdr02.kllr.tx.ip.frontiernet.net,Fort Worth,Texas,US,"32.7254,-97.3208","AS5650 Frontier Communications of America, Inc.",76104,America/Chicago,
ip70-162-60-104.ph.ph.cox.net,Phoenix,Arizona,US,"33.4484,-112.0740",AS22773 Cox Communications Inc.,85001,America/Phoenix,
syn-070-119-173-140.res.spectrum.com,Dallas,Texas,US,"32.7582,-96.7623",AS11427 Charter Communications Inc,75215,America/Chicago,
syn-069-146-134-002.res.spectrum.com,La Junta,Colorado,US,"37.9850,-103.5438",AS33588 Charter Communications LLC,81050,America/Denver,
c-73-185-241-75.hsd1.ks.comcast.net,Kansas City,Missouri,US,"39.0997,-94.5786","AS7922 Comcast Cable Communications, LLC",64106,America/Chicago,
,Houston,Texas,US,"29.7348,-95.5220","AS7018 AT&T Enterprises, LLC",77063,America/Chicago,
86.225.155.104.bc.googleusercontent.com,Taipei,Taiwan,TW,"25.0531,121.5264",AS396982 Google LLC,,Asia/Taipei,
,Seattle,Washington,US,"47.5413,-122.3129","AS16509 Amazon.com, Inc.",98108,America/Los_Angeles,
107-131-222-116.lightspeed.elpstx.sbcglobal.net,El Paso,Texas,US,"31.7674,-106.4304","AS7018 AT&T Enterprises, LLC",79905,America/Denver,
syn-128-092-115-003.biz.spectrum.com,Wausau,Wisconsin,US,"44.9591,-89.6301",AS20115 Charter Communications LLC,54401,America/Chicago,
,Santa Clara,California,US,"37.3483,-121.9844","AS14061 DigitalOcean, LLC",95051,America/Los_Angeles,
,Doddaballapura,Karnataka,IN,"13.2257,77.5750","AS14061 DigitalOcean, LLC",560100,Asia/Kolkata,
,New York City,New York,US,"40.7143,-74.0060",AS395092 Shock Hosting LLC,10001,America/New_York,
106.4.148.146.bc.googleusercontent.com,Brussels,Brussels Capital,BE,"50.8505,4.3488",AS396982 Google LLC,1000,Europe/Brussels,
,Santa Clara,California,US,"37.3924,-121.9623",AS18779 EGIHosting,95054,America/Los_Angeles,
159-118-67-102.cpe.sparklight.net,Aransas Pass,Texas,US,"27.9095,-97.1500","AS11492 CABLE ONE, INC.",78336,America/Chicago,
,Amsterdam,North Holland,NL,"52.3740,4.8897","AS14061 DigitalOcean, LLC",1012,Europe/Amsterdam,
,North Bergen,New Jersey,US,"40.8043,-74.0121","AS14061 DigitalOcean, LLC",07047,America/New_York,
,Suwanee,Georgia,US,"34.0515,-84.0713","AS33619 Advanced Micro Devices, Inc.",30024,America/New_York,
172-104-14-201.ip.linodeusercontent.com,Cedar Knolls,New Jersey,US,"40.8220,-74.4488",AS63949 Akamai Connected Cloud,07927,America/New_York,
190-59-0-86.dynamic.tstt.net.tt,Chaguanas,Chaguanas,TT,"10.5167,-61.4167",AS5639 Telecommunication Services of Trinidad and Tobago,,America/Port_of_Spain,
,Las Vegas,Nevada,US,"36.1750,-115.1372",AS53667 FranTech Solutions,89111,America/Los_Angeles,
host-208-114-92-157.vyvebroadband.net,Dallas,Texas,US,"32.7831,-96.8067",,75201,America/Chicago,
otelco-dsl-216-74-205-83.iland.net,Nelson,Missouri,US,"38.9947,-93.0327",AS13676 GoNetSpeed,65347,America/Chicago,
,Amarillo,Texas,US,"35.2220,-101.8313",AS19108 Optimum,79159,America/Chicago,
syn-071-083-089-150.biz.spectrum.com,Riverside,California,US,"33.9534,-117.3962",AS20115 Charter Communications LLC,92502,America/Los_Angeles,
syn-076-172-036-187.res.spectrum.com,Pearl City,Hawaii,US,"21.3973,-157.9752",AS20001 Charter Communications Inc,96782,Pacific/Honolulu,
,Lake Butler,Florida,US,"28.5017,-81.5409",AS23314 Summit Broadband,32054,America/New_York,
servidor28-1.brlogic.com,Dallas,Texas,US,"32.7831,-96.8067","AS46475 Limestone Networks, Inc.",75201,America/Chicago,
57.176.92.34.bc.googleusercontent.com,Hong Kong,Hong Kong,HK,"22.2783,114.1747",AS396982 Google LLC,999077,Asia/Hong_Kong,
ec2-34-221-83-65.us-west-2.compute.amazonaws.com,Boardman,Oregon,US,"45.8399,-119.7006","AS16509 Amazon.com, Inc.",97818,America/Los_Angeles,
ec2-34-231-242-17.compute-1.amazonaws.com,Ashburn,Virginia,US,"39.0437,-77.4875","AS14618 Amazon.com, Inc.",20147,America/New_York,
ec2-34-231-255-41.compute-1.amazonaws.com,Ashburn,Virginia,US,"39.0437,-77.4875","AS14618 Amazon.com, Inc.",20147,America/New_York,
dynamic.libertypr.net,Río Grande,Río Grande,PR,"18.3802,-65.8313",AS14638 Liberty Communications of Puerto Rico LLC,00745,America/Puerto_Rico,
s0106f8790acd4249.vc.shawcable.net,Richmond,British Columbia,CA,"49.1700,-123.1368",AS6327 Shaw Communications Inc.,V6Y,America/Vancouver,
ec2-18-234-255-217.compute-1.amazonaws.com,Ashburn,Virginia,US,"39.0437,-77.4875","AS14618 Amazon.com, Inc.",20147,America/New_York,
ool-182f735f.dyn.optonline.net,New York City,New York,US,"40.7143,-74.0060",AS6128 Cablevision Systems Corp.,10001,America/New_York,
ec2-3-210-201-16.compute-1.amazonaws.com,Ashburn,Virginia,US,"39.0437,-77.4875","AS14618 Amazon.com, Inc.",20147,America/New_York,
,Clifton,New Jersey,US,"40.8344,-74.1377","AS14061 DigitalOcean, LLC",07014,America/New_York,
danielefazan.cammino.digital,Clifton,New Jersey,US,"40.8344,-74.1377","AS14061 DigitalOcean, LLC",07014,America/New_York,
,Santa Clara,California,US,"37.3483,-121.9844","AS14061 DigitalOcean, LLC",95051,America/Los_Angeles,
,Amsterdam,North Holland,NL,"52.3740,4.8897","AS14061 DigitalOcean, LLC",1012,Europe/Amsterdam,
,Clifton,New Jersey,US,"40.8344,-74.1377","AS14061 DigitalOcean, LLC",07014,America/New_York,
,London,England,GB,"51.5085,-0.1257","AS14061 DigitalOcean, LLC",E1W,Europe/London,
,Santa Clara,California,US,"37.3483,-121.9844","AS14061 DigitalOcean, LLC",95051,America/Los_Angeles,
,London,England,GB,"51.5085,-0.1257","AS14061 DigitalOcean, LLC",E1W,Europe/London,
,Clifton,New Jersey,US,"40.8344,-74.1377","AS14061 DigitalOcean, LLC",07014,America/New_York,
,Los Angeles,California,US,"34.0614,-118.2385","AS22439 Perfect International, Inc",90012,America/Los_Angeles,
,Sunnyvale,California,US,"37.3688,-122.0363","AS30640 Etheric Networks, Inc.",94088,America/Los_Angeles,
syn-068-191-236-138.biz.spectrum.com,Bristol,Tennessee,US,"36.5951,-82.1887",AS20115 Charter Communications LLC,37625,America/New_York,
ws1-dsl-74-215-76-83.fuse.net,Blue Ash,Ohio,US,"39.2320,-84.3783",AS6181 Cincinnati Bell Telephone Company LLC,45236,America/New_York,
,Greater Sudbury,Ontario,CA,"46.4900,-80.9900",AS11522 Greater Sudbury Telecommunications Inc.,P3C,America/Toronto,
,Land O' Lakes,Florida,US,"28.2189,-82.4576",AS23314 Summit Broadband,34639,America/New_York,
172-holidayinnexpresscustomer.rmu167.rochelle.net,Rochelle,Illinois,US,"41.9239,-89.0687","AS54240 Syndeo Networks, Inc",61068,America/Chicago,
,Naples Park,Florida,US,"26.2617,-81.8093",AS23314 Summit Broadband,34108,America/New_York,
,Arroyo,Arroyo,PR,"17.9658,-66.0613",AS14638 Liberty Communications of Puerto Rico LLC,00714,America/Puerto_Rico,
209-107-204-65.mia.as54203.net,Miami,Florida,US,"25.7867,-80.1800",,33132,America/New_York,
209-107-214-146.sea.as54203.net,Seattle,Washington,US,"47.6062,-122.3321",,98101,America/Los_Angeles,
,North Bergen,New Jersey,US,"40.8043,-74.0121","AS14061 DigitalOcean, LLC",07047,America/New_York,
d108-173-233-230.abhsia.telus.net,Calgary,Alberta,CA,"51.0501,-114.0853",AS852 TELUS Communications Inc.,T3S,America/Edmonton,
107-135-46-249.lightspeed.wlfrct.sbcglobal.net,Irvine,California,US,"33.6829,-117.8298","AS7018 AT&T Enterprises, LLC",92614,America/Los_Angeles,
,San Antonio,Texas,US,"29.4027,-98.6433","AS7018 AT&T Enterprises, LLC",78227,America/Chicago,
client-104-168-204-100.hostwindsdns.com,Seattle,Washington,US,"47.6062,-122.3321",AS54290 Hostwinds LLC.,98101,America/Los_Angeles,
syn-097-092-164-097.res.spectrum.com,Kearney,Nebraska,US,"40.6995,-99.0815",AS20115 Charter Communications LLC,68847,America/Chicago,
pool-98-116-17-65.nycmny.fios.verizon.net,New York City,New York,US,"40.7143,-74.0060",AS701 Verizon Business,10001,America/New_York,
dyn98-143-64-130.hsia.mnsi.net,Windsor,Ontario,CA,"42.3001,-83.0165",AS7057 Managed Network Systems Inc.,N8X,America/Toronto,
,Miami,Florida,US,"25.7763,-80.2919","AS7018 AT&T Enterprises, LLC",33126,America/New_York,
pool-99-229-189-23.cpe.net.cable.rogers.com,Vaughan,Ontario,CA,"43.8361,-79.4983",AS812 Rogers Communications Canada Inc.,L6A,America/Toronto,
99-9-207-236.lightspeed.bcvloh.sbcglobal.net,North Canton,Ohio,US,"40.8759,-81.4023","AS7018 AT&T Enterprises, LLC",44720,America/New_York,
99-27-92-158.lightspeed.sntcca.sbcglobal.net,Antioch,California,US,"38.0049,-121.8058","AS7018 AT&T Enterprises, LLC",94509,America/Los_Angeles,
96-80-25-70-static.hfc.comcastbusiness.net,Cornwall,Pennsylvania,US,"40.2737,-76.4061","AS7922 Comcast Cable Communications, LLC",17016,America/New_York,
96-88-159-210-static.hfc.comcastbusiness.net,Sterling Heights,Michigan,US,"42.5803,-83.0302","AS7922 Comcast Cable Communications, LLC",48311,America/Detroit,
,Greenville,North Carolina,US,"35.6127,-77.3663",AS19108 Optimum,27834,America/New_York,
75-30-199-106.lightspeed.rsvlmi.sbcglobal.net,Clinton Township,Michigan,US,"42.5512,-82.9167","AS7018 AT&T Enterprises, LLC",48035,America/Detroit,
c-76-107-53-106.hsd1.la.comcast.net,Monroe,Louisiana,US,"32.5093,-92.1193","AS7922 Comcast Cable Communications, LLC",71207,America/Chicago,
c-73-152-157-213.hsd1.wv.comcast.net,Huntington,West Virginia,US,"38.4192,-82.4451","AS7922 Comcast Cable Communications, LLC",25708,America/New_York,
c-73-204-76-228.hsd1.fl.comcast.net,Homestead,Florida,US,"25.4687,-80.4776","AS7922 Comcast Cable Communications, LLC",33030,America/New_York,
,Houston,Texas,US,"29.7633,-95.3633","AS7922 Comcast Cable Communications, LLC",77002,America/Chicago,
ip-69-80-252-240.wireless.static.fire2wire.com,Hickman,California,US,"37.6235,-120.7538","AS11191 Cal.net, Inc.",95323,America/Los_Angeles,
dynamic.libertypr.net,San Juan,San Juan,PR,"18.4663,-66.1057",AS14638 Liberty Communications of Puerto Rico LLC,00901,America/Puerto_Rico,
,Boise,Idaho,US,"43.6135,-116.2035","AS209 CenturyLink Communications, LLC",83707,America/Boise,
syn-071-043-174-182.biz.spectrum.com,Orlando,Florida,US,"28.5289,-81.4787","AS33363 Charter Communications, Inc",32835,America/New_York,
syn-067-078-255-106.biz.spectrum.com,Winter Park,Florida,US,"28.5974,-81.3036","AS33363 Charter Communications, Inc",32792,America/New_York,
ip68-107-136-204.tc.ph.cox.net,Phoenix,Arizona,US,"33.4484,-112.0740",AS22773 Cox Communications Inc.,85001,America/Phoenix,
,Singapore,Singapore,SG,"1.2951,103.7893","AS22439 Perfect International, Inc",139964,Asia/Singapore,
25-122-74-65.gci.net,Anchorage,Alaska,US,"61.2181,-149.9003","AS8047 GENERAL COMMUNICATION, INC.",99509,America/Anchorage,
ec2-54-190-151-1.us-west-2.compute.amazonaws.com,Boardman,Oregon,US,"45.8399,-119.7006","AS16509 Amazon.com, Inc.",97818,America/Los_Angeles,
ec2-54-202-14-184.us-west-2.compute.amazonaws.com,Boardman,Oregon,US,"45.8399,-119.7006","AS16509 Amazon.com, Inc.",97818,America/Los_Angeles,
ec2-54-209-138-190.compute-1.amazonaws.com,Ashburn,Virginia,US,"39.0437,-77.4875","AS14618 Amazon.com, Inc.",20147,America/New_York,
,Houston,Texas,US,"29.7633,-95.3633","AS7922 Comcast Cable Communications, LLC",77002,America/Chicago,
50-250-24-174-static.hfc.comcastbusiness.net,Woburn,Massachusetts,US,"42.4793,-71.1523","AS7922 Comcast Cable Communications, LLC",01801,America/New_York,
,Amarillo,Texas,US,"35.2220,-101.8313",AS19108 Optimum,79159,America/Chicago,
,Eureka,California,US,"40.8021,-124.1637",AS19108 Optimum,95501,America/Los_Angeles,
45.63.105.201.vultrusercontent.com,Miami,Florida,US,"25.8130,-80.2320","AS20473 The Constant Company, LLC",33142,America/New_York,
,Amsterdam,North Holland,NL,"52.3740,4.8897","AS14061 DigitalOcean, LLC",1012,Europe/Amsterdam,
royl-2-167-142-241-177.dsl.netins.net,Des Moines,Iowa,US,"41.6727,-93.5722",AS53347 Premier Communications,50328,America/Chicago,
ip-173-210-237-126.xplore.ca,Duffield,Alberta,CA,"53.5265,-114.3460",AS22995 Xplore Inc.,T7Z,America/Edmonton,
,Tseung Kwan O,Sai Kung,HK,"22.3279,114.2499",AS134548 DXTL Tseung Kwan O Service,999077,Asia/Hong_Kong,
,Rye Brook,New York,US,"41.0193,-73.6835",AS3257 GTT Communications Inc.,10573,America/New_York,
d24-36-224-100.home1.cgocable.net,Grimsby,Ontario,CA,"43.2001,-79.5663",AS7992 Cogeco Connexion Inc.,L3M,America/Toronto,
ec2-3-15-18-245.us-east-2.compute.amazonaws.com,Columbus,Ohio,US,"39.9612,-82.9988","AS16509 Amazon.com, Inc.",43215,America/New_York,
,Washington,Virginia,US,"38.7135,-78.1594",AS8075 Microsoft Corporation,22747,America/New_York,
syn-024-176-219-022.biz.spectrum.com,La Mirada,California,US,"33.9067,-118.0101",AS20115 Charter Communications LLC,90638,America/Los_Angeles,
c-73-192-23-193.hsd1.fl.comcast.net,Jacksonville,Florida,US,"30.3322,-81.6556","AS7922 Comcast Cable Communications, LLC",32202,America/New_York,
c-75-74-7-227.hsd1.fl.comcast.net,South Miami Heights,Florida,US,"25.5976,-80.3806","AS7922 Comcast Cable Communications, LLC",33177,America/New_York,
,North Bergen,New Jersey,US,"40.8043,-74.0121","AS14061 DigitalOcean, LLC",07047,America/New_York,
,Rome,Wisconsin,US,"44.2206,-89.8084",AS10352 Solarus,54613,America/Chicago,
75-45-53-53.lightspeed.hstntx.sbcglobal.net,Houston,Texas,US,"29.6896,-95.5106","AS7018 AT&T Enterprises, LLC",77074,America/Chicago,
64-121-230-30.s6684.c3-0.rdl-ubr2.trpr-rdl.pa.cable.rcncustomer.com,Prospect Park,Pennsylvania,US,"39.8879,-75.3082",AS6079 RCN,19076,America/New_York,
syn-047-041-011-229.res.spectrum.com,Hidden Hills,California,US,"34.1993,-118.5983",AS20115 Charter Communications LLC,91303,America/Los_Angeles,
,New York City,New York,US,"40.7143,-74.0060","AS36007 Kamatera, Inc.",10001,America/New_York,
,Washington,Virginia,US,"38.7135,-78.1594",AS8075 Microsoft Corporation,22747,America/New_York,
syn-097-068-177-198.biz.spectrum.com,West Melbourne,Florida,US,"28.0717,-80.6534","AS33363 Charter Communications, Inc",32906,America/New_York,
,Peoria,Arizona,US,"33.5806,-112.2374","AS209 CenturyLink Communications, LLC",85345,America/Phoenix,
,Santa Clara,California,US,"37.3483,-121.9844","AS14061 DigitalOcean, LLC",95051,America/Los_Angeles,
dynamic.libertypr.net,Caguas,Caguas,PR,"18.2341,-66.0485",AS14638 Liberty Communications of Puerto Rico LLC,00725,America/Puerto_Rico,
162-236-60-28.lightspeed.snantx.sbcglobal.net,Pharr,Texas,US,"26.1948,-98.1836","AS7018 AT&T Enterprises, LLC",78577,America/Chicago,
,Frankfurt am Main,Hesse,DE,"50.1155,8.6842","AS14061 DigitalOcean, LLC",60306,Europe/Berlin,
136-61-255-225.googlefiber.net,Overland Park,Kansas,US,"38.9822,-94.6708",AS16591 Google Fiber Inc.,66204,America/Chicago,
oc-129-150-68-231.compute.oraclecloud.com,Phoenix,Arizona,US,"33.4665,-111.9984",AS31898 Oracle Corporation,85008,America/Phoenix,
,Vancouver,British Columbia,CA,"49.2497,-123.1193",AS6327 Shaw Communications Inc.,V5Y,America/Vancouver,
pool-99-242-188-88.cpe.net.cable.rogers.com,London,Ontario,CA,"42.9834,-81.2330",AS812 Rogers Communications Canada Inc.,N6B,America/Toronto,
,Toronto,Ontario,CA,"43.7064,-79.3986",AS812 Rogers Communications Canada Inc.,M5A,America/Toronto,
cable-southern-216-66-132-130.broadband.nucleus.com,Calgary,Alberta,CA,"51.0501,-114.0853",AS26546 FIBERNETICS CORPORATION,T3S,America/Edmonton,
,Saint Joseph,Missouri,US,"39.7686,-94.8466",AS19108 Optimum,64501,America/Chicago,
,Siparia,Siparia Regional Corporation,TT,"10.1453,-61.5074",AS27665 Columbus Communications Trinidad Limited.,,America/Port_of_Spain,
,Montréal,Quebec,CA,"45.5088,-73.5878",AS16276 OVH SAS,H3H,America/Toronto,
,New York City,New York,US,"40.7143,-74.0060",AS984 OCTOPUS WEB SOLUTION INC,10001,America/New_York,
,Clifton,New Jersey,US,"40.8344,-74.1377","AS14061 DigitalOcean, LLC",07014,America/New_York,
,Washington,Virginia,US,"38.7135,-78.1594",AS8075 Microsoft Corporation,22747,America/New_York,
,Detroit,Michigan,US,"42.3314,-83.0457","AS36444 Liquid Web, L.L.C",48226,America/Detroit,
dynamic.libertypr.net,San Juan,San Juan,PR,"18.4663,-66.1057",AS14638 Liberty Communications of Puerto Rico LLC,00901,America/Puerto_Rico,
,Houston,Texas,US,"29.7633,-95.3633","AS7922 Comcast Cable Communications, LLC",77002,America/Chicago,
hwsrv-1078316.hostwindsdns.com,Dallas,Texas,US,"32.7831,-96.8067",AS54290 Hostwinds LLC.,75201,America/Chicago,
hosted-by.racknerd.com,Salt Lake City,Utah,US,"40.7608,-111.8911","AS53850 GorillaServers, Inc.",84101,America/Denver,
,Los Angeles,California,US,"34.0522,-118.2437",AS40065 CNSERVERS LLC,90009,America/Los_Angeles,
,Bellevue,Washington,US,"47.5614,-122.1552","AS21928 T-Mobile USA, Inc.",98006,America/Los_Angeles,
172.251.241.35.bc.googleusercontent.com,Brussels,Brussels Capital,BE,"50.8505,4.3488",AS396982 Google LLC,1000,Europe/Brussels,
138.212.241.35.bc.googleusercontent.com,Brussels,Brussels Capital,BE,"50.8505,4.3488",AS396982 Google LLC,1000,Europe/Brussels,
153.128.241.35.bc.googleusercontent.com,Brussels,Brussels Capital,BE,"50.8505,4.3488",AS396982 Google LLC,1000,Europe/Brussels,
c-98-196-79-0.hsd1.tx.comcast.net,Houston,Texas,US,"29.7633,-95.3633","AS7922 Comcast Cable Communications, LLC",77002,America/Chicago,
,San Jose,California,US,"37.3394,-121.8950",AS46562 Performive LLC,95025,America/Los_Angeles,
198-91-190-112.cpe.distributel.net,Brampton,Ontario,CA,"43.6834,-79.7663",AS11814 Distributel Communications Limited,L6V,America/Toronto,
207.246.95.245.vultrusercontent.com,Piscataway,New Jersey,US,"40.4993,-74.3990","AS20473 The Constant Company, LLC",08854,America/New_York,
,Toronto,Ontario,CA,"43.7064,-79.3986",AS53732 InnSys Incorporated,M5A,America/Toronto,
,Lehigh Acres,Florida,US,"26.6254,-81.6248","AS7155 ViaSat,Inc.",33972,America/New_York,
,North Bergen,New Jersey,US,"40.8043,-74.0121","AS14061 DigitalOcean, LLC",07047,America/New_York,
pub0.christianworldmedia.com,New York City,New York,US,"40.7143,-74.0060","AS19318 Interserver, Inc",10001,America/New_York,
,Las Vegas,Nevada,US,"36.1750,-115.1372",AS53667 FranTech Solutions,89111,America/Los_Angeles,
s0106f8790a50377c.vc.shawcable.net,Vancouver,British Columbia,CA,"49.2497,-123.1193",AS6327 Shaw Communications Inc.,V5Y,America/Vancouver,
syn-142-197-026-217.res.spectrum.com,Orlando,Florida,US,"28.4944,-81.2902","AS33363 Charter Communications, Inc",32822,America/New_York,
,Singapore,Singapore,SG,"1.3215,103.6957","AS14061 DigitalOcean, LLC",627753,Asia/Singapore,
1181090.cloudwaysapps.com,Clifton,New Jersey,US,"40.8344,-74.1377","AS14061 DigitalOcean, LLC",07014,America/New_York,
146-115-122-207.s1229.c3-0.sth-cbr1.sbo-sth.ma.cable.rcncustomer.com,Woburn,Massachusetts,US,"42.4793,-71.1523",AS6079 RCN,01801,America/New_York,
static.rcn.com,Chicago,Illinois,US,"41.8500,-87.6500",AS6079 RCN,60666,America/Chicago,
190-59-2-140.dynamic.tstt.net.tt,Chaguanas,Chaguanas,TT,"10.5167,-61.4167",AS5639 Telecommunication Services of Trinidad and Tobago,,America/Port_of_Spain,
,Buffalo,New York,US,"42.9685,-78.7492",,14221,America/New_York,
216-24-86-248.access.naxs.com,Troutville,Virginia,US,"37.4182,-79.8748","AS7795 LUMOS Networks, Inc.",24175,America/New_York,
75-144-9-77-utah.hfc.comcastbusiness.net,Salt Lake City,Utah,US,"40.7608,-111.8911","AS7922 Comcast Cable Communications, LLC",84101,America/Denver,
76-219-142-187.lightspeed.hstntx.sbcglobal.net,Pasadena,Texas,US,"29.7009,-95.1989","AS7018 AT&T Enterprises, LLC",77506,America/Chicago,
76-240-173-123.lightspeed.irvnca.sbcglobal.net,Arcadia,California,US,"34.1324,-118.0264","AS7018 AT&T Enterprises, LLC",91006,America/Los_Angeles,
syn-076-080-003-172.biz.spectrum.com,Oxnard,California,US,"34.2141,-119.1750",AS20001 Charter Communications Inc,93030,America/Los_Angeles,
,Hilo,Hawaii,US,"19.7299,-155.0907","AS36149 Hawaiian Telcom Services Company, Inc.",96721,Pacific/Honolulu,
86-187-42-72.gci.net,Anchorage,Alaska,US,"61.2181,-149.9003","AS8047 GENERAL COMMUNICATION, INC.",99509,America/Anchorage,
pool-72-76-180-232.nwrknj.fios.verizon.net,Leisure Village East,New Jersey,US,"40.0301,-74.1643",AS701 Verizon Business,08723,America/New_York,
static-72-89-231-53.nycmny.fios.verizon.net,New Rochelle,New York,US,"40.9115,-73.7823",AS701 Verizon Business,10801,America/New_York,
c-73-10-141-225.hsd1.nj.comcast.net,East Orange,New Jersey,US,"40.7673,-74.2049","AS7922 Comcast Cable Communications, LLC",07017,America/New_York,
c-73-205-32-44.hsd1.fl.comcast.net,Miami Gardens,Florida,US,"25.9420,-80.2456","AS7922 Comcast Cable Communications, LLC",33056,America/New_York,
c-73-240-190-65.hsd1.or.comcast.net,Oregon City,Oregon,US,"45.3573,-122.6068","AS7922 Comcast Cable Communications, LLC",97045,America/Los_Angeles,
c-73-74-117-89.hsd1.il.comcast.net,Homer Glen,Illinois,US,"41.6000,-87.9381","AS7922 Comcast Cable Communications, LLC",60491,America/Chicago,
syn-070-120-180-176.res.spectrum.com,El Paso,Texas,US,"31.8623,-106.5932",AS11427 Charter Communications Inc,79932,America/Denver,
dynamic.libertypr.net,San Juan,San Juan,PR,"18.4663,-66.1057",AS14638 Liberty Communications of Puerto Rico LLC,00901,America/Puerto_Rico,
s0106400fc143b3a0.su.shawcable.net,Sault Ste. Marie,Ontario,CA,"46.5168,-84.3333",AS6327 Shaw Communications Inc.,P6A,America/Toronto,
syn-067-244-015-235.res.spectrum.com,University Gardens,New York,US,"40.7536,-73.8226",AS12271 Charter Communications Inc,11355,America/New_York,
ip68-108-66-218.lv.lv.cox.net,Las Vegas,Nevada,US,"36.1750,-115.1372",AS22773 Cox Communications Inc.,89111,America/Los_Angeles,
,Austin,Texas,US,"30.3223,-97.7390","AS7018 AT&T Enterprises, LLC",78756,America/Chicago,
c-68-80-147-65.hsd1.de.comcast.net,Philadelphia,Pennsylvania,US,"39.9524,-75.1636","AS7922 Comcast Cable Communications, LLC",19099,America/New_York,
ip68-8-123-220.sd.sd.cox.net,San Diego,California,US,"32.7157,-117.1647",AS22773 Cox Communications Inc.,92101,America/Los_Angeles,
ool-45763980.dyn.optonline.net,Huntington Station,New York,US,"40.8534,-73.4115",AS6128 Cablevision Systems Corp.,11746,America/New_York,
13-38-178-69.gci.net,Anchorage,Alaska,US,"61.2181,-149.9003","AS8047 GENERAL COMMUNICATION, INC.",99509,America/Anchorage,
021.123-30-64.ftth.swbr.surewest.net,Sacramento,California,US,"38.5816,-121.4944","AS14051 Consolidated Communications, Inc.",94203,America/Los_Angeles,
syn-066-065-009-058.res.spectrum.com,New York City,New York,US,"40.7143,-74.0060",AS12271 Charter Communications Inc,10001,America/New_York,
47-136-182-106.drr05.pers.ca.ip.frontiernet.net,Nuevo,California,US,"33.8014,-117.1459","AS5650 Frontier Communications of America, Inc.",92567,America/Los_Angeles,
47-157-57-123.fdr01.sndm.ca.ip.frontiernet.net,San Dimas,California,US,"34.1067,-117.8067","AS5650 Frontier Communications of America, Inc.",91773,America/Los_Angeles,
hp288.hostpapa.com,Toronto,Ontario,CA,"43.7064,-79.3986",AS13768 Aptum Technologies,M5A,America/Toronto,
syn-024-198-129-053.res.spectrum.com,Conway,New Hampshire,US,"43.9878,-71.0607",AS11351 Charter Communications Inc,03813,America/New_York,
,Red Deer,Alberta,CA,"52.2668,-113.8020",AS6327 Shaw Communications Inc.,T4P,America/Edmonton,
dynamic.libertypr.net,San Juan,San Juan,PR,"18.4663,-66.1057",AS14638 Liberty Communications of Puerto Rico LLC,00901,America/Puerto_Rico,
c-73-95-240-215.hsd1.co.comcast.net,Thornton,Colorado,US,"39.8680,-104.9719","AS7922 Comcast Cable Communications, LLC",80241,America/Denver,
21.62.187.35.bc.googleusercontent.com,Brussels,Brussels Capital,BE,"50.8505,4.3488",AS396982 Google LLC,1000,Europe/Brussels,
199.84.187.35.bc.googleusercontent.com,Brussels,Brussels Capital,BE,"50.8505,4.3488",AS396982 Google LLC,1000,Europe/Brussels,
33.204.189.35.bc.googleusercontent.com,Brussels,Brussels Capital,BE,"50.8505,4.3488",AS396982 Google LLC,1000,Europe/Brussels,
30.55.233.35.bc.googleusercontent.com,Brussels,Brussels Capital,BE,"50.8505,4.3488",AS396982 Google LLC,1000,Europe/Brussels,
206.33.76.34.bc.googleusercontent.com,Brussels,Brussels Capital,BE,"50.8505,4.3488",AS396982 Google LLC,1000,Europe/Brussels,
94.204.190.35.bc.googleusercontent.com,Brussels,Brussels Capital,BE,"50.8505,4.3488",AS396982 Google LLC,1000,Europe/Brussels,
227.37.76.34.bc.googleusercontent.com,Brussels,Brussels Capital,BE,"50.8505,4.3488",AS396982 Google LLC,1000,Europe/Brussels,
30.40.240.35.bc.googleusercontent.com,Brussels,Brussels Capital,BE,"50.8505,4.3488",AS396982 Google LLC,1000,Europe/Brussels,
27.187.76.34.bc.googleusercontent.com,Brussels,Brussels Capital,BE,"50.8505,4.3488",AS396982 Google LLC,1000,Europe/Brussels,
92.109.76.34.bc.googleusercontent.com,Brussels,Brussels Capital,BE,"50.8505,4.3488",AS396982 Google LLC,1000,Europe/Brussels,
251.131.73.34.bc.googleusercontent.com,North Charleston,South Carolina,US,"32.8546,-79.9748",AS396982 Google LLC,29415,America/New_York,
94.105.76.34.bc.googleusercontent.com,Brussels,Brussels Capital,BE,"50.8505,4.3488",AS396982 Google LLC,1000,Europe/Brussels,
107-216-82-101.lightspeed.tukrga.sbcglobal.net,Tucker,Georgia,US,"33.8546,-84.2171","AS7018 AT&T Enterprises, LLC",30084,America/New_York,
syn-024-073-006-120.res.spectrum.com,San Antonio,Florida,US,"28.3361,-82.2745","AS33363 Charter Communications, Inc",33576,America/New_York,
45-30-104-216.lightspeed.brhmal.sbcglobal.net,Huntsville,Alabama,US,"34.7269,-86.5673","AS7018 AT&T Enterprises, LLC",35801,America/Chicago,
,Pilot Point,Texas,US,"33.3965,-96.9606",AS19108 Optimum,76258,America/Chicago,
c-98-245-221-230.hsd1.co.comcast.net,Lakewood,Colorado,US,"39.7047,-105.0814","AS7922 Comcast Cable Communications, LLC",80226,America/Denver,
,Paris,Île-de-France,FR,"48.8534,2.3488",AS212238 Datacamp Limited,75000,Europe/Paris,
,Paris,Île-de-France,FR,"48.8534,2.3488",AS212238 Datacamp Limited,75000,Europe/Paris,
99-9-180-70.lightspeed.irvnca.sbcglobal.net,Fullerton,California,US,"33.8703,-117.9253","AS7018 AT&T Enterprises, LLC",92832,America/Los_Angeles,
,Richmond,British Columbia,CA,"49.1700,-123.1368",AS852 TELUS Communications Inc.,V6Y,America/Vancouver,
,Chicago,Illinois,US,"41.8500,-87.6500",AS19994 Rackspace Hosting,60666,America/Chicago,
,San Francisco,California,US,"37.7309,-122.3886","AS14061 DigitalOcean, LLC",94124,America/Los_Angeles,
1380889.cloudwaysapps.com,Clifton,New Jersey,US,"40.8344,-74.1377","AS14061 DigitalOcean, LLC",07014,America/New_York,
,London,England,GB,"51.5085,-0.1257","AS16509 Amazon.com, Inc.",E1W,Europe/London,
17.196.155.104.bc.googleusercontent.com,Taipei,Taiwan,TW,"25.0531,121.5264",AS396982 Google LLC,,Asia/Taipei,
160.132.154.104.bc.googleusercontent.com,Council Bluffs,Iowa,US,"41.2619,-95.8608",AS396982 Google LLC,51502,America/Chicago,
108-67-233-215.lightspeed.btrgla.sbcglobal.net,Morgan City,Louisiana,US,"29.6994,-91.2068","AS7018 AT&T Enterprises, LLC",70380,America/Chicago,
108-250-121-190.lightspeed.livnmi.sbcglobal.net,Detroit,Michigan,US,"42.3097,-83.1155","AS7018 AT&T Enterprises, LLC",48209,America/Detroit,
108-219-57-32.lightspeed.ltrkar.sbcglobal.net,Benton,Arkansas,US,"34.6040,-92.6259","AS7018 AT&T Enterprises, LLC",72019,America/Chicago,
108-213-75-53.lightspeed.frokca.sbcglobal.net,Waukesha,Wisconsin,US,"42.9993,-88.2196","AS7018 AT&T Enterprises, LLC",53186,America/Chicago,
49.111.211.130.bc.googleusercontent.com,Brussels,Brussels Capital,BE,"50.8505,4.3488",AS396982 Google LLC,1000,Europe/Brussels,
,Singapore,Singapore,SG,"1.3215,103.6957","AS14061 DigitalOcean, LLC",627753,Asia/Singapore,
,Frankfurt am Main,Hesse,DE,"50.1155,8.6842","AS14061 DigitalOcean, LLC",60306,Europe/Berlin,
,Amsterdam,North Holland,NL,"52.3740,4.8897","AS14061 DigitalOcean, LLC",1012,Europe/Amsterdam,
,Ashburn,Virginia,US,"39.0437,-77.4875",AS16276 OVH SAS,20147,America/New_York,
,Santa Clara,California,US,"37.3483,-121.9844","AS14061 DigitalOcean, LLC",95051,America/Los_Angeles,
,Santa Clara,California,US,"37.3483,-121.9844","AS14061 DigitalOcean, LLC",95051,America/Los_Angeles,
,Frankfurt am Main,Hesse,DE,"50.1155,8.6842","AS14061 DigitalOcean, LLC",60306,Europe/Berlin,
dynamic.libertypr.net,Trujillo Alto,Trujillo Alto,PR,"18.3547,-66.0074",AS14638 Liberty Communications of Puerto Rico LLC,00976,America/Puerto_Rico,
,Washington,District of Columbia,US,"38.8951,-77.0364","AS7922 Comcast Cable Communications, LLC",20004,America/New_York,
159-242-210-239.dynsouth.hsi.pldi.net,Blanchard,Oklahoma,US,"35.1378,-97.6581",AS11650 Pioneer Long Distance Inc.,73010,America/Chicago,
,Clifton,New Jersey,US,"40.8344,-74.1377","AS14061 DigitalOcean, LLC",07014,America/New_York,
,North Bergen,New Jersey,US,"40.8043,-74.0121","AS14061 DigitalOcean, LLC",07047,America/New_York,
,North Bergen,New Jersey,US,"40.8043,-74.0121","AS14061 DigitalOcean, LLC",07047,America/New_York,
,Amsterdam,North Holland,NL,"52.3740,4.8897","AS14061 DigitalOcean, LLC",1012,Europe/Amsterdam,
,Amsterdam,North Holland,NL,"52.3740,4.8897","AS14061 DigitalOcean, LLC",1012,Europe/Amsterdam,
,Santa Clara,California,US,"37.3483,-121.9844","AS14061 DigitalOcean, LLC",95051,America/Los_Angeles,
,North Bergen,New Jersey,US,"40.8043,-74.0121","AS14061 DigitalOcean, LLC",07047,America/New_York,
,Bellevue,Washington,US,"47.5614,-122.1552",,98006,America/Los_Angeles,
,Charlotte Amalie,Saint Thomas Island,VI,"18.3419,-64.9307","AS14434 VI POWERNET, LLC",00802,America/St_Thomas,
,San Juan,San Juan,PR,"18.4663,-66.1057",AS14638 Liberty Communications of Puerto Rico LLC,00901,America/Puerto_Rico,
,San Juan,San Juan,PR,"18.4663,-66.1057",AS14638 Liberty Communications of Puerto Rico LLC,00901,America/Puerto_Rico,
syn-024-090-125-046.res.spectrum.com,Inwood,New York,US,"40.6769,-73.8448",AS12271 Charter Communications Inc,11417,America/New_York,
,Edmonton,Alberta,CA,"53.5501,-113.4687",AS6327 Shaw Communications Inc.,T5H,America/Edmonton,
,Middletown,Maryland,US,"39.4437,-77.5447","AS7922 Comcast Cable Communications, LLC",21769,America/New_York,
syn-071-084-237-035.res.spectrum.com,Pasadena,California,US,"34.1478,-118.1445",AS20115 Charter Communications LLC,91101,America/Los_Angeles,
pool-72-69-213-135.nycmny.fios.verizon.net,New York City,New York,US,"40.7143,-74.0060",AS701 Verizon Business,10001,America/New_York,
pool-72-69-92-222.nycmny.fios.verizon.net,Lindenhurst,New York,US,"40.6868,-73.3735",AS701 Verizon Business,11757,America/New_York,
66-50-57-115.prtc.net,Mayagüez,Mayagüez,PR,"18.2011,-67.1396","AS10396 DATACOM CARIBE, INC.",00680,America/Puerto_Rico,
c-67-180-228-189.hsd1.ca.comcast.net,Santa Cruz,California,US,"36.9741,-122.0308","AS7922 Comcast Cable Communications, LLC",95061,America/Los_Angeles,
bras-base-ancson0401w-grc-55-70-54-90-12.dsl.bell.ca,Willowdale,Ontario,CA,"43.7667,-79.3991",AS577 Bell Canada,M2N,America/Toronto,
ec2-54-71-158-53.us-west-2.compute.amazonaws.com,Boardman,Oregon,US,"45.8399,-119.7006","AS16509 Amazon.com, Inc.",97818,America/Los_Angeles,
,Coconut Creek,Florida,US,"26.2518,-80.1789","AS7922 Comcast Cable Communications, LLC",33097,America/New_York,
,New Caney,Texas,US,"30.1552,-95.2113",AS19108 Optimum,77357,America/Chicago,
,New York City,New York,US,"40.7143,-74.0060","AS6364 Atlantic.net, Inc.",10001,America/New_York,
,North Bergen,New Jersey,US,"40.8043,-74.0121","AS14061 DigitalOcean, LLC",07047,America/New_York,
205-234-152-40-host.colocrossing.com,Elk Grove Village,Illinois,US,"42.0039,-87.9703",AS36352 HostPapa,60009,America/Chicago,
,Mishawaka,Indiana,US,"41.6620,-86.1586","AS7922 Comcast Cable Communications, LLC",46546,America/Indiana/Indianapolis,
173-28-11-98.client.mchsi.com,New York City,New York,US,"40.7143,-74.0060",,10001,America/New_York,
,Santa Clara,California,US,"37.3483,-121.9844","AS14061 DigitalOcean, LLC",95051,America/Los_Angeles,
,Amsterdam,North Holland,NL,"52.3740,4.8897","AS14061 DigitalOcean, LLC",1012,Europe/Amsterdam,
144.202.59.196.vultrusercontent.com,Elk Grove Village,Illinois,US,"42.0076,-87.9931","AS20473 The Constant Company, LLC",60007,America/Chicago,
,North Bergen,New Jersey,US,"40.8043,-74.0121","AS14061 DigitalOcean, LLC",07047,America/New_York,
api01-fin-fra1.gigapay.net,Frankfurt am Main,Hesse,DE,"50.1155,8.6842","AS14061 DigitalOcean, LLC",60306,Europe/Berlin,
syn-107-013-091-237.res.spectrum.com,Raleigh,North Carolina,US,"35.8480,-78.6317",AS11426 Charter Communications Inc,27609,America/New_York,
client-104-168-158-64.hostwindsdns.com,Seattle,Washington,US,"47.6062,-122.3321",AS54290 Hostwinds LLC.,98101,America/Los_Angeles,
syn-098-100-244-129.biz.spectrum.com,Nelsonville,Ohio,US,"39.4587,-82.2318",AS10796 Charter Communications Inc,45764,America/New_York,
pool-99-228-200-186.cpe.net.cable.rogers.com,Richmond Hill,Ontario,CA,"43.8711,-79.4373",AS812 Rogers Communications Canada Inc.,L4C,America/Toronto,
,Miramar,Florida,US,"25.9873,-80.2323","AS7922 Comcast Cable Communications, LLC",33023,America/New_York,
192-0-211-146.cpe.teksavvy.com,Barrie,Ontario,CA,"44.4001,-79.6663","AS5645 TekSavvy Solutions, Inc.",L9X,America/Toronto,
,San Jose,California,US,"37.3394,-121.8950",AS8075 Microsoft Corporation,95025,America/Los_Angeles,
,Canovanas,Canóvanas,PR,"18.3751,-65.8993",AS14638 Liberty Communications of Puerto Rico LLC,00729,America/Puerto_Rico,
23-24-132-201-static.hfc.comcastbusiness.net,Denver,Colorado,US,"39.7392,-104.9847","AS7922 Comcast Cable Communications, LLC",80203,America/Denver,
,Enterprise,Oregon,US,"45.4263,-117.2788","AS22466 Wallowa Valley Networks, LLC",97828,America/Los_Angeles,
syn-097-077-202-109.biz.spectrum.com,Dallas,Texas,US,"32.6833,-96.5964",AS11427 Charter Communications Inc,75253,America/Chicago,
syn-097-077-202-110.biz.spectrum.com,Dallas,Texas,US,"32.6833,-96.5964",AS11427 Charter Communications Inc,75253,America/Chicago,
2.169.127.96.unassigned.ord.singlehop.net,Chicago,Illinois,US,"41.8500,-87.6500",AS32475 Internap Holding LLC,60666,America/Chicago,
cm-72-240-246-218.buckeyecom.net,Toledo,Ohio,US,"41.6639,-83.5552","AS13490 Buckeye Cablevision, Inc.",43405,America/New_York,
ip70-171-219-48.tc.ph.cox.net,Phoenix,Arizona,US,"33.4484,-112.0740",AS22773 Cox Communications Inc.,85001,America/Phoenix,
dynamic.libertypr.net,Bayamón,Bayamón,PR,"18.3986,-66.1557",AS14638 Liberty Communications of Puerto Rico LLC,00956,America/Puerto_Rico,
,Bridgetown,Saint Michael,BB,"13.1073,-59.6202",AS14813 Columbus Telecommunications (Barbados) Limited,,America/Barbados,
235.195.115.66.unassigned.sdncommunications.com,Rapid City,South Dakota,US,"44.0805,-103.2310",AS13576 SOUTH DAKOTA NETWORK,57703,America/Denver,
c-67-182-236-197.hsd1.ut.comcast.net,Salt Lake City,Utah,US,"40.7608,-111.8911","AS7922 Comcast Cable Communications, LLC",84101,America/Denver,
c-73-179-43-215.hsd1.fl.comcast.net,Miami,Florida,US,"25.7743,-80.1937","AS7922 Comcast Cable Communications, LLC",33101,America/New_York,
,Calgary,Alberta,CA,"51.0501,-114.0853",AS852 TELUS Communications Inc.,T3S,America/Edmonton,
dynamic.libertypr.net,Caguas,Caguas,PR,"18.2341,-66.0485",AS14638 Liberty Communications of Puerto Rico LLC,00725,America/Puerto_Rico,
,Memphis,Tennessee,US,"35.1495,-90.0490","AS7922 Comcast Cable Communications, LLC",37544,America/Chicago,
syn-098-024-199-089.res.spectrum.com,Fayetteville,North Carolina,US,"35.0527,-78.8784",AS11426 Charter Communications Inc,28301,America/New_York,
,Amsterdam,North Holland,NL,"52.3740,4.8897","AS14061 DigitalOcean, LLC",1012,Europe/Amsterdam,
c-174-48-155-117.hsd1.fl.comcast.net,Davie,Florida,US,"26.0629,-80.2331","AS7922 Comcast Cable Communications, LLC",33314,America/New_York,
,Berkeley Heights,New Jersey,US,"40.6834,-74.4427","AS7922 Comcast Cable Communications, LLC",07922,America/New_York,
syn-172-114-162-238.res.spectrum.com,Yuma,Arizona,US,"32.6566,-114.4042",AS20001 Charter Communications Inc,85367,America/Phoenix,
,Los Angeles,California,US,"34.0522,-118.2437",AS40065 CNSERVERS LLC,90009,America/Los_Angeles,
,Frankfurt am Main,Hesse,DE,"50.1155,8.6842","AS14061 DigitalOcean, LLC",60306,Europe/Berlin,
,North Bergen,New Jersey,US,"40.8043,-74.0121","AS14061 DigitalOcean, LLC",07047,America/New_York,
syn-131-148-027-066.biz.spectrum.com,Orlando,Florida,US,"28.5289,-81.4787","AS33363 Charter Communications, Inc",32835,America/New_York,
107-215-163-13.lightspeed.mtryca.sbcglobal.net,Hollister,California,US,"36.8337,-121.3439","AS7018 AT&T Enterprises, LLC",95023,America/Los_Angeles,
108-77-60-23.lightspeed.mdsnwi.sbcglobal.net,Madison,Wisconsin,US,"43.1205,-89.3523","AS7018 AT&T Enterprises, LLC",53704,America/Chicago,
,Frankfurt am Main,Hesse,DE,"50.1155,8.6842","AS14061 DigitalOcean, LLC",60306,Europe/Berlin,
143.40.72.148.host.secureserver.net,Phoenix,Arizona,US,"33.4484,-112.0740","AS26496 GoDaddy.com, LLC",85001,America/Phoenix,
,New York City,New York,US,"40.7143,-74.0060","AS7155 ViaSat,Inc.",10001,America/New_York,
dynamic.libertypr.net,Bayamón,Bayamón,PR,"18.3986,-66.1557",AS14638 Liberty Communications of Puerto Rico LLC,00956,America/Puerto_Rico,
,New York City,New York,US,"40.7143,-74.0060",AS11042 NETWORK TRANSIT HOLDINGS LLC,10001,America/New_York,
ec2-3-16-181-122.us-east-2.compute.amazonaws.com,Columbus,Ohio,US,"39.9612,-82.9988","AS16509 Amazon.com, Inc.",43215,America/New_York,
d75-152-252-82.abhsia.telus.net,Edmonton,Alberta,CA,"53.5501,-113.4687",AS852 TELUS Communications Inc.,T5H,America/Edmonton,
,Orocovis,Orocovis,PR,"18.2269,-66.3910",AS53764 DM Wireless LLC,00720,America/Puerto_Rico,
pool-72-68-68-201.nwrknj.fios.verizon.net,Jersey City,New Jersey,US,"40.7282,-74.0776",AS701 Verizon Business,07097,America/New_York,
host-69-55-120-12.twlakes.net,Jamestown,Tennessee,US,"36.4276,-84.9319",AS19331 Twin Lakes Telephone Cooperative Corporation,38556,America/Chicago,
pool-71-179-98-244.bltmmd.fios.verizon.net,Highland,Maryland,US,"39.1790,-76.9575",AS701 Verizon Business,20777,America/New_York,
,Atlanta,Georgia,US,"33.7490,-84.3880","AS6389 AT&T Enterprises, LLC",30302,America/New_York,
67-61-20-25.cpe.sparklight.net,New York City,New York,US,"40.7143,-74.0060",,10001,America/New_York,
ip68-105-147-182.br.br.cox.net,Baton Rouge,Louisiana,US,"30.4433,-91.1875",AS22773 Cox Communications Inc.,70801,America/Chicago,
ip68-12-93-246.ok.ok.cox.net,Oklahoma City,Oklahoma,US,"35.4676,-97.5164",AS22773 Cox Communications Inc.,73102,America/Chicago,
,Montréal,Quebec,CA,"45.5088,-73.5878",AS577 Bell Canada,H3H,America/Toronto,
47-145-185-226.fdr01.bumt.ca.ip.frontiernet.net,Beaumont,California,US,"33.9295,-116.9772","AS5650 Frontier Communications of America, Inc.",92223,America/Los_Angeles,
,Bossier City,Louisiana,US,"32.5160,-93.7321",AS19108 Optimum,71171,America/Chicago,
p3nwshhv242.prod.phx3.secureserver.net,Phoenix,Arizona,US,"33.4484,-112.0740","AS398101 GoDaddy.com, LLC",85001,America/Phoenix,
45.76.253.244.vultrusercontent.com,Atlanta,Georgia,US,"33.7865,-84.4454","AS20473 The Constant Company, LLC",30318,America/New_York,
45-79-223-135.ip.linodeusercontent.com,Atlanta,Georgia,US,"33.7490,-84.3880",AS63949 Akamai Connected Cloud,30302,America/New_York,
45-79-68-55.ip.linodeusercontent.com,Fremont,California,US,"37.5483,-121.9886",AS63949 Akamai Connected Cloud,94536,America/Los_Angeles,
,Frankfurt am Main,Hesse,DE,"50.1155,8.6842","AS14061 DigitalOcean, LLC",60306,Europe/Berlin,
,Frankfurt am Main,Hesse,DE,"50.1155,8.6842","AS14061 DigitalOcean, LLC",60306,Europe/Berlin,
,Buffalo,New York,US,"42.9685,-78.7492",,14221,America/New_York,
207.246.77.172.vultrusercontent.com,Miami,Florida,US,"25.8130,-80.2320","AS20473 The Constant Company, LLC",33142,America/New_York,
ip228.208-100-26.static.steadfastdns.net,Chicago,Illinois,US,"41.8500,-87.6500",AS32748 Steadfast,60666,America/Chicago,
ip-208-102-183-205.dynamic.fuse.net,Wetherington,Ohio,US,"39.3637,-84.3774",AS6181 Cincinnati Bell Telephone Company LLC,45069,America/New_York,
,Tunapuna,Tunapuna/Piarco,TT,"10.6524,-61.3888",AS27665 Columbus Communications Trinidad Limited.,,America/Port_of_Spain,
mail.lacitelp.ovh,Vaudreuil-Dorion,Quebec,CA,"45.4001,-74.0325",AS16276 OVH SAS,J7V,America/Toronto,
s0106c4509c96a0de.cg.shawcable.net,Calgary,Alberta,CA,"51.0501,-114.0853",AS6327 Shaw Communications Inc.,T3S,America/Edmonton,
ip-192-31-55-200.xplore.ca,Chatham,Ontario,CA,"42.4122,-82.1849",,N7L,America/Toronto,
syn-173-168-255-016.res.spectrum.com,Bradenton,Florida,US,"27.4678,-82.5120","AS33363 Charter Communications, Inc",34208,America/New_York,
d173-238-198-84.home4.cgocable.net,Niagara Falls,Ontario,CA,"43.1001,-79.0663",AS7992 Cogeco Connexion Inc.,L2G,America/Toronto,
pool-173-70-138-214.nwrknj.fios.verizon.net,Union City,New Jersey,US,"40.7796,-74.0238",AS701 Verizon Business,07087,America/New_York,
174-23-27-13.slkc.qwest.net,West Valley City,Utah,US,"40.6916,-112.0011","AS209 CenturyLink Communications, LLC",84119,America/Denver,
,Singapore,Singapore,SG,"1.2897,103.8501","AS16509 Amazon.com, Inc.",018989,Asia/Singapore,
,Amsterdam,North Holland,NL,"52.3740,4.8897","AS14061 DigitalOcean, LLC",1012,Europe/Amsterdam,
,North Bergen,New Jersey,US,"40.8043,-74.0121","AS14061 DigitalOcean, LLC",07047,America/New_York,
db-mongodb-plaid-32ca50b7.mongo.ondigitalocean.com,North Bergen,New Jersey,US,"40.8043,-74.0121","AS14061 DigitalOcean, LLC",07047,America/New_York,
,Amsterdam,North Holland,NL,"52.3740,4.8897","AS14061 DigitalOcean, LLC",1012,Europe/Amsterdam,
,Amsterdam,North Holland,NL,"52.3740,4.8897","AS14061 DigitalOcean, LLC",1012,Europe/Amsterdam,
www.allevyal.eu,Frankfurt am Main,Hesse,DE,"50.1155,8.6842","AS14061 DigitalOcean, LLC",60306,Europe/Berlin,
,Clifton,New Jersey,US,"40.8344,-74.1377","AS14061 DigitalOcean, LLC",07014,America/New_York,
,Santa Clara,California,US,"37.3483,-121.9844","AS14061 DigitalOcean, LLC",95051,America/Los_Angeles,
,London,England,GB,"51.5085,-0.1257","AS14061 DigitalOcean, LLC",E1W,Europe/London,
,North Bergen,New Jersey,US,"40.8043,-74.0121","AS14061 DigitalOcean, LLC",07047,America/New_York,
,North Bergen,New Jersey,US,"40.8043,-74.0121","AS14061 DigitalOcean, LLC",07047,America/New_York,
turbo.turbocar.ro,Frankfurt am Main,Hesse,DE,"50.1155,8.6842","AS14061 DigitalOcean, LLC",60306,Europe/Berlin,
1297795.cloudwaysapps.com,London,England,GB,"51.5085,-0.1257","AS14061 DigitalOcean, LLC",E1W,Europe/London,
perimeter-monitoring-scanner.soc.suny.edu,New York City,New York,US,"40.7143,-74.0060",AS1204 The State University of New York,10001,America/New_York,
136-33-125-194.googlefiber.net,Kansas City,Missouri,US,"39.0997,-94.5786",AS16591 Google Fiber Inc.,64106,America/Chicago,
db-mongodb-nyc3-06351-eadb922f.mongo.ondigitalocean.com,Clifton,New Jersey,US,"40.8344,-74.1377","AS14061 DigitalOcean, LLC",07014,America/New_York,
136-34-214-61.googlefiber.net,Kansas City,Missouri,US,"39.0997,-94.5786",AS16591 Google Fiber Inc.,64106,America/Chicago,
,North Bergen,New Jersey,US,"40.8043,-74.0121","AS14061 DigitalOcean, LLC",07047,America/New_York,
ip174-65-51-75.sd.sd.cox.net,San Diego,California,US,"32.7157,-117.1647",AS22773 Cox Communications Inc.,92101,America/Los_Angeles,
198-46-198-213-host.colocrossing.com,Los Angeles,California,US,"34.0522,-118.2437",AS36352 HostPapa,90009,America/Los_Angeles,
,San Juan,San Juan,PR,"18.4663,-66.1057",AS14638 Liberty Communications of Puerto Rico LLC,00901,America/Puerto_Rico,
ec2-18-217-200-173.us-east-2.compute.amazonaws.com,Columbus,Ohio,US,"39.9612,-82.9988","AS16509 Amazon.com, Inc.",43215,America/New_York,
hwsrv-825380.hostwindsdns.com,Dallas,Texas,US,"32.7831,-96.8067",AS54290 Hostwinds LLC.,75201,America/Chicago,
238.138.238.35.bc.googleusercontent.com,Council Bluffs,Iowa,US,"41.2619,-95.8608",AS396982 Google LLC,51502,America/Chicago,
,Prince George,British Columbia,CA,"53.9166,-122.7530",AS6327 Shaw Communications Inc.,V2L,America/Vancouver,
,Nassau,New Providence,BS,"25.0582,-77.3431",AS15146 Cable Bahamas,,America/Nassau,
mi3-sr2.supercp.com,Detroit,Michigan,US,"42.3314,-83.0457","AS55293 A2 Hosting, Inc.",48226,America/Detroit,
,Rio Claro,Mayaro,TT,"10.3059,-61.1756",AS263222 RVR INTERNATIONAL LIMITED,,America/Port_of_Spain,
96-86-252-6-static.hfc.comcastbusiness.net,Atlanta,Georgia,US,"33.7490,-84.3880","AS7922 Comcast Cable Communications, LLC",30302,America/New_York,
,Boston,Massachusetts,US,"42.3584,-71.0598","AS7922 Comcast Cable Communications, LLC",02108,America/New_York,
pool-96-234-157-38.bltmmd.fios.verizon.net,Catonsville,Maryland,US,"39.2721,-76.7319",AS701 Verizon Business,21228,America/New_York,
,Atlanta,Georgia,US,"33.7490,-84.3880",AS212238 Datacamp Limited,30302,America/New_York,
99-69-95-226.lightspeed.cicril.sbcglobal.net,Gary,Indiana,US,"41.5422,-87.3588","AS7018 AT&T Enterprises, LLC",46408,America/Chicago,
99-6-70-224.lightspeed.livnmi.sbcglobal.net,Northville,Michigan,US,"42.4312,-83.4833","AS7018 AT&T Enterprises, LLC",48167,America/Detroit,
pool-99-252-74-162.cpe.net.cable.rogers.com,Willowdale,Ontario,CA,"43.7667,-79.3991",AS812 Rogers Communications Canada Inc.,M2N,America/Toronto,
99-148-135-55.lightspeed.knvltn.sbcglobal.net,Knoxville,Tennessee,US,"35.9244,-84.0015","AS7018 AT&T Enterprises, LLC",37919,America/New_York,
,Santa Clara,California,US,"37.3483,-121.9844","AS14061 DigitalOcean, LLC",95051,America/Los_Angeles,
,Santa Clara,California,US,"37.3483,-121.9844","AS14061 DigitalOcean, LLC",95051,America/Los_Angeles,
104-185-180-65.lightspeed.austtx.sbcglobal.net,Austin,Texas,US,"30.3223,-97.7390","AS7018 AT&T Enterprises, LLC",78756,America/Chicago,
,Frankfurt am Main,Hesse,DE,"50.1155,8.6842","AS14061 DigitalOcean, LLC",60306,Europe/Berlin,
,Frankfurt am Main,Hesse,DE,"50.1155,8.6842","AS14061 DigitalOcean, LLC",60306,Europe/Berlin,
dynamic.libertypr.net,Fajardo,Fajardo,PR,"18.3258,-65.6524",AS14638 Liberty Communications of Puerto Rico LLC,00738,America/Puerto_Rico,
host-24-207-79-42.public.eastlink.ca,Ladner,British Columbia,CA,"49.0894,-123.0824",AS11260 EastLink,V4K,America/Vancouver,
,Fajardo,Fajardo,PR,"18.3258,-65.6524",AS14638 Liberty Communications of Puerto Rico LLC,00738,America/Puerto_Rico,
205.83.87.34.bc.googleusercontent.com,Singapore,Singapore,SG,"1.2897,103.8501",AS396982 Google LLC,018989,Asia/Singapore,
,Tigard,Oregon,US,"45.4312,-122.7715",AS20055 Wholesail networks LLC,97223,America/Los_Angeles,
syn-047-013-078-054.res.spectrum.com,McKenzie,Tennessee,US,"36.1326,-88.5187",AS20115 Charter Communications LLC,38201,America/Chicago,
45.77.107.197.vultrusercontent.com,Piscataway,New Jersey,US,"40.4993,-74.3990","AS20473 The Constant Company, LLC",08854,America/New_York,
,Phoenix,Arizona,US,"33.4665,-111.9984",AS31898 Oracle Corporation,85008,America/Phoenix,
,Ashburn,Virginia,US,"39.0437,-77.4875",AS31898 Oracle Corporation,20147,America/New_York,
customer.krypt.com,Los Angeles,California,US,"34.0522,-118.2437",AS35908 Krypt Technologies,90009,America/Los_Angeles,
research.esrg.stanford.edu,Palo Alto,California,US,"37.4419,-122.1430",AS32 Stanford University,94301,America/Los_Angeles,
,North Bergen,New Jersey,US,"40.8043,-74.0121","AS14061 DigitalOcean, LLC",07047,America/New_York,
99-42-89-65.lightspeed.jcvlfl.sbcglobal.net,Jacksonville,Florida,US,"30.2933,-81.5092","AS7018 AT&T Enterprises, LLC",32246,America/New_York,
research.esrg.stanford.edu,Palo Alto,California,US,"37.4419,-122.1430",AS32 Stanford University,94301,America/Los_Angeles,
research.esrg.stanford.edu,Palo Alto,California,US,"37.4419,-122.1430",AS32 Stanford University,94301,America/Los_Angeles,
research.esrg.stanford.edu,Palo Alto,California,US,"37.4419,-122.1430",AS32 Stanford University,94301,America/Los_Angeles,
research.esrg.stanford.edu,Palo Alto,California,US,"37.4419,-122.1430",AS32 Stanford University,94301,America/Los_Angeles,
research.esrg.stanford.edu,Palo Alto,California,US,"37.4419,-122.1430",AS32 Stanford University,94301,America/Los_Angeles,
ip98-168-224-190.om.om.cox.net,Omaha,Nebraska,US,"41.2563,-95.9404",AS22773 Cox Communications Inc.,68101,America/Chicago,
,Clifton,New Jersey,US,"40.8344,-74.1377","AS14061 DigitalOcean, LLC",07014,America/New_York,
pool-173-54-113-173.nwrknj.fios.verizon.net,Hackensack,New Jersey,US,"40.8859,-74.0435",AS701 Verizon Business,07601,America/New_York,
376861.cloudwaysapps.com,North Bergen,New Jersey,US,"40.8043,-74.0121","AS14061 DigitalOcean, LLC",07047,America/New_York,
mail2.dameroslo.com,Las Vegas,Nevada,US,"36.1750,-115.1372",AS53667 FranTech Solutions,89111,America/Los_Angeles,
199-101-121-19-dynamic.northstate.net,Canton,Ohio,US,"40.8120,-81.4241","AS22709 North State Telephone, LLC",44708,America/New_York,
,Edmonton,Alberta,CA,"53.5501,-113.4687",AS852 TELUS Communications Inc.,T5H,America/Edmonton,
75-39-23-245.lightspeed.drbrmi.sbcglobal.net,Dearborn,Michigan,US,"42.2941,-83.2536","AS7018 AT&T Enterprises, LLC",48124,America/Detroit,
research.esrg.stanford.edu,Palo Alto,California,US,"37.4419,-122.1430",AS32 Stanford University,94301,America/Los_Angeles,
research.esrg.stanford.edu,Palo Alto,California,US,"37.4419,-122.1430",AS32 Stanford University,94301,America/Los_Angeles,
134.56.180.195.hwccustomers.com,El Segundo,California,US,"33.9728,-118.4276",AS23089 Hotwire Communications,90094,America/Los_Angeles,
,Amsterdam,North Holland,NL,"52.3740,4.8897","AS14061 DigitalOcean, LLC",1012,Europe/Amsterdam,
,North Bergen,New Jersey,US,"40.8043,-74.0121","AS14061 DigitalOcean, LLC",07047,America/New_York,
bras-base-toroon0628w-grc-48-142-112-143-210.dsl.bell.ca,Toronto,Ontario,CA,"43.7064,-79.3986",AS577 Bell Canada,M5A,America/Toronto,
,North Bergen,New Jersey,US,"40.8043,-74.0121","AS14061 DigitalOcean, LLC",07047,America/New_York,
108-237-60-93.lightspeed.hstntx.sbcglobal.net,Houston,Texas,US,"29.7971,-95.4958","AS7018 AT&T Enterprises, LLC",77055,America/Chicago,
,Ottawa,Ontario,CA,"45.4112,-75.6981",AS577 Bell Canada,K1R,America/Toronto,
research.esrg.stanford.edu,Palo Alto,California,US,"37.4419,-122.1430",AS32 Stanford University,94301,America/Los_Angeles,
research.esrg.stanford.edu,Palo Alto,California,US,"37.4419,-122.1430",AS32 Stanford University,94301,America/Los_Angeles,
research.esrg.stanford.edu,Palo Alto,California,US,"37.4419,-122.1430",AS32 Stanford University,94301,America/Los_Angeles,
research.esrg.stanford.edu,Palo Alto,California,US,"37.4419,-122.1430",AS32 Stanford University,94301,America/Los_Angeles,
research.esrg.stanford.edu,Palo Alto,California,US,"37.4419,-122.1430",AS32 Stanford University,94301,America/Los_Angeles,
research.esrg.stanford.edu,Palo Alto,California,US,"37.4419,-122.1430",AS32 Stanford University,94301,America/Los_Angeles,
syn-097-096-178-075.biz.spectrum.com,Wesley Chapel,Florida,US,"28.2397,-82.3279","AS33363 Charter Communications, Inc",33543,America/New_York,
c-68-57-154-160.hsd1.al.comcast.net,Mobile,Alabama,US,"30.6944,-88.0430","AS7922 Comcast Cable Communications, LLC",36601,America/Chicago,
d14-69-8-145.try.wideopenwest.com,Sterling Heights,Michigan,US,"42.5803,-83.0302",AS12083 WideOpenWest Finance LLC,48311,America/Detroit,
mail.itiengineering.com,Sanford,Florida,US,"28.8006,-81.2731","AS33363 Charter Communications, Inc",32771,America/New_York,
c-73-78-207-1.hsd1.co.comcast.net,Colorado Springs,Colorado,US,"38.8339,-104.8214","AS7922 Comcast Cable Communications, LLC",80901,America/Denver,
syn-074-137-240-040.res.spectrum.com,Lexington,Kentucky,US,"38.0102,-84.4274",AS10796 Charter Communications Inc,40509,America/New_York,
158-242-63-74.static.reverse.lstn.net,Dallas,Texas,US,"32.7831,-96.8067","AS46475 Limestone Networks, Inc.",75201,America/Chicago,
,Colorado Springs,Colorado,US,"38.8339,-104.8214","AS7922 Comcast Cable Communications, LLC",80901,America/Denver,
syn-096-058-012-043.res.spectrum.com,Carrollwood Village,Florida,US,"28.0675,-82.5209","AS33363 Charter Communications, Inc",33624,America/New_York,
ip70-190-11-210.ph.ph.cox.net,Phoenix,Arizona,US,"33.4484,-112.0740",AS22773 Cox Communications Inc.,85001,America/Phoenix,
,North Bergen,New Jersey,US,"40.8043,-74.0121","AS14061 DigitalOcean, LLC",07047,America/New_York,
,Amsterdam,North Holland,NL,"52.3740,4.8897","AS14061 DigitalOcean, LLC",1012,Europe/Amsterdam,
mail.emailms.com,Dallas,Texas,US,"32.7831,-96.8067",AS54290 Hostwinds LLC.,75201,America/Chicago,
ec2-3-14-254-187.us-east-2.compute.amazonaws.com,Columbus,Ohio,US,"39.9612,-82.9988","AS16509 Amazon.com, Inc.",43215,America/New_York,
ec2-18-144-25-116.us-west-1.compute.amazonaws.com,San Jose,California,US,"37.3394,-121.8950","AS16509 Amazon.com, Inc.",95025,America/Los_Angeles,
,Tseung Kwan O,Sai Kung,HK,"22.3279,114.2499",AS138415 Yancy Limited,999077,Asia/Hong_Kong,
,Charneca,Lisbon,PT,"38.7835,-9.1435",AS207990 HostRoyale Technologies Pvt Ltd,2750-521,Europe/Lisbon,
c-24-125-118-156.hsd1.ga.comcast.net,Atlanta,Georgia,US,"33.7490,-84.3880","AS7922 Comcast Cable Communications, LLC",30302,America/New_York,
host-24-246-144-186.morrisbb.com,Hendersonville,North Carolina,US,"35.3187,-82.4609",AS53488 Optimum Online,28739,America/New_York,
ec2-35-167-19-39.us-west-2.compute.amazonaws.com,Boardman,Oregon,US,"45.8399,-119.7006","AS16509 Amazon.com, Inc.",97818,America/Los_Angeles,
,Everett,Washington,US,"47.9790,-122.2021",AS20055 Wholesail networks LLC,98207,America/Los_Angeles,
50-198-58-246-static.hfc.comcastbusiness.net,Chicago,Illinois,US,"41.8500,-87.6500","AS7922 Comcast Cable Communications, LLC",60666,America/Chicago,
,Amsterdam,North Holland,NL,"52.3740,4.8897","AS14061 DigitalOcean, LLC",1012,Europe/Amsterdam,
157-131-131-54.static.sonic.net,San Francisco,California,US,"37.7749,-122.4194",AS46375 Sonic Telecom LLC,94102,America/Los_Angeles,
researchscan514.eecs.umich.edu,Ann Arbor,Michigan,US,"42.2776,-83.7409",AS36375 University of Michigan,48109,America/Detroit,
arcaneprophet.com,London,England,GB,"51.5085,-0.1257","AS14061 DigitalOcean, LLC",E1W,Europe/London,
,North Bergen,New Jersey,US,"40.8043,-74.0121","AS14061 DigitalOcean, LLC",07047,America/New_York,
,Luxembourg,Luxembourg,LU,"49.6117,6.1300",AS6661 POST Luxembourg,L-1114,Europe/Luxembourg,
,Bishop,California,US,"37.3635,-118.3951",AS19108 Optimum,93515,America/Los_Angeles,
ip-208-102-122-150.dynamic.fuse.net,Blue Ash,Ohio,US,"39.2320,-84.3783",AS6181 Cincinnati Bell Telephone Company LLC,45236,America/New_York,
kartinls.top,Las Vegas,Nevada,US,"36.1750,-115.1372",AS53667 FranTech Solutions,89111,America/Los_Angeles,
syn-172-114-000-116.res.spectrum.com,Bellflower,California,US,"33.8867,-118.1265",AS20001 Charter Communications Inc,90706,America/Los_Angeles,
,Santa Clara,California,US,"37.3483,-121.9844","AS14061 DigitalOcean, LLC",95051,America/Los_Angeles,
server.testhost.com,New York City,New York,US,"40.7143,-74.0060","AS19318 Interserver, Inc",10001,America/New_York,
107-198-14-61.lightspeed.sndgca.sbcglobal.net,San Diego,California,US,"32.7423,-117.0947","AS7018 AT&T Enterprises, LLC",92105,America/Los_Angeles,
108-195-237-215.lightspeed.hstntx.sbcglobal.net,Galveston,Texas,US,"29.2243,-94.9637","AS7018 AT&T Enterprises, LLC",77554,America/Chicago,
108-252-200-106.lightspeed.okcbok.sbcglobal.net,Oklahoma City,Oklahoma,US,"35.4676,-97.5164","AS7018 AT&T Enterprises, LLC",73102,America/Chicago,
syn-104-175-067-100.res.spectrum.com,Yuma,Arizona,US,"32.7015,-114.6424",AS20001 Charter Communications Inc,85364,America/Phoenix,
,Council Bluffs,Iowa,US,"41.2619,-95.8608",AS46650 Columbus Communications Grenada Ltd.,51502,America/Chicago,
,San Francisco,California,US,"37.7621,-122.3971","AS13335 Cloudflare, Inc.",94107,America/Los_Angeles,
,San Francisco,California,US,"37.7621,-122.3971","AS13335 Cloudflare, Inc.",94107,America/Los_Angeles,
96-88-55-242-static.hfc.comcastbusiness.net,Houston,Texas,US,"29.7633,-95.3633","AS7922 Comcast Cable Communications, LLC",77002,America/Chicago,
,Singapore,Singapore,SG,"1.2897,103.8501",AS59253 LEASEWEB SINGAPORE PTE. LTD.,018989,Asia/Singapore,
syn-097-088-021-018.res.spectrum.com,Waite Park,Minnesota,US,"45.5572,-94.2242",AS20115 Charter Communications LLC,56387,America/Chicago,
1hjf.alisha.uk.com,Los Angeles,California,US,"34.0443,-118.2509",,90014,America/Los_Angeles,
c-98-195-108-175.hsd1.tx.comcast.net,Houston,Texas,US,"29.7633,-95.3633","AS7922 Comcast Cable Communications, LLC",77002,America/Chicago,
c-98-222-254-140.hsd1.il.comcast.net,Chicago,Illinois,US,"41.8500,-87.6500","AS7922 Comcast Cable Communications, LLC",60666,America/Chicago,
syn-096-058-059-016.res.spectrum.com,Carrollwood,Florida,US,"28.0500,-82.4929","AS33363 Charter Communications, Inc",33618,America/New_York,
c-76-102-103-39.hsd1.ca.comcast.net,San Jose,California,US,"37.3394,-121.8950","AS7922 Comcast Cable Communications, LLC",95025,America/Los_Angeles,
syn-075-131-251-197.res.spectrum.com,Covington,Louisiana,US,"30.4876,-90.0959",AS20115 Charter Communications LLC,70433,America/Chicago,
syn-076-170-093-181.res.spectrum.com,La Mirada,California,US,"33.9067,-118.0101",AS20001 Charter Communications Inc,90638,America/Los_Angeles,
syn-072-188-149-019.biz.spectrum.com,Orlando,Florida,US,"28.5801,-81.4846","AS33363 Charter Communications, Inc",32818,America/New_York,
c-73-160-51-226.hsd1.nj.comcast.net,Victory Lakes,New Jersey,US,"39.6332,-74.9660","AS7922 Comcast Cable Communications, LLC",08094,America/New_York,
c-73-49-77-3.hsd1.fl.comcast.net,Boynton Beach,Florida,US,"26.5253,-80.0664","AS7922 Comcast Cable Communications, LLC",33424,America/New_York,
c-73-7-169-225.hsd1.ga.comcast.net,Atlanta,Georgia,US,"33.7490,-84.3880","AS7922 Comcast Cable Communications, LLC",30302,America/New_York,
syn-069-135-169-161.res.spectrum.com,Galion,Ohio,US,"40.7337,-82.7899",AS10796 Charter Communications Inc,44833,America/New_York,
71-131-86-194.lightspeed.tukrga.sbcglobal.net,Clarkston,Georgia,US,"33.8096,-84.2396","AS7018 AT&T Enterprises, LLC",30021,America/New_York,
syn-068-113-075-214.res.spectrum.com,Decatur,Alabama,US,"34.5484,-87.0004",AS20115 Charter Communications LLC,35603,America/Chicago,
,North Bergen,New Jersey,US,"40.8043,-74.0121","AS14061 DigitalOcean, LLC",07047,America/New_York,
47-196-44-142.fdr01.alfa.fl.ip.frontiernet.net,Riverview,Florida,US,"27.8661,-82.3265","AS5650 Frontier Communications of America, Inc.",33569,America/New_York,
47-195-231-154.fdr01.srst.fl.ip.frontiernet.net,Sarasota,Florida,US,"27.3364,-82.5306","AS5650 Frontier Communications of America, Inc.",34230,America/New_York,
,New York City,New York,US,"40.7143,-74.0060","AS7922 Comcast Cable Communications, LLC",10001,America/New_York,
45-72-164-248.cpe.teksavvy.com,Montréal,Quebec,CA,"45.5088,-73.5878","AS5645 TekSavvy Solutions, Inc.",H3H,America/Toronto,
ec2-18-191-156-39.us-east-2.compute.amazonaws.com,Columbus,Ohio,US,"39.9612,-82.9988","AS16509 Amazon.com, Inc.",43215,America/New_York,
syn-023-243-149-241.res.spectrum.com,Santa Monica,California,US,"34.0268,-118.4733",AS20001 Charter Communications Inc,90404,America/Los_Angeles,
syn-024-181-189-137.res.spectrum.com,Union,Connecticut,US,"41.8890,-72.1476",AS20115 Charter Communications LLC,06278,America/New_York,
ool-18bac3d2.dyn.optonline.net,Holbrook,New York,US,"40.8123,-73.0784",AS6128 Cablevision Systems Corp.,11741,America/New_York,
cnq24-202.cablevision.qc.ca,Rouyn-Noranda,Quebec,CA,"48.2366,-79.0231",AS35911 Telebec,J9Y,America/Toronto,
dynamic.libertypr.net,San Juan,San Juan,PR,"18.4663,-66.1057",AS14638 Liberty Communications of Puerto Rico LLC,00901,America/Puerto_Rico,
45.77.187.135.vultrusercontent.com,Santa Clara,California,US,"37.3924,-121.9623","AS20473 The Constant Company, LLC",95054,America/Los_Angeles,
45.77.186.88.vultrusercontent.com,Santa Clara,California,US,"37.3924,-121.9623","AS20473 The Constant Company, LLC",95054,America/Los_Angeles,
47-185-212-233.dlls.tx.frontiernet.net,Plano,Texas,US,"33.0198,-96.6989","AS5650 Frontier Communications of America, Inc.",75026,America/Chicago,
47-144-24-174.lsan.ca.frontiernet.net,Camarillo,California,US,"34.2164,-119.0376","AS5650 Frontier Communications of America, Inc.",93011,America/Los_Angeles,
coleb.org,New York City,New York,US,"40.7143,-74.0060","AS3549 Level 3 Parent, LLC",10001,America/New_York,
,Moses Lake,Washington,US,"47.1301,-119.2781",AS8075 Microsoft Corporation,98837,America/Los_Angeles,
pool-173-54-47-57.nwrknj.fios.verizon.net,Toms River,New Jersey,US,"39.9537,-74.1979",AS701 Verizon Business,08753,America/New_York,
,Seattle,Washington,US,"47.6339,-122.3476",,98109,America/Los_Angeles,
149.28.194.9.vultrusercontent.com,Santa Clara,California,US,"37.3924,-121.9623","AS20473 The Constant Company, LLC",95054,America/Los_Angeles,
desertwingtemp.wpmudev.host,Santa Clara,California,US,"37.3924,-121.9623","AS20473 The Constant Company, LLC",95054,America/Los_Angeles,
149.28.212.166.vultrusercontent.com,Santa Clara,California,US,"37.3924,-121.9623","AS20473 The Constant Company, LLC",95054,America/Los_Angeles,
hwsrv-804189.hostwindsdns.com,Dallas,Texas,US,"32.7831,-96.8067",AS54290 Hostwinds LLC.,75201,America/Chicago,
,Dallas,Texas,US,"32.7831,-96.8067",AS16504 Granite Telecommunications LLC,75201,America/Chicago,
1145005.cloudwaysapps.com,London,England,GB,"51.5085,-0.1257","AS14061 DigitalOcean, LLC",E1W,Europe/London,
,London,England,GB,"51.5085,-0.1257","AS14061 DigitalOcean, LLC",E1W,Europe/London,
syn-142-129-231-095.res.spectrum.com,Pomona,California,US,"34.0662,-117.7763",AS20001 Charter Communications Inc,91768,America/Los_Angeles,
,London,England,GB,"51.5085,-0.1257","AS14061 DigitalOcean, LLC",E1W,Europe/London,
,Santa Clara,California,US,"37.3483,-121.9844","AS14061 DigitalOcean, LLC",95051,America/Los_Angeles,
pool-108-50-19-247.sctnpa.east.verizon.net,Nanticoke,Pennsylvania,US,"41.2054,-76.0049",AS701 Verizon Business,18634,America/New_York,
104-11-42-193.lightspeed.frokca.sbcglobal.net,Fair Oaks,California,US,"38.6446,-121.2722","AS7018 AT&T Enterprises, LLC",95628,America/Los_Angeles,
c-98-192-29-50.hsd1.ga.comcast.net,Atlanta,Georgia,US,"33.7490,-84.3880","AS7922 Comcast Cable Communications, LLC",30302,America/New_York,
99-89-104-130.lightspeed.cicril.sbcglobal.net,Grayslake,Illinois,US,"42.3445,-88.0417","AS7018 AT&T Enterprises, LLC",60030,America/Chicago,
,Chattanooga,Tennessee,US,"35.0456,-85.3097","AS7922 Comcast Cable Communications, LLC",37401,America/New_York,
,New York City,New York,US,"40.7143,-74.0060","AS36007 Kamatera, Inc.",10001,America/New_York,
208-115-109-42.reverse.wowrack.com,Seattle,Washington,US,"47.4889,-122.3012",AS27323 Wowrack.com,98168,America/Los_Angeles,
dhcp-60-db-98-2c-2-46.cpe.townisp.com,Shrewsbury,Massachusetts,US,"42.2959,-71.7129",AS26292 Shrewsbury Electric and Cable Operations,01545,America/New_York,
184-102-90-76.iplx.qwest.net,Mount Joy,Pennsylvania,US,"40.1098,-76.5033","AS209 CenturyLink Communications, LLC",17552,America/New_York,
c-76-110-33-196.hsd1.fl.comcast.net,Pembroke Pines,Florida,US,"26.0032,-80.2239","AS7922 Comcast Cable Communications, LLC",33082,America/New_York,
,Atlanta,Georgia,US,"33.7490,-84.3880",AS12083 WideOpenWest Finance LLC,30302,America/New_York,
c-73-214-82-178.hsd1.pa.comcast.net,Monroeville,Pennsylvania,US,"40.4212,-79.7881","AS7922 Comcast Cable Communications, LLC",15146,America/New_York,
,Thornton,Colorado,US,"39.8680,-104.9719","AS7922 Comcast Cable Communications, LLC",80241,America/Denver,
c-73-233-243-92.hsd1.pa.comcast.net,Philadelphia,Pennsylvania,US,"39.9524,-75.1636","AS7922 Comcast Cable Communications, LLC",19099,America/New_York,
,Montréal,Quebec,CA,"45.5088,-73.5878",AS40224 Selectcom Telecom,H3H,America/Toronto,
,New York City,New York,US,"40.7143,-74.0060","AS19318 Interserver, Inc",10001,America/New_York,
,Los Angeles,California,US,"34.0522,-118.2437",AS46844 Sharktech,90009,America/Los_Angeles,
host-67-212-249-114.twlakes.net,Decatur,Alabama,US,"34.6059,-86.9833",AS19331 Twin Lakes Telephone Cooperative Corporation,35602,America/Chicago,
71-128-145-64.lightspeed.rcsntx.sbcglobal.net,Frisco,Texas,US,"33.1507,-96.8236","AS7018 AT&T Enterprises, LLC",75034,America/Chicago,
ip-72-49-7-192.dynamic.fuse.net,Cincinnati,Ohio,US,"39.1271,-84.5144",AS6181 Cincinnati Bell Telephone Company LLC,45219,America/New_York,
tom.propst.co,North Bergen,New Jersey,US,"40.8043,-74.0121","AS14061 DigitalOcean, LLC",07047,America/New_York,
149.28.201.170.vultrusercontent.com,Santa Clara,California,US,"37.3924,-121.9623","AS20473 The Constant Company, LLC",95054,America/Los_Angeles,
,Altamonte Springs,Florida,US,"28.6611,-81.3656",AS12083 WideOpenWest Finance LLC,32701,America/New_York,
,Carolina,Carolina,PR,"18.3808,-65.9574",AS14638 Liberty Communications of Puerto Rico LLC,00983,America/Puerto_Rico,
86.165.242.35.bc.googleusercontent.com,London,England,GB,"51.5085,-0.1257",AS396982 Google LLC,E1W,Europe/London,
184-13-86-91.dr01.clbg.wv.frontiernet.net,Charleston,West Virginia,US,"38.3498,-81.6326","AS5650 Frontier Communications of America, Inc.",25301,America/New_York,
,Amsterdam,North Holland,NL,"52.3740,4.8897","AS14061 DigitalOcean, LLC",1012,Europe/Amsterdam,
100-32-176-179.b48626016a7bea03cb4d599a1f566912.ip.frontiernet.net,Ashburn,Virginia,US,"39.0437,-77.4875",,20147,America/New_York,
,Lake Butler,Florida,US,"28.5017,-81.5409",AS23314 Summit Broadband,32054,America/New_York,
96-8-174-122.block0.gvtc.com,Boerne,Texas,US,"29.7947,-98.7320","AS16527 Guadalupe Valley Telephone Cooperative, Inc.",78006,America/Chicago,
mta0.privateislands.xyz,Los Angeles,California,US,"34.0443,-118.2509",,90014,America/Los_Angeles,
,Olney,Maryland,US,"39.1532,-77.0669","AS7922 Comcast Cable Communications, LLC",20830,America/New_York,
,Miami,Florida,US,"25.7763,-80.2919","AS7018 AT&T Enterprises, LLC",33126,America/New_York,
ip68-5-99-175.oc.oc.cox.net,Rancho Santa Margarita,California,US,"33.6409,-117.6031",AS22773 Cox Communications Inc.,92688,America/Los_Angeles,
bras-base-pcngon6232w-grc-59-65-94-104-19.dsl.bell.ca,Ajax,Ontario,CA,"43.8501,-79.0329",AS577 Bell Canada,L1S,America/Toronto,
syn-066-025-146-020.res.spectrum.com,San Antonio,Texas,US,"29.5334,-98.4975",AS11427 Charter Communications Inc,78216,America/Chicago,
66.42.83.134.vultrusercontent.com,Atlanta,Georgia,US,"33.7865,-84.4454","AS20473 The Constant Company, LLC",30318,America/New_York,
ec2-54-212-59-26.us-west-2.compute.amazonaws.com,Boardman,Oregon,US,"45.8399,-119.7006","AS16509 Amazon.com, Inc.",97818,America/Los_Angeles,
67-61-221-216.cpe.sparklight.net,Nampa,Idaho,US,"43.5407,-116.5635","AS11492 CABLE ONE, INC.",83686,America/Boise,
dynamic.libertypr.net,San Juan,San Juan,PR,"18.4663,-66.1057",AS14638 Liberty Communications of Puerto Rico LLC,00901,America/Puerto_Rico,
pool-72-88-183-219.nwrknj.fios.verizon.net,Newark,New Jersey,US,"40.7357,-74.1724",AS701 Verizon Business,07102,America/New_York,
pool-74-96-102-215.washdc.fios.verizon.net,Arlington,Virginia,US,"38.8810,-77.1043",AS701 Verizon Business,22210,America/New_York,
,North Bergen,New Jersey,US,"40.8043,-74.0121","AS14061 DigitalOcean, LLC",07047,America/New_York,
104-182-17-155.lightspeed.jcsnms.sbcglobal.net,Jackson,Mississippi,US,"32.2988,-90.1848","AS7018 AT&T Enterprises, LLC",39201,America/Chicago,
syn-104-033-013-036.res.spectrum.com,Anaheim,California,US,"33.8353,-117.9145",AS20001 Charter Communications Inc,92805,America/Los_Angeles,
75-16-169-109.lightspeed.lbcktx.sbcglobal.net,Lubbock,Texas,US,"33.5693,-101.8904","AS7018 AT&T Enterprises, LLC",79410,America/Chicago,
static-76-77-25-100.networklubbock.net,Pecos,Texas,US,"31.4229,-103.4932","AS23546 Delcom, Inc.",79772,America/Chicago,
syn-076-173-250-090.res.spectrum.com,Honolulu,Hawaii,US,"21.3488,-157.8759",AS20001 Charter Communications Inc,96819,Pacific/Honolulu,
c-73-189-26-33.hsd1.ca.comcast.net,Santa Cruz,California,US,"36.9741,-122.0308","AS7922 Comcast Cable Communications, LLC",95061,America/Los_Angeles,
r74-193-166-172.lkchcmta01.lkchla.by.dh.suddenlink.net,DeRidder,Louisiana,US,"30.8463,-93.2891",AS19108 Optimum,70634,America/Chicago,
ip72-220-188-12.sd.sd.cox.net,San Diego,California,US,"32.7157,-117.1647",AS22773 Cox Communications Inc.,92101,America/Los_Angeles,
syn-072-045-138-100.biz.spectrum.com,Rochester,New York,US,"43.1548,-77.6156",AS11351 Charter Communications Inc,14604,America/New_York,
s0106b85e714e0c70.cg.shawcable.net,Calgary,Alberta,CA,"51.0501,-114.0853",AS6327 Shaw Communications Inc.,T3S,America/Edmonton,
,Clifton,New Jersey,US,"40.8344,-74.1377","AS14061 DigitalOcean, LLC",07014,America/New_York,
804997.cloudwaysapps.com,Toronto,Ontario,CA,"43.7064,-79.3986","AS14061 DigitalOcean, LLC",M5A,America/Toronto,
syn-074-079-046-195.res.spectrum.com,Utica,New York,US,"43.1009,-75.2327",AS11351 Charter Communications Inc,13502,America/New_York,
mctnnbsa77w-99-192-32-46.dhcp-dynamic.fibreop.nb.bellaliant.net,Port Hawkesbury,Nova Scotia,CA,"45.6165,-61.3564",AS855 Bell Canada,B9A,America/Halifax,
syn-108-188-179-249.biz.spectrum.com,Kissimmee,Florida,US,"28.3047,-81.4167","AS33363 Charter Communications, Inc",34741,America/New_York,
75.80.148.132.host.secureserver.net,Phoenix,Arizona,US,"33.4484,-112.0740","AS26496 GoDaddy.com, LLC",85001,America/Phoenix,
,Ashburn,Virginia,US,"39.0437,-77.4875",AS16276 OVH SAS,20147,America/New_York,
,Cape Charles,Virginia,US,"37.2701,-76.0165",AS29886 Eastern Shore of Virginia Broadband Authority,23310,America/New_York,
,Miami,Florida,US,"25.7743,-80.1937",AS29066 velia.net Internetdienste GmbH,33101,America/New_York,
,Honolulu,Hawaii,US,"21.3069,-157.8583",AS19233 Dialogix Telecom,96802,Pacific/Honolulu,
184-98-141-15.phnx.qwest.net,Phoenix,Arizona,US,"33.4484,-112.0740","AS209 CenturyLink Communications, LLC",85001,America/Phoenix,
,Tseung Kwan O,Sai Kung,HK,"22.3279,114.2499",AS134548 DXTL Tseung Kwan O Service,999077,Asia/Hong_Kong,
29.231.71.198.host.secureserver.net,Ashburn,Virginia,US,"39.0437,-77.4875","AS400754 GoDaddy.com, LLC",20147,America/New_York,
klarify.me,London,England,GB,"51.5085,-0.1257","AS14061 DigitalOcean, LLC",E1W,Europe/London,
,London,England,GB,"51.5085,-0.1257","AS14061 DigitalOcean, LLC",E1W,Europe/London,
,London,England,GB,"51.5085,-0.1257","AS14061 DigitalOcean, LLC",E1W,Europe/London,
,London,England,GB,"51.5085,-0.1257","AS14061 DigitalOcean, LLC",E1W,Europe/London,
,London,England,GB,"51.5085,-0.1257","AS14061 DigitalOcean, LLC",E1W,Europe/London,
,Ashburn,Virginia,US,"39.0437,-77.4875",AS31898 Oracle Corporation,20147,America/New_York,
,Vancouver,British Columbia,CA,"49.2497,-123.1193","AS18875 Questzone.Net, Inc.",V5Y,America/Vancouver,
173-218-149-172.mid.dyn.suddenlink.net,Jonesboro,Arkansas,US,"35.8423,-90.7043",AS19108 Optimum,72401,America/Chicago,
,Santa Clara,California,US,"37.3483,-121.9844","AS14061 DigitalOcean, LLC",95051,America/Los_Angeles,
,Las Vegas,Nevada,US,"36.1750,-115.1372",AS53667 FranTech Solutions,89111,America/Los_Angeles,
23-125-17-26.lightspeed.tukrga.sbcglobal.net,Marietta,Georgia,US,"34.0025,-84.4633","AS7018 AT&T Enterprises, LLC",30062,America/New_York,
23-239-4-28.ip.linodeusercontent.com,Fremont,California,US,"37.5483,-121.9886",AS63949 Akamai Connected Cloud,94536,America/Los_Angeles,
211-120-237-24.static.gci.net,Fairbanks,Alaska,US,"64.8378,-147.7164","AS8047 GENERAL COMMUNICATION, INC.",99701,America/Anchorage,
,Herndon,Virginia,US,"38.9839,-77.3675",AS6079 RCN,20170,America/New_York,
,Nassau,New Providence,BS,"25.0582,-77.3431",AS15146 Cable Bahamas,,America/Nassau,
s0106087e6421a243.ek.shawcable.net,Cranbrook,British Columbia,CA,"49.4999,-115.7688",AS6327 Shaw Communications Inc.,V1C,America/Edmonton,
host-24-89-239-72.public.eastlink.ca,Dartmouth,Nova Scotia,CA,"44.6713,-63.5772",AS11260 EastLink,B3A,America/Halifax,
ec2-34-239-101-77.compute-1.amazonaws.com,Ashburn,Virginia,US,"39.0437,-77.4875","AS14618 Amazon.com, Inc.",20147,America/New_York,
105.76.87.34.bc.googleusercontent.com,Singapore,Singapore,SG,"1.2897,103.8501",AS396982 Google LLC,018989,Asia/Singapore,
192.230.90.34.bc.googleusercontent.com,Groningen,Groningen,NL,"53.2192,6.5667",AS396982 Google LLC,9711,Europe/Amsterdam,
,Houston,Texas,US,"29.7633,-95.3633","AS7922 Comcast Cable Communications, LLC",77002,America/Chicago,
d50-92-93-139.bchsia.telus.net,Powell River,British Columbia,CA,"49.8328,-124.5237",AS852 TELUS Communications Inc.,V8A,America/Vancouver,
syn-072-229-230-118.res.spectrum.com,New York City,New York,US,"40.7611,-73.8916",AS12271 Charter Communications Inc,11370,America/New_York,
c-73-179-105-92.hsd1.fl.comcast.net,Miami Gardens,Florida,US,"25.9420,-80.2456","AS7922 Comcast Cable Communications, LLC",33056,America/New_York,
c-73-72-38-146.hsd1.il.comcast.net,Oak Lawn,Illinois,US,"41.7109,-87.7581","AS7922 Comcast Cable Communications, LLC",60453,America/Chicago,
,Seattle,Washington,US,"47.5413,-122.3129","AS16509 Amazon.com, Inc.",98108,America/Los_Angeles,
bras-base-ckvlon1754w-grc-50-76-68-129-4.dsl.bell.ca,St. Catharines,Ontario,CA,"43.1713,-79.2427",AS577 Bell Canada,L2N,America/Toronto,
c-98-217-27-232.hsd1.ma.comcast.net,West Hartford,Connecticut,US,"41.7620,-72.7420","AS7922 Comcast Cable Communications, LLC",06107,America/New_York,
pool-99-235-6-99.cpe.net.cable.rogers.com,Brampton,Ontario,CA,"43.6834,-79.7663",AS812 Rogers Communications Canada Inc.,L6V,America/Toronto,
syn-108-188-104-197.biz.spectrum.com,Clermont,Florida,US,"28.6259,-81.7306","AS33363 Charter Communications, Inc",34715,America/New_York,
204-116-93-136.dsl.g01.scches.spirittelecom.com,Winnsboro Mills,South Carolina,US,"34.3618,-81.0854",AS12208 TruVista Communications,29180,America/New_York,
,North Bergen,New Jersey,US,"40.8043,-74.0121","AS14061 DigitalOcean, LLC",07047,America/New_York,
,New York City,New York,US,"40.7143,-74.0060",AS6167 Verizon Business,10001,America/New_York,
,Orangeville,Ontario,CA,"43.9168,-80.0997",AS812 Rogers Communications Canada Inc.,L9V,America/Toronto,
client-192-236-179-200.hostwindsdns.com,Lelystad,Flevoland,NL,"52.5083,5.4750",AS54290 Hostwinds LLC.,8224,Europe/Amsterdam,
,Tyler,Texas,US,"32.3620,-95.3117",,75702,America/Chicago,
,Victoria,British Columbia,CA,"48.4359,-123.3516",,V8T,America/Vancouver,
,Toronto,Ontario,CA,"43.7064,-79.3986",AS395965 Carrytel,M5A,America/Toronto,
204-83-181-213.prna.static.sasknet.sk.ca,Prince Albert,Saskatchewan,CA,"53.2001,-105.7677",AS803 Saskatchewan Telecommunications,S6W,America/Regina,
c151.vz32.my-virtual-panel.com,Chicago,Illinois,US,"41.8500,-87.6500",AS23352 DEFT.COM,60666,America/Chicago,
,Farmington,New Mexico,US,"36.7281,-108.2187","AS209 CenturyLink Communications, LLC",87401,America/Denver,
,Paris,Île-de-France,FR,"48.8534,2.3488",AS16347 ADISTA SAS,75000,Europe/Paris,
,New York City,New York,US,"40.7185,-74.0025",AS9009 M247 Europe SRL,10013,America/New_York,
216-237-210-204-dynamic.northstate.net,High Point,North Carolina,US,"35.9557,-80.0053","AS22709 North State Telephone, LLC",27260,America/New_York,
pool-184-18-174-243.ftwy.in.frontiernet.net,Fort Wayne,Indiana,US,"41.1306,-85.1289","AS5650 Frontier Communications of America, Inc.",46825,America/Indiana/Indianapolis,
,Atlanta,Georgia,US,"33.7490,-84.3880","AS7922 Comcast Cable Communications, LLC",30302,America/New_York,
syn-173-168-100-015.res.spectrum.com,Brooksville,Florida,US,"28.5466,-82.5213","AS33363 Charter Communications, Inc",34613,America/New_York,
bathcommunitypharmacy.talkrxsky.com,Piscataway,New Jersey,US,"40.4993,-74.3990","AS20473 The Constant Company, LLC",08854,America/New_York,
,Amsterdam,North Holland,NL,"52.3740,4.8897","AS14061 DigitalOcean, LLC",1012,Europe/Amsterdam,
1250675.cloudwaysapps.com,Amsterdam,North Holland,NL,"52.3740,4.8897","AS14061 DigitalOcean, LLC",1012,Europe/Amsterdam,
149.28.233.233.vultrusercontent.com,Piscataway,New Jersey,US,"40.4993,-74.3990","AS20473 The Constant Company, LLC",08854,America/New_York,
,Santa Clara,California,US,"37.3483,-121.9844","AS14061 DigitalOcean, LLC",95051,America/Los_Angeles,
71-135-192-159.lightspeed.iplsin.sbcglobal.net,Indianapolis,Indiana,US,"39.7430,-86.1179","AS7018 AT&T Enterprises, LLC",46203,America/Indiana/Indianapolis,
ool-457c0b49.dyn.optonline.net,New York City,New York,US,"40.7143,-74.0060",AS6128 Cablevision Systems Corp.,10001,America/New_York,
ool-457c5776.dyn.optonline.net,Hempstead,New York,US,"40.7062,-73.6187",AS6128 Cablevision Systems Corp.,11550,America/New_York,
c-69-136-29-106.hsd1.fl.comcast.net,Cape Coral,Florida,US,"26.5629,-81.9495","AS7922 Comcast Cable Communications, LLC",33910,America/New_York,
,Montréal,Quebec,CA,"45.5088,-73.5878",AS577 Bell Canada,H3H,America/Toronto,
71-19-217-23.ip.twinvalley.net,Clay Center,Kansas,US,"39.3769,-97.1247",AS47028 Twin Valley Communications Inc,67432,America/Chicago,
,Colorado Springs,Colorado,US,"38.8339,-104.8214","AS7922 Comcast Cable Communications, LLC",80901,America/Denver,
s147.n0.n84.n66.static.myhostcenter.net,Buffalo,New York,US,"42.8865,-78.8784",AS11989 HostPapa,14202,America/New_York,
ool-44c73cc3.dyn.optonline.net,Beacon,New York,US,"41.5048,-73.9696",AS6128 Cablevision Systems Corp.,12508,America/New_York,
host-64-234-90-57.vyvebroadband.net,Greenwood,South Carolina,US,"34.1954,-82.1618",AS40285 NORTHLAND CABLE TELEVISION INC.,29647,America/New_York,
,San Angelo,Texas,US,"31.4638,-100.4370",AS19108 Optimum,76902,America/Chicago,
,Doral,Florida,US,"25.8195,-80.3553","AS7018 AT&T Enterprises, LLC",33178,America/New_York,
ec2-18-222-240-62.us-east-2.compute.amazonaws.com,Columbus,Ohio,US,"39.9612,-82.9988","AS16509 Amazon.com, Inc.",43215,America/New_York,
unknown.ip-xfer.net,Chicago,Illinois,US,"41.8500,-87.6500",AS397270 NetInformatik Inc.,60666,America/Chicago,
91.70.easefunds.com,Seattle,Washington,US,"47.6062,-122.3321","AS16509 Amazon.com, Inc.",98101,America/Los_Angeles,
24-122-211-3.resi.cgocable.ca,Saint-Hyacinthe,Quebec,CA,"45.6308,-72.9570",AS11290 Cogeco Connexion inc,J2R,America/Toronto,
,Edmonton,Alberta,CA,"53.5501,-113.4687",AS6327 Shaw Communications Inc.,T5H,America/Edmonton,
207.73.185.35.bc.googleusercontent.com,North Charleston,South Carolina,US,"32.8546,-79.9748",AS396982 Google LLC,29415,America/New_York,
ool-2f127b03.dyn.optonline.net,Elizabeth,New Jersey,US,"40.6640,-74.2107",AS6128 Cablevision Systems Corp.,07207,America/New_York,
syn-076-174-051-063.res.spectrum.com,Corona,California,US,"33.8753,-117.5664",AS20001 Charter Communications Inc,92877,America/Los_Angeles,
c-73-254-0-148.hsd1.wa.comcast.net,Kirkland,Washington,US,"47.6815,-122.2087","AS7922 Comcast Cable Communications, LLC",98083,America/Los_Angeles,
syn-071-078-121-118.biz.spectrum.com,Irving,Texas,US,"32.8140,-96.9489",AS11427 Charter Communications Inc,75059,America/Chicago,
syn-072-132-145-119.res.spectrum.com,Yucaipa,California,US,"34.0336,-117.0431",AS20001 Charter Communications Inc,92399,America/Los_Angeles,
dhcp-72-234-103-115.hawaiiantel.net,Mililani Town,Hawaii,US,"21.4504,-158.0150","AS36149 Hawaiian Telcom Services Company, Inc.",96789,Pacific/Honolulu,
66-110-251-133-dynamic.northstate.net,High Point,North Carolina,US,"35.9557,-80.0053","AS22709 North State Telephone, LLC",27260,America/New_York,
c-73-101-238-105.hsd1.pa.comcast.net,Lancaster,Pennsylvania,US,"40.0379,-76.3055","AS7922 Comcast Cable Communications, LLC",17611,America/New_York,
c-73-240-237-150.hsd1.wa.comcast.net,Portland,Oregon,US,"45.5234,-122.6762","AS7922 Comcast Cable Communications, LLC",97204,America/Los_Angeles,
syn-070-114-093-221.res.spectrum.com,Mesquite,Texas,US,"32.7668,-96.5992",AS11427 Charter Communications Inc,75149,America/Chicago,
,North Bergen,New Jersey,US,"40.8043,-74.0121","AS14061 DigitalOcean, LLC",07047,America/New_York,
70.44.118.43.res-olt.leh.ptd.net,Lehighton,Pennsylvania,US,"40.8337,-75.7138",AS3737 PenTeleData Inc.,18235,America/New_York,
syn-047-051-023-169.biz.spectrum.com,Riverside,California,US,"33.9534,-117.3962",AS20115 Charter Communications LLC,92502,America/Los_Angeles,
syn-174-099-140-158.biz.spectrum.com,Asheboro,North Carolina,US,"35.7079,-79.8136",AS11426 Charter Communications Inc,27203,America/New_York,
191.166.196.104.bc.googleusercontent.com,North Charleston,South Carolina,US,"32.8546,-79.9748",AS396982 Google LLC,29415,America/New_York,
,North Bergen,New Jersey,US,"40.8043,-74.0121","AS14061 DigitalOcean, LLC",07047,America/New_York,
,Lehigh Acres,Florida,US,"26.6254,-81.6248","AS7155 ViaSat,Inc.",33972,America/New_York,
c-174-62-174-45.hsd1.il.comcast.net,Fair Plain,Michigan,US,"42.0870,-86.4559","AS7922 Comcast Cable Communications, LLC",49022,America/Detroit,
,Opa-locka,Florida,US,"25.9023,-80.2503",AS46887 Crown Castle Fiber LLC,33054,America/New_York,
,London,England,GB,"51.5085,-0.1257","AS14061 DigitalOcean, LLC",E1W,Europe/London,
108-217-227-168.lightspeed.sntcca.sbcglobal.net,Fremont,California,US,"37.5308,-121.9712","AS7018 AT&T Enterprises, LLC",94538,America/Los_Angeles,
,Paris,Île-de-France,FR,"48.8534,2.3488",AS212238 Datacamp Limited,75000,Europe/Paris,
,Paris,Île-de-France,FR,"48.8534,2.3488",AS212238 Datacamp Limited,75000,Europe/Paris,
pool-100-18-30-190.bltmmd.fios.verizon.net,Fallston,Maryland,US,"39.5145,-76.4111",AS701 Verizon Business,21047,America/New_York,
,Paris,Île-de-France,FR,"48.8534,2.3488",AS212238 Datacamp Limited,75000,Europe/Paris,
,Frankfurt am Main,Hesse,DE,"50.1155,8.6842","AS14061 DigitalOcean, LLC",60306,Europe/Berlin,
,Toronto,Ontario,CA,"43.7064,-79.3986","AS14061 DigitalOcean, LLC",M5A,America/Toronto,
173-17-218-239.client.mchsi.com,Leo-Cedarville,Indiana,US,"41.2126,-85.0166",AS30036 Mediacom Communications Corp,46765,America/Indiana/Indianapolis,
,Rock Port,Missouri,US,"40.4111,-95.5169","AS54723 Midwest Data Center, Inc.",64482,America/Chicago,
c-73-138-101-153.hsd1.fl.comcast.net,Palm Beach Gardens,Florida,US,"26.8234,-80.1386","AS7922 Comcast Cable Communications, LLC",33410,America/New_York,
ool-18b97569.dyn.optonline.net,Riverhead,New York,US,"40.9170,-72.6620",AS6128 Cablevision Systems Corp.,11901,America/New_York,
50-192-132-14-static.hfc.comcastbusiness.net,Miami,Florida,US,"25.7743,-80.1937","AS7922 Comcast Cable Communications, LLC",33101,America/New_York,
c-67-164-135-71.hsd1.nm.comcast.net,Albuquerque,New Mexico,US,"35.0845,-106.6511","AS7922 Comcast Cable Communications, LLC",87102,America/Denver,
,Singapore,Singapore,SG,"1.2897,103.8501","AS16509 Amazon.com, Inc.",018989,Asia/Singapore,
173-23-22-51.client.mchsi.com,Moultrie,Georgia,US,"31.1799,-83.7891",AS30036 Mediacom Communications Corp,31776,America/New_York,
pool-71-162-241-88.phlapa.fios.verizon.net,Philadelphia,Pennsylvania,US,"39.9524,-75.1636",AS701 Verizon Business,19099,America/New_York,
,North Bergen,New Jersey,US,"40.8043,-74.0121","AS14061 DigitalOcean, LLC",07047,America/New_York,
1397640.cloudwaysapps.com,London,England,GB,"51.5085,-0.1257","AS14061 DigitalOcean, LLC",E1W,Europe/London,
,Santa Clara,California,US,"37.3483,-121.9844","AS14061 DigitalOcean, LLC",95051,America/Los_Angeles,
162-196-19-87.lightspeed.gdrpmi.sbcglobal.net,Caledonia,Michigan,US,"42.7892,-85.5167","AS7018 AT&T Enterprises, LLC",49316,America/Detroit,
,Ashburn,Virginia,US,"39.0437,-77.4875",AS31898 Oracle Corporation,20147,America/New_York,
,Santa Clara,California,US,"37.3483,-121.9844","AS14061 DigitalOcean, LLC",95051,America/Los_Angeles,
,Orland Park,Illinois,US,"41.6303,-87.8539","AS7922 Comcast Cable Communications, LLC",60462,America/Chicago,
,Albuquerque,New Mexico,US,"35.0845,-106.6511","AS7922 Comcast Cable Communications, LLC",87102,America/Denver,
,Clifton,New Jersey,US,"40.8344,-74.1377","AS14061 DigitalOcean, LLC",07014,America/New_York,
c-73-43-85-5.hsd1.ga.comcast.net,Atlanta,Georgia,US,"33.7490,-84.3880","AS7922 Comcast Cable Communications, LLC",30302,America/New_York,
syn-071-008-191-058.res.spectrum.com,Omak,Washington,US,"48.4110,-119.5276",AS20115 Charter Communications LLC,98841,America/Los_Angeles,
c-68-44-190-44.hsd1.in.comcast.net,Indianapolis,Indiana,US,"39.7684,-86.1580","AS7922 Comcast Cable Communications, LLC",46204,America/Indiana/Indianapolis,
syn-071-084-085-224.res.spectrum.com,La Mirada,California,US,"33.9067,-118.0101",AS20115 Charter Communications LLC,90638,America/Los_Angeles,
dynamic.libertypr.net,Bayamón,Bayamón,PR,"18.3986,-66.1557",AS14638 Liberty Communications of Puerto Rico LLC,00956,America/Puerto_Rico,
cmts-dhcp.longlines.com,Missouri Valley,Iowa,US,"41.5564,-95.8878",AS32867 Long Lines Internet,51555,America/Chicago,
190-59-2-214.dynamic.tstt.net.tt,Chaguanas,Chaguanas,TT,"10.5167,-61.4167",AS5639 Telecommunication Services of Trinidad and Tobago,,America/Port_of_Spain,
,Freeport,Illinois,US,"42.2967,-89.6212",AS55283 FHN,61032,America/Chicago,
,Land O' Lakes,Florida,US,"28.2189,-82.4576",AS23314 Summit Broadband,34639,America/New_York,
,North Bergen,New Jersey,US,"40.8043,-74.0121","AS14061 DigitalOcean, LLC",07047,America/New_York,
,Seattle,Washington,US,"47.6339,-122.3476",,98109,America/Los_Angeles,
pool-98-109-147-67.nwrknj.fios.verizon.net,Keansburg,New Jersey,US,"40.4418,-74.1299",AS701 Verizon Business,07734,America/New_York,
53.84.245.35.bc.googleusercontent.com,Washington,District of Columbia,US,"38.8951,-77.0364",AS396982 Google LLC,20004,America/New_York,
,North Bergen,New Jersey,US,"40.8043,-74.0121","AS14061 DigitalOcean, LLC",07047,America/New_York,
207.39.233.35.bc.googleusercontent.com,Brussels,Brussels Capital,BE,"50.8505,4.3488",AS396982 Google LLC,1000,Europe/Brussels,
c-73-32-118-149.hsd1.tx.comcast.net,Houston,Texas,US,"29.7633,-95.3633","AS7922 Comcast Cable Communications, LLC",77002,America/Chicago,
,Laval,Quebec,CA,"45.5699,-73.6920",AS577 Bell Canada,H7G,America/Toronto,
syn-069-075-115-194.biz.spectrum.com,San Diego,California,US,"32.9123,-117.0898",AS20001 Charter Communications Inc,92131,America/Los_Angeles,
ool-44c589b5.dyn.optonline.net,Shrub Oak,New York,US,"41.3276,-73.8196",AS6128 Cablevision Systems Corp.,10588,America/New_York,
mi3-sr1.supercp.com,Detroit,Michigan,US,"42.3314,-83.0457","AS55293 A2 Hosting, Inc.",48226,America/Detroit,
,Tavares,Florida,US,"28.8042,-81.7256",AS23314 Summit Broadband,32778,America/New_York,
syn-067-008-214-225.res.spectrum.com,Tampa,Florida,US,"28.0384,-82.3949","AS33363 Charter Communications, Inc",33617,America/New_York,
,Tysons,Virginia,US,"38.9530,-77.2295",AS22351 INTELSAT GLOBAL SERVICE CORPORATION,22102,America/New_York,
207.173.76.34.bc.googleusercontent.com,Brussels,Brussels Capital,BE,"50.8505,4.3488",AS396982 Google LLC,1000,Europe/Brussels,
173-17-108-179.client.mchsi.com,Clinton,Iowa,US,"41.8517,-90.2078",AS30036 Mediacom Communications Corp,52732,America/Chicago,
,North Bergen,New Jersey,US,"40.8043,-74.0121","AS14061 DigitalOcean, LLC",07047,America/New_York,
13.sipis.acrobits.cz,Clifton,New Jersey,US,"40.8344,-74.1377","AS14061 DigitalOcean, LLC",07014,America/New_York,
149.248.21.173.vultrusercontent.com,Los Angeles,California,US,"34.0614,-118.2385","AS20473 The Constant Company, LLC",90012,America/Los_Angeles,
,New York City,New York,US,"40.7143,-74.0060",AS22136 New York Connect,10001,America/New_York,
216-168-83-131.gctel.stellarllc.net,Garfield,Minnesota,US,"45.9408,-95.4920","AS36374 Stellar Association, LLC",56332,America/Chicago,
-209-222-181-224.fre.abbnetworks.net,Omaha,Nebraska,US,"41.2382,-95.9336",AS16604 HUNTEL.NET,68108,America/Chicago,
,North Bergen,New Jersey,US,"40.8043,-74.0121","AS14061 DigitalOcean, LLC",07047,America/New_York,
,Naples Park,Florida,US,"26.2617,-81.8093",AS23314 Summit Broadband,34108,America/New_York,
,Gasparillo,Couva-Tabaquite-Talparo,TT,"10.3170,-61.4260",AS27665 Columbus Communications Trinidad Limited.,,America/Port_of_Spain,
108-66-251-224.lightspeed.tukrga.sbcglobal.net,Madison,Georgia,US,"33.5957,-83.4679","AS7018 AT&T Enterprises, LLC",30650,America/New_York,
134.104.148.132.host.secureserver.net,Phoenix,Arizona,US,"33.4484,-112.0740","AS26496 GoDaddy.com, LLC",85001,America/Phoenix,
,Lubbock,Texas,US,"33.5779,-101.8552",AS19108 Optimum,79409,America/Chicago,
,Washington,Virginia,US,"38.7135,-78.1594",AS8075 Microsoft Corporation,22747,America/New_York,
,San Jose,California,US,"37.3394,-121.8950",AS8075 Microsoft Corporation,95025,America/Los_Angeles,
187-120-35-50.ptr.ziplyfiber.com,Bothell,Washington,US,"47.8401,-122.1972",AS20055 Wholesail networks LLC,98012,America/Los_Angeles,
syn-024-176-214-054.biz.spectrum.com,Monterey Park,California,US,"34.0534,-118.1271",AS20115 Charter Communications LLC,91754,America/Los_Angeles,
ool-182da75e.dyn.optonline.net,New Brunswick,New Jersey,US,"40.4862,-74.4518",AS6128 Cablevision Systems Corp.,08901,America/New_York,
45-56-14-175.googlefiber.net,Mountain View,California,US,"38.0088,-122.1175",AS16591 Google Fiber Inc.,94043,America/Los_Angeles,
,Abilene,Texas,US,"32.4487,-99.7331",AS19108 Optimum,79604,America/Chicago,
c-73-216-246-106.hsd1.va.comcast.net,Danville,Virginia,US,"36.5860,-79.3950","AS7922 Comcast Cable Communications, LLC",24543,America/New_York,
syn-072-239-092-207.res.spectrum.com,Kissimmee,Florida,US,"28.2680,-81.4675","AS33363 Charter Communications, Inc",34746,America/New_York,
,Greenville,South Carolina,US,"34.8472,-82.4060","AS7018 AT&T Enterprises, LLC",29601,America/New_York,
dsl-dhcp-conrtxxahre-76-164-103-213.consolidated.net,Conroe,Texas,US,"30.3119,-95.4561","AS6300 Consolidated Communications, Inc.",77301,America/Chicago,
99-63-152-247.lightspeed.frokca.sbcglobal.net,Sacramento,California,US,"38.6383,-121.5072","AS7018 AT&T Enterprises, LLC",95834,America/Los_Angeles,
,Atlanta,Georgia,US,"33.7490,-84.3880","AS20141 Quality Technology Services, LLC",30302,America/New_York,
,London,England,GB,"51.5085,-0.1257",AS212238 Datacamp Limited,E1W,Europe/London,
adsl-104-60-86-66.lightspeed.nworla.sbcglobal.net,New Orleans,Louisiana,US,"29.9547,-90.0751","AS7018 AT&T Enterprises, LLC",70112,America/Chicago,
pool-108-6-167-199.nycmny.fios.verizon.net,New York City,New York,US,"40.7143,-74.0060",AS701 Verizon Business,10001,America/New_York,
pool-108-54-214-105.nycmny.fios.verizon.net,Smithtown,New York,US,"40.8559,-73.2007",AS701 Verizon Business,11787,America/New_York,
108-234-23-1.lightspeed.rcsntx.sbcglobal.net,Richardson,Texas,US,"32.9462,-96.7058","AS7018 AT&T Enterprises, LLC",75081,America/Chicago,
107-190-64-40.cpe.teksavvy.com,Calgary,Alberta,CA,"51.0501,-114.0853","AS5645 TekSavvy Solutions, Inc.",T3S,America/Edmonton,
syn-158-222-212-152.res.spectrum.com,Yonkers,New York,US,"40.7975,-73.9683",AS12271 Charter Communications Inc,10025,America/New_York,
,Santa Clara,California,US,"37.3483,-121.9844","AS14061 DigitalOcean, LLC",95051,America/Los_Angeles,
,Santa Clara,California,US,"37.3483,-121.9844","AS14061 DigitalOcean, LLC",95051,America/Los_Angeles,
,North Bergen,New Jersey,US,"40.8043,-74.0121","AS14061 DigitalOcean, LLC",07047,America/New_York,
,Amsterdam,North Holland,NL,"52.3740,4.8897","AS14061 DigitalOcean, LLC",1012,Europe/Amsterdam,
,Amsterdam,North Holland,NL,"52.3740,4.8897","AS14061 DigitalOcean, LLC",1012,Europe/Amsterdam,
,Amsterdam,North Holland,NL,"52.3740,4.8897","AS14061 DigitalOcean, LLC",1012,Europe/Amsterdam,
,Amsterdam,North Holland,NL,"52.3740,4.8897","AS14061 DigitalOcean, LLC",1012,Europe/Amsterdam,
,Amsterdam,North Holland,NL,"52.3740,4.8897","AS14061 DigitalOcean, LLC",1012,Europe/Amsterdam,
,Amsterdam,North Holland,NL,"52.3740,4.8897","AS14061 DigitalOcean, LLC",1012,Europe/Amsterdam,
db-prod.variouk.net,London,England,GB,"51.5085,-0.1257","AS14061 DigitalOcean, LLC",E1W,Europe/London,
144.202.18.145.vultrusercontent.com,Atlanta,Georgia,US,"33.7865,-84.4454","AS20473 The Constant Company, LLC",30318,America/New_York,
,North Bergen,New Jersey,US,"40.8043,-74.0121","AS14061 DigitalOcean, LLC",07047,America/New_York,
,North Bergen,New Jersey,US,"40.8043,-74.0121","AS14061 DigitalOcean, LLC",07047,America/New_York,
,Seattle,Washington,US,"47.6062,-122.3321","AS10557 Connect Northwest Internet Services, LLC",98101,America/Los_Angeles,
condor3450.startdedicated.com,St. Louis,Missouri,US,"38.6273,-90.1979",AS30083 velia.net,63101,America/Chicago,
,North Bergen,New Jersey,US,"40.8043,-74.0121","AS14061 DigitalOcean, LLC",07047,America/New_York,
173-12-108-226-miami.hfc.comcastbusiness.net,Miami,Florida,US,"25.7743,-80.1937","AS7922 Comcast Cable Communications, LLC",33101,America/New_York,
,Singapore,Singapore,SG,"1.2897,103.8501","AS16509 Amazon.com, Inc.",018989,Asia/Singapore,
,Vernal,Utah,US,"40.4555,-109.5288",AS30432 STRATA NETWORKS,84079,America/Denver,
ip-173-236-152-148.dreamhost.com,Ashburn,Virginia,US,"39.0437,-77.4875","AS26347 New Dream Network, LLC",20147,America/New_York,
,Orlando,Florida,US,"28.5289,-81.4787",,32835,America/New_York,
ec2-3-214-32-79.compute-1.amazonaws.com,Ashburn,Virginia,US,"39.0437,-77.4875","AS14618 Amazon.com, Inc.",20147,America/New_York,
,Los Angeles,California,US,"34.0522,-118.2437","AS7018 AT&T Enterprises, LLC",90009,America/Los_Angeles,
,Manatí,Manatí,PR,"18.4275,-66.4921",AS14638 Liberty Communications of Puerto Rico LLC,00674,America/Puerto_Rico,
ool-182cb554.dyn.optonline.net,Port Jefferson Station,New York,US,"40.9254,-73.0473",AS6128 Cablevision Systems Corp.,11776,America/New_York,
,Carolina,Carolina,PR,"18.3808,-65.9574",AS14638 Liberty Communications of Puerto Rico LLC,00983,America/Puerto_Rico,
ec2-34-216-158-117.us-west-2.compute.amazonaws.com,Boardman,Oregon,US,"45.8399,-119.7006","AS16509 Amazon.com, Inc.",97818,America/Los_Angeles,
207.113.76.34.bc.googleusercontent.com,Brussels,Brussels Capital,BE,"50.8505,4.3488",AS396982 Google LLC,1000,Europe/Brussels,
165.114.76.34.bc.googleusercontent.com,Brussels,Brussels Capital,BE,"50.8505,4.3488",AS396982 Google LLC,1000,Europe/Brussels,
163.137.76.34.bc.googleusercontent.com,Brussels,Brussels Capital,BE,"50.8505,4.3488",AS396982 Google LLC,1000,Europe/Brussels,
170.140.76.34.bc.googleusercontent.com,Brussels,Brussels Capital,BE,"50.8505,4.3488",AS396982 Google LLC,1000,Europe/Brussels,
40.157.76.34.bc.googleusercontent.com,Brussels,Brussels Capital,BE,"50.8505,4.3488",AS396982 Google LLC,1000,Europe/Brussels,
210.181.76.34.bc.googleusercontent.com,Brussels,Brussels Capital,BE,"50.8505,4.3488",AS396982 Google LLC,1000,Europe/Brussels,
252.187.76.34.bc.googleusercontent.com,Brussels,Brussels Capital,BE,"50.8505,4.3488",AS396982 Google LLC,1000,Europe/Brussels,
174.19.76.34.bc.googleusercontent.com,Brussels,Brussels Capital,BE,"50.8505,4.3488",AS396982 Google LLC,1000,Europe/Brussels,
159.225.76.34.bc.googleusercontent.com,Brussels,Brussels Capital,BE,"50.8505,4.3488",AS396982 Google LLC,1000,Europe/Brussels,
53.235.76.34.bc.googleusercontent.com,Brussels,Brussels Capital,BE,"50.8505,4.3488",AS396982 Google LLC,1000,Europe/Brussels,
4.255.76.34.bc.googleusercontent.com,Brussels,Brussels Capital,BE,"50.8505,4.3488",AS396982 Google LLC,1000,Europe/Brussels,
50.39.76.34.bc.googleusercontent.com,Brussels,Brussels Capital,BE,"50.8505,4.3488",AS396982 Google LLC,1000,Europe/Brussels,
180.59.76.34.bc.googleusercontent.com,Brussels,Brussels Capital,BE,"50.8505,4.3488",AS396982 Google LLC,1000,Europe/Brussels,
187.68.76.34.bc.googleusercontent.com,Brussels,Brussels Capital,BE,"50.8505,4.3488",AS396982 Google LLC,1000,Europe/Brussels,
192.70.76.34.bc.googleusercontent.com,Brussels,Brussels Capital,BE,"50.8505,4.3488",AS396982 Google LLC,1000,Europe/Brussels,
9.82.76.34.bc.googleusercontent.com,Brussels,Brussels Capital,BE,"50.8505,4.3488",AS396982 Google LLC,1000,Europe/Brussels,
7.8.76.34.bc.googleusercontent.com,Brussels,Brussels Capital,BE,"50.8505,4.3488",AS396982 Google LLC,1000,Europe/Brussels,
53.104.187.35.bc.googleusercontent.com,Brussels,Brussels Capital,BE,"50.8505,4.3488",AS396982 Google LLC,1000,Europe/Brussels,
38.44.187.35.bc.googleusercontent.com,Brussels,Brussels Capital,BE,"50.8505,4.3488",AS396982 Google LLC,1000,Europe/Brussels,
116.46.187.35.bc.googleusercontent.com,Brussels,Brussels Capital,BE,"50.8505,4.3488",AS396982 Google LLC,1000,Europe/Brussels,
60.213.189.35.bc.googleusercontent.com,Brussels,Brussels Capital,BE,"50.8505,4.3488",AS396982 Google LLC,1000,Europe/Brussels,
238.217.189.35.bc.googleusercontent.com,Brussels,Brussels Capital,BE,"50.8505,4.3488",AS396982 Google LLC,1000,Europe/Brussels,
141.241.189.35.bc.googleusercontent.com,Brussels,Brussels Capital,BE,"50.8505,4.3488",AS396982 Google LLC,1000,Europe/Brussels,
22.220.190.35.bc.googleusercontent.com,Brussels,Brussels Capital,BE,"50.8505,4.3488",AS396982 Google LLC,1000,Europe/Brussels,
143.119.233.35.bc.googleusercontent.com,Brussels,Brussels Capital,BE,"50.8505,4.3488",AS396982 Google LLC,1000,Europe/Brussels,
191.34.233.35.bc.googleusercontent.com,Brussels,Brussels Capital,BE,"50.8505,4.3488",AS396982 Google LLC,1000,Europe/Brussels,
193.60.233.35.bc.googleusercontent.com,Brussels,Brussels Capital,BE,"50.8505,4.3488",AS396982 Google LLC,1000,Europe/Brussels,
198.69.233.35.bc.googleusercontent.com,Brussels,Brussels Capital,BE,"50.8505,4.3488",AS396982 Google LLC,1000,Europe/Brussels,
235.72.233.35.bc.googleusercontent.com,Brussels,Brussels Capital,BE,"50.8505,4.3488",AS396982 Google LLC,1000,Europe/Brussels,
173.100.240.35.bc.googleusercontent.com,Brussels,Brussels Capital,BE,"50.8505,4.3488",AS396982 Google LLC,1000,Europe/Brussels,
245.29.240.35.bc.googleusercontent.com,Brussels,Brussels Capital,BE,"50.8505,4.3488",AS396982 Google LLC,1000,Europe/Brussels,
194.47.240.35.bc.googleusercontent.com,Brussels,Brussels Capital,BE,"50.8505,4.3488",AS396982 Google LLC,1000,Europe/Brussels,
108.54.240.35.bc.googleusercontent.com,Brussels,Brussels Capital,BE,"50.8505,4.3488",AS396982 Google LLC,1000,Europe/Brussels,
148.80.240.35.bc.googleusercontent.com,Brussels,Brussels Capital,BE,"50.8505,4.3488",AS396982 Google LLC,1000,Europe/Brussels,
10.81.240.35.bc.googleusercontent.com,Brussels,Brussels Capital,BE,"50.8505,4.3488",AS396982 Google LLC,1000,Europe/Brussels,
247.159.241.35.bc.googleusercontent.com,Brussels,Brussels Capital,BE,"50.8505,4.3488",AS396982 Google LLC,1000,Europe/Brussels,
219.167.241.35.bc.googleusercontent.com,Brussels,Brussels Capital,BE,"50.8505,4.3488",AS396982 Google LLC,1000,Europe/Brussels,
244.173.241.35.bc.googleusercontent.com,Brussels,Brussels Capital,BE,"50.8505,4.3488",AS396982 Google LLC,1000,Europe/Brussels,
201.174.241.35.bc.googleusercontent.com,Brussels,Brussels Capital,BE,"50.8505,4.3488",AS396982 Google LLC,1000,Europe/Brussels,
240.215.241.35.bc.googleusercontent.com,Brussels,Brussels Capital,BE,"50.8505,4.3488",AS396982 Google LLC,1000,Europe/Brussels,
46-21-100-222-static.glesys.net,Amsterdam,North Holland,NL,"52.3740,4.8897",AS42708 GleSYS AB,1012,Europe/Amsterdam,
85477ca83ca9b9fe1d8e015962350ec9.hostedonsporestack.com,Santa Clara,California,US,"37.3924,-121.9623","AS20473 The Constant Company, LLC",95054,America/Los_Angeles,
syn-050-088-129-059.res.spectrum.com,Orlando,Florida,US,"28.5289,-81.4787","AS33363 Charter Communications, Inc",32835,America/New_York,
19.51.211.130.bc.googleusercontent.com,Brussels,Brussels Capital,BE,"50.8505,4.3488",AS396982 Google LLC,1000,Europe/Brussels,
149.51.211.130.bc.googleusercontent.com,Brussels,Brussels Capital,BE,"50.8505,4.3488",AS396982 Google LLC,1000,Europe/Brussels,
p3plnnghwpcdb00-80-b.prod.phx3.secureserver.net,Phoenix,Arizona,US,"33.4484,-112.0740","AS398101 GoDaddy.com, LLC",85001,America/Phoenix,
leviatan.pixeliando.com,Dallas,Texas,US,"32.7831,-96.8067",AS33070 Rackspace Hosting,75201,America/Chicago,
224.153.169.192.host.secureserver.net,Phoenix,Arizona,US,"33.4484,-112.0740","AS26496 GoDaddy.com, LLC",85001,America/Phoenix,
syn-192-181-198-024.res.spectrum.com,Lexington-Fayette,Kentucky,US,"38.0498,-84.4586",AS10796 Charter Communications Inc,40505,America/New_York,
66-11-184-138.cpe.distributel.net,Ajax,Ontario,CA,"43.8501,-79.0329",AS11814 Distributel Communications Limited,L1S,America/Toronto,
66-110-253-3-dynamic.northstate.net,High Point,North Carolina,US,"36.0036,-80.0036","AS22709 North State Telephone, LLC",27265,America/New_York,
static-64-222-83-216.burl.east.myfairpoint.net,Paul Smiths,New York,US,"44.4387,-74.2527","AS13977 Consolidated Communications, Inc.",12970,America/New_York,
ool-457ea265.dyn.optonline.net,South Old Bridge,New Jersey,US,"40.4082,-74.3543",AS6128 Cablevision Systems Corp.,08857,America/New_York,
67-60-46-93.cpe.sparklight.net,Sioux City,Iowa,US,"42.5000,-96.4003","AS11492 CABLE ONE, INC.",51101,America/Chicago,
sntn-11-216-51-250-199.dsl.netins.net,Red Oak,Iowa,US,"41.0097,-95.2255",AS5056 Aureon Network Services,51566,America/Chicago,
,Seattle,Washington,US,"47.6062,-122.3321","AS16509 Amazon.com, Inc.",98101,America/Los_Angeles,
host-208-82-42-221.energize.net,Pulaski,Tennessee,US,"35.1998,-87.0308",AS19215 PES Energize,38478,America/Chicago,
,Las Vegas,Nevada,US,"36.1750,-115.1372",AS53667 FranTech Solutions,89111,America/Los_Angeles,
,North Bergen,New Jersey,US,"40.8043,-74.0121","AS14061 DigitalOcean, LLC",07047,America/New_York,
,Mildmay,Ontario,CA,"44.0430,-81.1189",AS29974 Wightman Telecom,N0G,America/Toronto,
dashboard.abtengineering.com,London,England,GB,"51.5085,-0.1257","AS14061 DigitalOcean, LLC",E1W,Europe/London,
,London,England,GB,"51.5085,-0.1257","AS14061 DigitalOcean, LLC",E1W,Europe/London,
,Secaucus,New Jersey,US,"40.7895,-74.0565","AS14061 DigitalOcean, LLC",07094,America/New_York,
,Seattle,Washington,US,"47.6062,-122.3321","AS10557 Connect Northwest Internet Services, LLC",98101,America/Los_Angeles,
mail.seis10.net,Santa Clara,California,US,"37.3483,-121.9844","AS14061 DigitalOcean, LLC",95051,America/Los_Angeles,
,Doddaballapura,Karnataka,IN,"13.2257,77.5750","AS14061 DigitalOcean, LLC",560100,Asia/Kolkata,
,Amsterdam,North Holland,NL,"52.3740,4.8897","AS14061 DigitalOcean, LLC",1012,Europe/Amsterdam,
,Amsterdam,North Holland,NL,"52.3740,4.8897","AS14061 DigitalOcean, LLC",1012,Europe/Amsterdam,
,Frankfurt am Main,Hesse,DE,"50.1155,8.6842","AS14061 DigitalOcean, LLC",60306,Europe/Berlin,
136-50-2-195.googlefiber.net,San Antonio,Texas,US,"29.4241,-98.4936",AS16591 Google Fiber Inc.,78205,America/Chicago,
545228.cloudwaysapps.com,Toronto,Ontario,CA,"43.7064,-79.3986","AS14061 DigitalOcean, LLC",M5A,America/Toronto,
107-173-104-243-host.colocrossing.com,Buffalo,New York,US,"42.8865,-78.8784",AS36352 HostPapa,14202,America/New_York,
pool-108-12-203-90.prvdri.fios.verizon.net,North Kingstown,Rhode Island,US,"41.5501,-71.4662",AS701 Verizon Business,02852,America/New_York,
syn-108-191-183-089.biz.spectrum.com,DeLand,Florida,US,"29.0422,-81.2863","AS33363 Charter Communications, Inc",32724,America/New_York,
18.29.155.104.bc.googleusercontent.com,Brussels,Brussels Capital,BE,"50.8505,4.3488",AS396982 Google LLC,1000,Europe/Brussels,
92.73.199.104.bc.googleusercontent.com,Brussels,Brussels Capital,BE,"50.8505,4.3488",AS396982 Google LLC,1000,Europe/Brussels,
194.83.199.104.bc.googleusercontent.com,Brussels,Brussels Capital,BE,"50.8505,4.3488",AS396982 Google LLC,1000,Europe/Brussels,
,Fresno,California,US,"36.7477,-119.7724","AS7922 Comcast Cable Communications, LLC",93737,America/Los_Angeles,
syn-097-101-198-000.res.spectrum.com,Melbourne,Florida,US,"28.2061,-80.6850","AS33363 Charter Communications, Inc",32940,America/New_York,
syn-075-113-195-085.biz.spectrum.com,Lakeland,Florida,US,"28.0381,-81.9392","AS33363 Charter Communications, Inc",33801,America/New_York,
syn-072-239-038-148.res.spectrum.com,Titusville,Florida,US,"28.6271,-80.8429","AS33363 Charter Communications, Inc",32796,America/New_York,
74-121-88-115.nktelco.net,Coldwater,Ohio,US,"40.4798,-84.6283",AS31841 NEW KNOXVILLE TELEPHONE COMPANY,45828,America/New_York,
nc-69-69-179-130.dyn.embarqhsd.net,Columbia City,Indiana,US,"41.1573,-85.4883",AS19901 Brightspeed,46725,America/Indiana/Indianapolis,
71-217-13-30.rcmt.centurylink.net,Wallace,North Carolina,US,"34.7357,-77.9953",AS19901 Brightspeed,28466,America/New_York,
23-119-67-242.lightspeed.brhmal.sbcglobal.net,Birmingham,Alabama,US,"33.5210,-86.8066","AS7018 AT&T Enterprises, LLC",35203,America/Chicago,
ool-18bcb80f.dyn.optonline.net,Lakewood,New Jersey,US,"40.0979,-74.2176",AS6128 Cablevision Systems Corp.,08701,America/New_York,
54.114.76.34.bc.googleusercontent.com,Brussels,Brussels Capital,BE,"50.8505,4.3488",AS396982 Google LLC,1000,Europe/Brussels,
174.120.76.34.bc.googleusercontent.com,Brussels,Brussels Capital,BE,"50.8505,4.3488",AS396982 Google LLC,1000,Europe/Brussels,
147.184.76.34.bc.googleusercontent.com,Brussels,Brussels Capital,BE,"50.8505,4.3488",AS396982 Google LLC,1000,Europe/Brussels,
65.253.76.34.bc.googleusercontent.com,Brussels,Brussels Capital,BE,"50.8505,4.3488",AS396982 Google LLC,1000,Europe/Brussels,
20.80.76.34.bc.googleusercontent.com,Brussels,Brussels Capital,BE,"50.8505,4.3488",AS396982 Google LLC,1000,Europe/Brussels,
69.8.76.34.bc.googleusercontent.com,Brussels,Brussels Capital,BE,"50.8505,4.3488",AS396982 Google LLC,1000,Europe/Brussels,
20.236.189.35.bc.googleusercontent.com,Brussels,Brussels Capital,BE,"50.8505,4.3488",AS396982 Google LLC,1000,Europe/Brussels,
152.247.189.35.bc.googleusercontent.com,Brussels,Brussels Capital,BE,"50.8505,4.3488",AS396982 Google LLC,1000,Europe/Brussels,
31.216.190.35.bc.googleusercontent.com,Brussels,Brussels Capital,BE,"50.8505,4.3488",AS396982 Google LLC,1000,Europe/Brussels,
115.218.190.35.bc.googleusercontent.com,Brussels,Brussels Capital,BE,"50.8505,4.3488",AS396982 Google LLC,1000,Europe/Brussels,
148.219.190.35.bc.googleusercontent.com,Brussels,Brussels Capital,BE,"50.8505,4.3488",AS396982 Google LLC,1000,Europe/Brussels,
194.82.233.35.bc.googleusercontent.com,Brussels,Brussels Capital,BE,"50.8505,4.3488",AS396982 Google LLC,1000,Europe/Brussels,
175.129.241.35.bc.googleusercontent.com,Brussels,Brussels Capital,BE,"50.8505,4.3488",AS396982 Google LLC,1000,Europe/Brussels,
222.157.241.35.bc.googleusercontent.com,Brussels,Brussels Capital,BE,"50.8505,4.3488",AS396982 Google LLC,1000,Europe/Brussels,
11.180.241.35.bc.googleusercontent.com,Brussels,Brussels Capital,BE,"50.8505,4.3488",AS396982 Google LLC,1000,Europe/Brussels,
9.203.241.35.bc.googleusercontent.com,Brussels,Brussels Capital,BE,"50.8505,4.3488",AS396982 Google LLC,1000,Europe/Brussels,
16.226.241.35.bc.googleusercontent.com,Brussels,Brussels Capital,BE,"50.8505,4.3488",AS396982 Google LLC,1000,Europe/Brussels,
47-198-239-179.tamp.fl.frontiernet.net,Ruskin,Florida,US,"27.7209,-82.4331","AS5650 Frontier Communications of America, Inc.",33575,America/New_York,
syn-071-013-043-113.res.spectrum.com,Duluth,Minnesota,US,"46.8147,-92.1998",AS20115 Charter Communications LLC,55811,America/Chicago,
syn-066-065-109-081.res.spectrum.com,New York City,New York,US,"40.7571,-73.9657",AS12271 Charter Communications Inc,10022,America/New_York,
c-69-140-192-144.hsd1.va.comcast.net,Baltimore,Maryland,US,"39.2904,-76.6122","AS7922 Comcast Cable Communications, LLC",21203,America/New_York,
ool-4355d7ac.dyn.optonline.net,New York City,New York,US,"40.7143,-74.0060",AS6128 Cablevision Systems Corp.,10001,America/New_York,
c-69-246-129-132.hsd1.al.comcast.net,Mobile,Alabama,US,"30.6944,-88.0430","AS7922 Comcast Cable Communications, LLC",36601,America/Chicago,
,Montréal,Quebec,CA,"45.5005,-73.5684",,H3B,America/Toronto,
,Winter Haven,Florida,US,"28.0222,-81.7329","AS63264 Alternative Choice Wireless, LLC",33882,America/New_York,
205-185-209-101.scl.as62651.net,Santiago,Santiago Metropolitan,CL,"-33.4569,-70.6483","AS62651 Strong Technology, LLC.",8320000,America/Santiago,
ip-208-102-144-241.dynamic.fuse.net,Independence,Kentucky,US,"38.9431,-84.5441",AS6181 Cincinnati Bell Telephone Company LLC,41051,America/New_York,
,Covington,Louisiana,US,"30.4755,-90.1004",AS32592 Uniti Fiber Holdings Inc.,70434,America/Chicago,
blfd-60-208-126-110-219.dsl.netins.net,Pulaski,Iowa,US,"40.6970,-92.2732",AS5056 Aureon Network Services,52584,America/Chicago,
192-208-248-125.static-ip.telepacific.net,Irvine,California,US,"33.6695,-117.8231",AS14265 TPx Communications,92612,America/Los_Angeles,
syn-173-175-228-137.res.spectrum.com,Grapevine,Texas,US,"32.9343,-97.0781",AS11427 Charter Communications Inc,76051,America/Chicago,
,North Bergen,New Jersey,US,"40.8043,-74.0121","AS14061 DigitalOcean, LLC",07047,America/New_York,
,London,England,GB,"51.5085,-0.1257","AS14061 DigitalOcean, LLC",E1W,Europe/London,
,Amsterdam,North Holland,NL,"52.3740,4.8897","AS14061 DigitalOcean, LLC",1012,Europe/Amsterdam,
,North Bergen,New Jersey,US,"40.8043,-74.0121","AS14061 DigitalOcean, LLC",07047,America/New_York,
dynamic.libertypr.net,San Juan,San Juan,PR,"18.4663,-66.1057",AS14638 Liberty Communications of Puerto Rico LLC,00901,America/Puerto_Rico,
d-104-235.eecs.umich.edu,Ann Arbor,Michigan,US,"42.2776,-83.7409",AS36375 University of Michigan,48109,America/Detroit,
,Ashburn,Virginia,US,"39.0437,-77.4875",AS31898 Oracle Corporation,20147,America/New_York,
,North Bergen,New Jersey,US,"40.8043,-74.0121","AS14061 DigitalOcean, LLC",07047,America/New_York,
82.12.155.104.bc.googleusercontent.com,Brussels,Brussels Capital,BE,"50.8505,4.3488",AS396982 Google LLC,1000,Europe/Brussels,
pool-99-254-131-225.cpe.net.cable.rogers.com,Newmarket,Ontario,CA,"44.0501,-79.4663",AS812 Rogers Communications Canada Inc.,L3Y,America/Toronto,
81.44.155.104.bc.googleusercontent.com,Brussels,Brussels Capital,BE,"50.8505,4.3488",AS396982 Google LLC,1000,Europe/Brussels,
pool-98-116-68-199.nycmny.fios.verizon.net,New York City,New York,US,"40.7143,-74.0060",AS701 Verizon Business,10001,America/New_York,
104.84.155.104.bc.googleusercontent.com,Brussels,Brussels Capital,BE,"50.8505,4.3488",AS396982 Google LLC,1000,Europe/Brussels,
107.191.43.78.vultrusercontent.com,Piscataway,New Jersey,US,"40.4993,-74.3990","AS20473 The Constant Company, LLC",08854,America/New_York,
syn-108-188-190-152.biz.spectrum.com,Cocoa,Florida,US,"28.3861,-80.7420","AS33363 Charter Communications, Inc",32922,America/New_York,
,Frankfurt am Main,Hesse,DE,"50.1155,8.6842","AS14061 DigitalOcean, LLC",60306,Europe/Berlin,
,Tseung Kwan O,Sai Kung,HK,"22.3279,114.2499",AS138415 Yancy Limited,999077,Asia/Hong_Kong,
,Vancouver,British Columbia,CA,"49.2497,-123.1193",AS11831 eSecureData,V5Y,America/Vancouver,
,Los Angeles,California,US,"34.0522,-118.2437",AS46573 LayerHost,90009,America/Los_Angeles,
dynamic.libertypr.net,Aguada,Aguada,PR,"18.3794,-67.1882",AS14638 Liberty Communications of Puerto Rico LLC,00602,America/Puerto_Rico,
ool-18bf7ecf.dyn.optonline.net,New York City,New York,US,"40.7143,-74.0060",AS6128 Cablevision Systems Corp.,10001,America/New_York,
ip-74-83-225-239.dynamic.fuse.net,Cincinnati,Ohio,US,"39.1271,-84.5144",AS6181 Cincinnati Bell Telephone Company LLC,45219,America/New_York,
,Comerío,Comerío,PR,"18.2180,-66.2260",AS53764 DM Wireless LLC,00782,America/Puerto_Rico,
c-73-26-116-1.hsd1.nm.comcast.net,Albuquerque,New Mexico,US,"35.0845,-106.6511","AS7922 Comcast Cable Communications, LLC",87102,America/Denver,
ip-64-66-226-135.xplore.ca,Chatham,Ontario,CA,"42.4122,-82.1849",,N7L,America/Toronto,
ip-64-66-226-162.xplore.ca,Chatham,Ontario,CA,"42.4122,-82.1849",,N7L,America/Toronto,
c-67-161-47-247.hsd1.ca.comcast.net,Hillsborough,California,US,"37.5741,-122.3794","AS7922 Comcast Cable Communications, LLC",94010,America/Los_Angeles,
69-164-214-50.ip.linodeusercontent.com,Cedar Knolls,New Jersey,US,"40.8220,-74.4488",AS63949 Akamai Connected Cloud,07927,America/New_York,
63-156-201-126.dia.static.qwest.net,Los Angeles,California,US,"34.0522,-118.2437","AS209 CenturyLink Communications, LLC",90009,America/Los_Angeles,
d14-69-75-36.try.wideopenwest.com,Rochester Hills,Michigan,US,"42.6584,-83.1499",AS12083 WideOpenWest Finance LLC,48307,America/Detroit,
syn-047-133-165-142.res.spectrum.com,Roanoke Rapids,North Carolina,US,"36.4615,-77.6542",AS20115 Charter Communications LLC,27870,America/New_York,
syn-047-039-060-069.res.spectrum.com,Roseburg,Oregon,US,"43.2165,-123.3417",AS20115 Charter Communications LLC,97470,America/Los_Angeles,
,Montréal,Quebec,CA,"45.5088,-73.5878",AS398721 OXIO,H3H,America/Toronto,
sng119.arandomserver.com,Singapore,Singapore,SG,"1.2897,103.8501",AS59253 LEASEWEB SINGAPORE PTE. LTD.,018989,Asia/Singapore,
,Santa Clara,California,US,"37.3483,-121.9844","AS14061 DigitalOcean, LLC",95051,America/Los_Angeles,
,Santa Clara,California,US,"37.3483,-121.9844","AS14061 DigitalOcean, LLC",95051,America/Los_Angeles,
,North Bergen,New Jersey,US,"40.8043,-74.0121","AS14061 DigitalOcean, LLC",07047,America/New_York,
,Manila,Metro Manila,PH,"14.6042,120.9822",AS54994 Meteverse Limited.,1001,Asia/Manila,
,Stockholm,Stockholm,SE,"59.3294,18.0687",AS54994 Meteverse Limited.,195 87,Europe/Stockholm,
,Tseung Kwan O,Sai Kung,HK,"22.3279,114.2499",AS142403 YISU CLOUD LTD,999077,Asia/Hong_Kong,
,London,England,GB,"51.5085,-0.1257","AS14061 DigitalOcean, LLC",E1W,Europe/London,
,London,England,GB,"51.5085,-0.1257","AS14061 DigitalOcean, LLC",E1W,Europe/London,
,Los Angeles,California,US,"34.0522,-118.2437",AS21859 Zenlayer Inc,90009,America/Los_Angeles,
vmta173.85.lstrk.net,Lancaster,Pennsylvania,US,"40.0379,-76.3055",AS394396 Listrak,17611,America/New_York,
108-233-124-34.lightspeed.sntcca.sbcglobal.net,Sunnyvale,California,US,"37.3764,-122.0238","AS7018 AT&T Enterprises, LLC",94086,America/Los_Angeles,
108-88-114-201.lightspeed.lbcktx.sbcglobal.net,Amarillo,Texas,US,"35.1663,-101.8868","AS7018 AT&T Enterprises, LLC",79109,America/Chicago,
,Tseung Kwan O,Sai Kung,HK,"22.3279,114.2499",AS134175 SH2206-AP,999077,Asia/Hong_Kong,
172-245-90-244-host.colocrossing.com,Elk Grove Village,Illinois,US,"42.0039,-87.9703",AS36352 HostPapa,60009,America/Chicago,
,Seoul,Seoul,KR,"37.5660,126.9784",AS395776 FEDERAL ONLINE GROUP LLC,03141,Asia/Seoul,
mail213.cpro20.com,Montréal,Quebec,CA,"45.5088,-73.5878","AS16509 Amazon.com, Inc.",H3H,America/Toronto,
209-41-67-113.databank.com,Herriman,Utah,US,"40.5141,-112.0330","AS13767 DataBank Holdings, Ltd.",84096,America/Denver,
u95.datasoft.ws,Toronto,Ontario,CA,"43.6513,-79.3756",AS23311 Agnico Eagle,M5C,America/Toronto,
161.127.240.35.bc.googleusercontent.com,Brussels,Brussels Capital,BE,"50.8505,4.3488",AS396982 Google LLC,1000,Europe/Brussels,
127.34.240.35.bc.googleusercontent.com,Brussels,Brussels Capital,BE,"50.8505,4.3488",AS396982 Google LLC,1000,Europe/Brussels,
190.247.76.34.bc.googleusercontent.com,Brussels,Brussels Capital,BE,"50.8505,4.3488",AS396982 Google LLC,1000,Europe/Brussels,
182.108.241.35.bc.googleusercontent.com,Hong Kong,Hong Kong,HK,"22.2783,114.1747",AS396982 Google LLC,999077,Asia/Hong_Kong,
176.142.92.34.bc.googleusercontent.com,Hong Kong,Hong Kong,HK,"22.2783,114.1747",AS396982 Google LLC,999077,Asia/Hong_Kong,
186.49.187.35.bc.googleusercontent.com,Brussels,Brussels Capital,BE,"50.8505,4.3488",AS396982 Google LLC,1000,Europe/Brussels,
120.212.190.35.bc.googleusercontent.com,Brussels,Brussels Capital,BE,"50.8505,4.3488",AS396982 Google LLC,1000,Europe/Brussels,
syn-070-114-042-066.res.spectrum.com,San Antonio,Texas,US,"29.3831,-98.3960",AS11427 Charter Communications Inc,78222,America/Chicago,
116.227.76.34.bc.googleusercontent.com,Brussels,Brussels Capital,BE,"50.8505,4.3488",AS396982 Google LLC,1000,Europe/Brussels,
c-67-162-173-150.hsd1.fl.comcast.net,Orlando,Florida,US,"28.5383,-81.3792","AS7922 Comcast Cable Communications, LLC",32801,America/New_York,
166.141.192.35.bc.googleusercontent.com,Council Bluffs,Iowa,US,"41.2619,-95.8608",AS396982 Google LLC,51502,America/Chicago,
,San Francisco,California,US,"37.7749,-122.4194",AS36086 Telx,94102,America/Los_Angeles,
syn-074-139-182-156.res.spectrum.com,Louisville,Kentucky,US,"38.3045,-85.5815",AS10796 Charter Communications Inc,40241,America/Kentucky/Louisville,
,Marabella,San Fernando,TT,"10.3062,-61.4467",AS27665 Columbus Communications Trinidad Limited.,,America/Port_of_Spain,
,San Juan,San Juan,PR,"18.4663,-66.1057",AS14979 Aeronet Wireless,00901,America/Puerto_Rico,
,Las Vegas,Nevada,US,"36.1750,-115.1372",AS53667 FranTech Solutions,89111,America/Los_Angeles,
mail3.infovievv.com,Los Angeles,California,US,"34.0522,-118.2437",AS395092 Shock Hosting LLC,90009,America/Los_Angeles,
,Los Angeles,California,US,"34.0522,-118.2437",AS40065 CNSERVERS LLC,90009,America/Los_Angeles,
syn-024-165-159-099.res.spectrum.com,Erie,Pennsylvania,US,"42.1087,-79.9535",AS10796 Charter Communications Inc,16510,America/New_York,
248.136.76.34.bc.googleusercontent.com,Brussels,Brussels Capital,BE,"50.8505,4.3488",AS396982 Google LLC,1000,Europe/Brussels,
19.244.76.34.bc.googleusercontent.com,Brussels,Brussels Capital,BE,"50.8505,4.3488",AS396982 Google LLC,1000,Europe/Brussels,
152.65.76.34.bc.googleusercontent.com,Brussels,Brussels Capital,BE,"50.8505,4.3488",AS396982 Google LLC,1000,Europe/Brussels,
232.107.196.35.bc.googleusercontent.com,North Charleston,South Carolina,US,"32.8546,-79.9748",AS396982 Google LLC,29415,America/New_York,
217.194.224.35.bc.googleusercontent.com,Council Bluffs,Iowa,US,"41.2619,-95.8608",AS396982 Google LLC,51502,America/Chicago,
245.94.229.35.bc.googleusercontent.com,North Charleston,South Carolina,US,"32.8546,-79.9748",AS396982 Google LLC,29415,America/New_York,
92.17.233.35.bc.googleusercontent.com,Brussels,Brussels Capital,BE,"50.8505,4.3488",AS396982 Google LLC,1000,Europe/Brussels,
65.195.241.35.bc.googleusercontent.com,Brussels,Brussels Capital,BE,"50.8505,4.3488",AS396982 Google LLC,1000,Europe/Brussels,
169.250.241.35.bc.googleusercontent.com,Brussels,Brussels Capital,BE,"50.8505,4.3488",AS396982 Google LLC,1000,Europe/Brussels,
d50-98-254-36.bchsia.telus.net,Kitimat,British Columbia,CA,"54.0524,-128.6534",AS852 TELUS Communications Inc.,V8C,America/Vancouver,
syn-075-115-215-086.res.spectrum.com,Lecanto,Florida,US,"28.8516,-82.4876","AS33363 Charter Communications, Inc",34461,America/New_York,
,Savannah,Missouri,US,"39.9417,-94.8303",AS393442 United Electric Cooperative,64485,America/Chicago,
c-73-162-64-224.hsd1.ca.comcast.net,Antioch,California,US,"38.0049,-121.8058","AS7922 Comcast Cable Communications, LLC",94509,America/Los_Angeles,
c-73-49-93-141.hsd1.fl.comcast.net,Pembroke Pines,Florida,US,"26.0032,-80.2239","AS7922 Comcast Cable Communications, LLC",33082,America/New_York,
syn-070-119-040-057.res.spectrum.com,Corpus Christi,Texas,US,"27.7311,-97.3877",AS11427 Charter Communications Inc,78411,America/Chicago,
c-73-55-207-120.hsd1.tx.comcast.net,Houston,Texas,US,"29.7633,-95.3633","AS7922 Comcast Cable Communications, LLC",77002,America/Chicago,
c74-197-165-166.dh.suddenlink.net,Doyline,Louisiana,US,"32.5357,-93.4110",AS19108 Optimum,71023,America/Chicago,
c-69-245-66-254.hsd1.ga.comcast.net,Savannah,Georgia,US,"32.0835,-81.0998","AS7922 Comcast Cable Communications, LLC",31402,America/New_York,
dynamic.libertypr.net,Carolina,Carolina,PR,"18.3808,-65.9574",AS14638 Liberty Communications of Puerto Rico LLC,00983,America/Puerto_Rico,
syn-072-031-040-122.biz.spectrum.com,Spring Hill,Florida,US,"28.4769,-82.5255","AS33363 Charter Communications, Inc",34609,America/New_York,
bras-base-cksnon1659w-grc-48-70-24-9-115.dsl.bell.ca,Vaughan,Ontario,CA,"43.8361,-79.4983",AS577 Bell Canada,L6A,America/Toronto,
pool-71-190-182-143.nycmny.fios.verizon.net,Scarsdale,New York,US,"41.0051,-73.7846",AS701 Verizon Business,10583,America/New_York,
syn-068-117-064-184.res.spectrum.com,Mankato,Minnesota,US,"44.1538,-93.9960",AS20115 Charter Communications LLC,56001,America/Chicago,
c-69-136-189-113.hsd1.il.comcast.net,New Lenox,Illinois,US,"41.5120,-87.9656","AS7922 Comcast Cable Communications, LLC",60451,America/Chicago,
bras-base-burlon0233w-grc-114-50-100-44-34.dsl.bell.ca,Mississauga,Ontario,CA,"43.5789,-79.6583",AS577 Bell Canada,L5C,America/Toronto,
,Grande Prairie,Alberta,CA,"55.1667,-118.8027",AS852 TELUS Communications Inc.,T8W,America/Edmonton,
207-244-149-82-reverse.wowrack.com,Seattle,Washington,US,"47.4889,-122.3012",AS27323 Wowrack.com,98168,America/Los_Angeles,
,Rapid City,South Dakota,US,"44.0805,-103.2310",AS20412 Clarity Telecom LLC,57703,America/Denver,
184-155-138-253.cpe.sparklight.net,Dyersburg,Tennessee,US,"36.0444,-89.3836","AS11492 CABLE ONE, INC.",38024,America/Chicago,
d154-5-151-143.bchsia.telus.net,Vancouver,British Columbia,CA,"49.2497,-123.1193",AS852 TELUS Communications Inc.,V5Y,America/Vancouver,
sydnns0115w-156-57-10-136.dhcp-dynamic.fibreop.ns.bellaliant.net,Sydney,Nova Scotia,CA,"46.1351,-60.1831",AS855 Bell Canada,B1P,America/Glace_Bay,
,Clifton,New Jersey,US,"40.8344,-74.1377","AS14061 DigitalOcean, LLC",07014,America/New_York,
136-63-56-227.googlefiber.net,Lenexa,Kansas,US,"38.9536,-94.7336",AS16591 Google Fiber Inc.,66215,America/Chicago,
,Clifton,New Jersey,US,"40.8344,-74.1377","AS14061 DigitalOcean, LLC",07014,America/New_York,
pool-98-117-178-14.bflony.fios.verizon.net,Buffalo,New York,US,"42.8865,-78.8784",AS701 Verizon Business,14202,America/New_York,
108-220-3-201.uvs.cicril.sbcglobal.net,Cicero,Illinois,US,"41.8456,-87.7539","AS7018 AT&T Enterprises, LLC",60804,America/Chicago,
,North Bergen,New Jersey,US,"40.8043,-74.0121","AS14061 DigitalOcean, LLC",07047,America/New_York,
192-3-159-21-host.colocrossing.com,Los Angeles,California,US,"34.0522,-118.2437",AS36352 HostPapa,90009,America/Los_Angeles,
,Old Harbour,Saint Catherine Parish,JM,"17.9414,-77.1090",AS30689 FLOW,,America/Jamaica,
31.102.155.104.bc.googleusercontent.com,Brussels,Brussels Capital,BE,"50.8505,4.3488",AS396982 Google LLC,1000,Europe/Brussels,
248.99.155.104.bc.googleusercontent.com,Brussels,Brussels Capital,BE,"50.8505,4.3488",AS396982 Google LLC,1000,Europe/Brussels,
108-213-57-211.lightspeed.miamfl.sbcglobal.net,Miami,Florida,US,"25.6062,-80.3426","AS7018 AT&T Enterprises, LLC",33157,America/New_York,
,Shiloh,Pennsylvania,US,"39.9781,-76.7972","AS7922 Comcast Cable Communications, LLC",17404,America/New_York,
,Luxembourg,Luxembourg,LU,"49.6117,6.1300",AS6661 POST Luxembourg,L-1114,Europe/Luxembourg,
pool-108-27-52-107.nycmny.fios.verizon.net,New York City,New York,US,"40.7143,-74.0060",AS701 Verizon Business,10001,America/New_York,
,Bangkok,Bangkok,TH,"13.7083,100.4562",AS984 OCTOPUS WEB SOLUTION INC,10110,Asia/Bangkok,
syn-174-102-001-043.res.spectrum.com,Versailles,Kentucky,US,"38.0413,-84.7287",AS10796 Charter Communications Inc,40383,America/New_York,
innovation.jcdecaux.com,Dunkerque,Hauts-de-France,FR,"51.0344,2.3768",AS200484 Sendinblue SAS,59140,Europe/Paris,
,Philadelphia,Pennsylvania,US,"39.9524,-75.1636",AS63427 Computer Design & Integration LLC,19099,America/New_York,
91.73.easefunds.com,Seattle,Washington,US,"47.6062,-122.3321","AS16509 Amazon.com, Inc.",98101,America/Los_Angeles,
syn-024-168-077-228.res.spectrum.com,New York City,New York,US,"40.7143,-74.0060",AS12271 Charter Communications Inc,10001,America/New_York,
syn-024-243-141-061.res.spectrum.com,Laredo,Texas,US,"27.5569,-99.4907",AS11427 Charter Communications Inc,78041,America/Chicago,
dynamic.libertypr.net,Ponce,Ponce,PR,"18.0103,-66.6240",AS14638 Liberty Communications of Puerto Rico LLC,00716,America/Puerto_Rico,
127.149.76.34.bc.googleusercontent.com,Brussels,Brussels Capital,BE,"50.8505,4.3488",AS396982 Google LLC,1000,Europe/Brussels,
202.149.76.34.bc.googleusercontent.com,Brussels,Brussels Capital,BE,"50.8505,4.3488",AS396982 Google LLC,1000,Europe/Brussels,
135.167.76.34.bc.googleusercontent.com,Brussels,Brussels Capital,BE,"50.8505,4.3488",AS396982 Google LLC,1000,Europe/Brussels,
203.177.76.34.bc.googleusercontent.com,Brussels,Brussels Capital,BE,"50.8505,4.3488",AS396982 Google LLC,1000,Europe/Brussels,
102.183.76.34.bc.googleusercontent.com,Brussels,Brussels Capital,BE,"50.8505,4.3488",AS396982 Google LLC,1000,Europe/Brussels,
137.255.76.34.bc.googleusercontent.com,Brussels,Brussels Capital,BE,"50.8505,4.3488",AS396982 Google LLC,1000,Europe/Brussels,
98.29.76.34.bc.googleusercontent.com,Brussels,Brussels Capital,BE,"50.8505,4.3488",AS396982 Google LLC,1000,Europe/Brussels,
141.59.76.34.bc.googleusercontent.com,Brussels,Brussels Capital,BE,"50.8505,4.3488",AS396982 Google LLC,1000,Europe/Brussels,
102.83.76.34.bc.googleusercontent.com,Brussels,Brussels Capital,BE,"50.8505,4.3488",AS396982 Google LLC,1000,Europe/Brussels,
72.13.187.35.bc.googleusercontent.com,Brussels,Brussels Capital,BE,"50.8505,4.3488",AS396982 Google LLC,1000,Europe/Brussels,
106.16.187.35.bc.googleusercontent.com,Brussels,Brussels Capital,BE,"50.8505,4.3488",AS396982 Google LLC,1000,Europe/Brussels,
18.188.187.35.bc.googleusercontent.com,Brussels,Brussels Capital,BE,"50.8505,4.3488",AS396982 Google LLC,1000,Europe/Brussels,
158.49.187.35.bc.googleusercontent.com,Brussels,Brussels Capital,BE,"50.8505,4.3488",AS396982 Google LLC,1000,Europe/Brussels,
137.63.187.35.bc.googleusercontent.com,Brussels,Brussels Capital,BE,"50.8505,4.3488",AS396982 Google LLC,1000,Europe/Brussels,
15.87.187.35.bc.googleusercontent.com,Brussels,Brussels Capital,BE,"50.8505,4.3488",AS396982 Google LLC,1000,Europe/Brussels,
51.195.189.35.bc.googleusercontent.com,Brussels,Brussels Capital,BE,"50.8505,4.3488",AS396982 Google LLC,1000,Europe/Brussels,
230.210.189.35.bc.googleusercontent.com,Brussels,Brussels Capital,BE,"50.8505,4.3488",AS396982 Google LLC,1000,Europe/Brussels,
117.211.189.35.bc.googleusercontent.com,Brussels,Brussels Capital,BE,"50.8505,4.3488",AS396982 Google LLC,1000,Europe/Brussels,
248.223.190.35.bc.googleusercontent.com,Brussels,Brussels Capital,BE,"50.8505,4.3488",AS396982 Google LLC,1000,Europe/Brussels,
21.114.233.35.bc.googleusercontent.com,Brussels,Brussels Capital,BE,"50.8505,4.3488",AS396982 Google LLC,1000,Europe/Brussels,
213.127.233.35.bc.googleusercontent.com,Brussels,Brussels Capital,BE,"50.8505,4.3488",AS396982 Google LLC,1000,Europe/Brussels,
41.56.233.35.bc.googleusercontent.com,Brussels,Brussels Capital,BE,"50.8505,4.3488",AS396982 Google LLC,1000,Europe/Brussels,
179.62.233.35.bc.googleusercontent.com,Brussels,Brussels Capital,BE,"50.8505,4.3488",AS396982 Google LLC,1000,Europe/Brussels,
215.86.233.35.bc.googleusercontent.com,Brussels,Brussels Capital,BE,"50.8505,4.3488",AS396982 Google LLC,1000,Europe/Brussels,
132.119.240.35.bc.googleusercontent.com,Brussels,Brussels Capital,BE,"50.8505,4.3488",AS396982 Google LLC,1000,Europe/Brussels,
152.127.240.35.bc.googleusercontent.com,Brussels,Brussels Capital,BE,"50.8505,4.3488",AS396982 Google LLC,1000,Europe/Brussels,
102.17.240.35.bc.googleusercontent.com,Brussels,Brussels Capital,BE,"50.8505,4.3488",AS396982 Google LLC,1000,Europe/Brussels,
24.18.240.35.bc.googleusercontent.com,Brussels,Brussels Capital,BE,"50.8505,4.3488",AS396982 Google LLC,1000,Europe/Brussels,
65.23.240.35.bc.googleusercontent.com,Brussels,Brussels Capital,BE,"50.8505,4.3488",AS396982 Google LLC,1000,Europe/Brussels,
136.35.240.35.bc.googleusercontent.com,Brussels,Brussels Capital,BE,"50.8505,4.3488",AS396982 Google LLC,1000,Europe/Brussels,
236.43.240.35.bc.googleusercontent.com,Brussels,Brussels Capital,BE,"50.8505,4.3488",AS396982 Google LLC,1000,Europe/Brussels,
162.56.240.35.bc.googleusercontent.com,Brussels,Brussels Capital,BE,"50.8505,4.3488",AS396982 Google LLC,1000,Europe/Brussels,
205.76.240.35.bc.googleusercontent.com,Brussels,Brussels Capital,BE,"50.8505,4.3488",AS396982 Google LLC,1000,Europe/Brussels,
75.172.241.35.bc.googleusercontent.com,Brussels,Brussels Capital,BE,"50.8505,4.3488",AS396982 Google LLC,1000,Europe/Brussels,
69.174.241.35.bc.googleusercontent.com,Brussels,Brussels Capital,BE,"50.8505,4.3488",AS396982 Google LLC,1000,Europe/Brussels,
177.208.241.35.bc.googleusercontent.com,Brussels,Brussels Capital,BE,"50.8505,4.3488",AS396982 Google LLC,1000,Europe/Brussels,
15.213.241.35.bc.googleusercontent.com,Brussels,Brussels Capital,BE,"50.8505,4.3488",AS396982 Google LLC,1000,Europe/Brussels,
147.221.241.35.bc.googleusercontent.com,Brussels,Brussels Capital,BE,"50.8505,4.3488",AS396982 Google LLC,1000,Europe/Brussels,
,Tseung Kwan O,Sai Kung,HK,"22.3279,114.2499",AS134548 DXTL Tseung Kwan O Service,999077,Asia/Hong_Kong,
47-152-56-161.fdr01.etwn.ca.ip.frontiernet.net,Fontana,California,US,"34.0922,-117.4351","AS5650 Frontier Communications of America, Inc.",92334,America/Los_Angeles,
45.76.252.56.vultrusercontent.com,Atlanta,Georgia,US,"33.7865,-84.4454","AS20473 The Constant Company, LLC",30318,America/New_York,
,Boydton,Virginia,US,"36.6676,-78.3875",AS8075 Microsoft Corporation,23917,America/New_York,
216-169-86-167.scinternet.net,Page,Arizona,US,"36.9147,-111.4558","AS26253 South Central Communications, Inc.",86040,America/Phoenix,
,Pincher Creek,Alberta,CA,"49.4833,-113.9519",AS63052 Columbia Basin Broadband Corporation,,America/Edmonton,
dynamic.libertypr.net,Trujillo Alto,Trujillo Alto,PR,"18.3547,-66.0074",AS14638 Liberty Communications of Puerto Rico LLC,00976,America/Puerto_Rico,
,Dartmouth,Nova Scotia,CA,"44.6713,-63.5772",AS53913 City Wide Communications Inc.,B3A,America/Halifax,
,Santa Clara,California,US,"37.3483,-121.9844","AS14061 DigitalOcean, LLC",95051,America/Los_Angeles,
33.4.148.146.bc.googleusercontent.com,Brussels,Brussels Capital,BE,"50.8505,4.3488",AS396982 Google LLC,1000,Europe/Brussels,
ool-944ac9dc.dyn.optonline.net,Yonkers,New York,US,"40.9312,-73.8988",AS6128 Cablevision Systems Corp.,10702,America/New_York,
140-211-168-68-openstack.osuosl.org,Monmouth,Oregon,US,"44.8484,-123.2340",AS3701 University of Oregon,97361,America/Los_Angeles,
lnsm1-toronto12-142-120-95-11.internet.virginmobile.ca,Hamilton,Ontario,CA,"43.2501,-79.8496",AS577 Bell Canada,L8M,America/Toronto,
,Santa Clara,California,US,"37.3924,-121.9623",AS18779 EGIHosting,95054,America/Los_Angeles,
,Ashburn,Virginia,US,"39.0437,-77.4875",AS701 Verizon Business,20147,America/New_York,
178.106.211.130.bc.googleusercontent.com,Brussels,Brussels Capital,BE,"50.8505,4.3488",AS396982 Google LLC,1000,Europe/Brussels,
gdlaw.ca,Toronto,Ontario,CA,"43.7064,-79.3986","AS14061 DigitalOcean, LLC",M5A,America/Toronto,
,Toronto,Ontario,CA,"43.7064,-79.3986","AS14061 DigitalOcean, LLC",M5A,America/Toronto,
108-238-57-202.lightspeed.bcvloh.sbcglobal.net,Cleveland,Ohio,US,"41.4509,-81.6190","AS7018 AT&T Enterprises, LLC",44105,America/New_York,
19.76.199.104.bc.googleusercontent.com,Brussels,Brussels Capital,BE,"50.8505,4.3488",AS396982 Google LLC,1000,Europe/Brussels,
fiu4.nc3octtom.com,Santa Clara,California,US,"37.3924,-121.9623","AS396948 Kamatera, Inc.",95054,America/Los_Angeles,
102.110.155.104.bc.googleusercontent.com,Brussels,Brussels Capital,BE,"50.8505,4.3488",AS396982 Google LLC,1000,Europe/Brussels,
144.117.155.104.bc.googleusercontent.com,Brussels,Brussels Capital,BE,"50.8505,4.3488",AS396982 Google LLC,1000,Europe/Brussels,
249.125.155.104.bc.googleusercontent.com,Brussels,Brussels Capital,BE,"50.8505,4.3488",AS396982 Google LLC,1000,Europe/Brussels,
128.2.155.104.bc.googleusercontent.com,Brussels,Brussels Capital,BE,"50.8505,4.3488",AS396982 Google LLC,1000,Europe/Brussels,
28.76.155.104.bc.googleusercontent.com,Brussels,Brussels Capital,BE,"50.8505,4.3488",AS396982 Google LLC,1000,Europe/Brussels,
,Los Angeles,California,US,"34.0522,-118.2437",AS35908 Krypt Technologies,90009,America/Los_Angeles,
syn-096-028-083-198.res.spectrum.com,Lexington,Kentucky,US,"38.0102,-84.4274",AS10796 Charter Communications Inc,40509,America/New_York,
,Burlington,Massachusetts,US,"42.5048,-71.1956","AS7922 Comcast Cable Communications, LLC",01803,America/New_York,
,Atlanta,Georgia,US,"33.7490,-84.3880","AS7922 Comcast Cable Communications, LLC",30302,America/New_York,
syn-097-104-128-180.res.spectrum.com,Orlando,Florida,US,"28.3774,-81.1888","AS33363 Charter Communications, Inc",32832,America/New_York,
syn-075-185-105-219.res.spectrum.com,Louisville,Kentucky,US,"38.1381,-85.6953",AS10796 Charter Communications Inc,40219,America/Kentucky/Louisville,
ool-4b63ec56.static.optonline.net,Stratford,Connecticut,US,"41.1845,-73.1332",AS6128 Cablevision Systems Corp.,06615,America/New_York,
c-76-106-74-37.hsd1.md.comcast.net,Waldorf,Maryland,US,"38.6246,-76.9391","AS7922 Comcast Cable Communications, LLC",20603,America/New_York,
syn-071-084-084-130.res.spectrum.com,Riverside,California,US,"33.9315,-117.4119",AS20115 Charter Communications LLC,92504,America/Los_Angeles,
c-73-125-172-52.hsd1.fl.comcast.net,Hollywood,Florida,US,"26.0112,-80.1495","AS7922 Comcast Cable Communications, LLC",33020,America/New_York,
c-73-152-248-167.hsd1.va.comcast.net,Petersburg,Virginia,US,"37.2279,-77.4019","AS7922 Comcast Cable Communications, LLC",23804,America/New_York,
c-73-56-190-12.hsd1.fl.comcast.net,Port Saint Lucie,Florida,US,"27.2939,-80.3503","AS7922 Comcast Cable Communications, LLC",34985,America/New_York,
c-73-73-100-128.hsd1.il.comcast.net,Antioch,Illinois,US,"42.4772,-88.0956","AS7922 Comcast Cable Communications, LLC",60002,America/Chicago,
syn-074-129-096-005.res.spectrum.com,Evansville,Indiana,US,"38.0617,-87.5548",AS10796 Charter Communications Inc,47711,America/Chicago,
dynamic.libertypr.net,Bayamón,Bayamón,PR,"18.3986,-66.1557",AS14638 Liberty Communications of Puerto Rico LLC,00956,America/Puerto_Rico,
,Union City,California,US,"37.5958,-122.0191","AS7922 Comcast Cable Communications, LLC",94587,America/Los_Angeles,
c-71-60-74-147.hsd1.pa.comcast.net,Aliquippa,Pennsylvania,US,"40.6367,-80.2401","AS7922 Comcast Cable Communications, LLC",15001,America/New_York,
,San Diego,California,US,"32.7157,-117.1647","AS10439 CariNet, Inc.",92101,America/Los_Angeles,
c-66-56-32-132.hsd1.ga.comcast.net,Atlanta,Georgia,US,"33.7490,-84.3880","AS7922 Comcast Cable Communications, LLC",30302,America/New_York,
wsip-68-15-33-126.ri.ri.cox.net,Providence,Rhode Island,US,"41.8240,-71.4128",AS22773 Cox Communications Inc.,02901,America/New_York,
50-242-55-185-static.hfc.comcastbusiness.net,South Hill,Virginia,US,"36.7265,-78.1289","AS7922 Comcast Cable Communications, LLC",23970,America/New_York,
static-50-125-69-187.cor02.sttl.wa.ptr.ziplyfiber.com,Redmond,Washington,US,"47.6740,-122.1215",AS20055 Wholesail networks LLC,98052,America/Los_Angeles,
50-39-106-98.bvtn.or.ptr.ziplyfiber.com,Portland,Oregon,US,"45.5483,-122.8276",AS20055 Wholesail networks LLC,97229,America/Los_Angeles,
ec2-3-88-76-54.compute-1.amazonaws.com,Ashburn,Virginia,US,"39.0437,-77.4875","AS14618 Amazon.com, Inc.",20147,America/New_York,
,Toronto,Ontario,CA,"43.7064,-79.3986",AS8075 Microsoft Corporation,M5A,America/Toronto,
187.125.187.35.bc.googleusercontent.com,Brussels,Brussels Capital,BE,"50.8505,4.3488",AS396982 Google LLC,1000,Europe/Brussels,
155.219.189.35.bc.googleusercontent.com,Brussels,Brussels Capital,BE,"50.8505,4.3488",AS396982 Google LLC,1000,Europe/Brussels,
131.227.189.35.bc.googleusercontent.com,Brussels,Brussels Capital,BE,"50.8505,4.3488",AS396982 Google LLC,1000,Europe/Brussels,
22.80.233.35.bc.googleusercontent.com,Brussels,Brussels Capital,BE,"50.8505,4.3488",AS396982 Google LLC,1000,Europe/Brussels,
116.9.240.35.bc.googleusercontent.com,Brussels,Brussels Capital,BE,"50.8505,4.3488",AS396982 Google LLC,1000,Europe/Brussels,
77.170.241.35.bc.googleusercontent.com,Brussels,Brussels Capital,BE,"50.8505,4.3488",AS396982 Google LLC,1000,Europe/Brussels,
76-227-185-142.lightspeed.livnmi.sbcglobal.net,Detroit,Michigan,US,"42.4260,-83.1500","AS7018 AT&T Enterprises, LLC",48221,America/Detroit,
adsl-074-184-043-048.sip.asm.bellsouth.net,Gillsville,Georgia,US,"34.3079,-83.6335","AS6389 AT&T Enterprises, LLC",30543,America/New_York,
pool-68-132-172-193.nycmny.fios.verizon.net,New York City,New York,US,"40.7143,-74.0060",AS701 Verizon Business,10001,America/New_York,
63-155-149-240.eugn.qwest.net,Siletz,Oregon,US,"44.7218,-123.9201","AS209 CenturyLink Communications, LLC",97380,America/Los_Angeles,
dynamic.libertypr.net,Bayamón,Bayamón,PR,"18.3986,-66.1557",AS14638 Liberty Communications of Puerto Rico LLC,00956,America/Puerto_Rico,
,North Bergen,New Jersey,US,"40.8043,-74.0121","AS14061 DigitalOcean, LLC",07047,America/New_York,
c-71-200-107-48.hsd1.dc.comcast.net,Washington,District of Columbia,US,"38.8951,-77.0364","AS7922 Comcast Cable Communications, LLC",20004,America/New_York,
,Covington,Louisiana,US,"30.4755,-90.1004",AS32592 Uniti Fiber Holdings Inc.,70434,America/Chicago,
,Ashburn,Virginia,US,"39.0437,-77.4875","AS6364 Atlantic.net, Inc.",20147,America/New_York,
162-254.46-227.truvista.net,Chester,South Carolina,US,"34.7049,-81.2143",AS12208 TruVista Communications,29706,America/New_York,
lnsm2-torontoxn-142-127-252-240.dsl.bell.ca,Toronto,Ontario,CA,"43.7064,-79.3986",AS577 Bell Canada,M5A,America/Toronto,
,Ashburn,Virginia,US,"39.0437,-77.4875",AS31898 Oracle Corporation,20147,America/New_York,
,Tseung Kwan O,Sai Kung,HK,"22.3279,114.2499",AS134548 DXTL Tseung Kwan O Service,999077,Asia/Hong_Kong,
104-3-69-65.lightspeed.sndgca.sbcglobal.net,Valley Center,California,US,"33.2184,-117.0342","AS7018 AT&T Enterprises, LLC",92082,America/Los_Angeles,
c-98-199-199-164.hsd1.tx.comcast.net,Houston,Texas,US,"29.7633,-95.3633","AS7922 Comcast Cable Communications, LLC",77002,America/Chicago,
d99-199-94-45.bchsia.telus.net,New Westminster,British Columbia,CA,"49.2068,-122.9109",AS852 TELUS Communications Inc.,V3M,America/Vancouver,
,Paris,Île-de-France,FR,"48.8534,2.3488",AS212238 Datacamp Limited,75000,Europe/Paris,
104-189-105-90.lightspeed.wepbfl.sbcglobal.net,Boca Raton,Florida,US,"26.3462,-80.0844","AS7018 AT&T Enterprises, LLC",33432,America/New_York,
107-211-222-154.lightspeed.nworla.sbcglobal.net,Franklinton,Louisiana,US,"30.8473,-90.1553","AS7018 AT&T Enterprises, LLC",70438,America/Chicago,
162-205-20-69.lightspeed.irvnca.sbcglobal.net,Irvine,California,US,"33.6829,-117.8298","AS7018 AT&T Enterprises, LLC",92614,America/Los_Angeles,
74.2e.adb8.ip4.static.sl-reverse.com,Armonk,New York,US,"41.1265,-73.7140",,10504,America/New_York,
las-altale.infra.xyx.moe,Paradise,Nevada,US,"36.0972,-115.1467",AS53667 FranTech Solutions,89119,America/Los_Angeles,
192.191.241.35.bc.googleusercontent.com,Brussels,Brussels Capital,BE,"50.8505,4.3488",AS396982 Google LLC,1000,Europe/Brussels,
dynamic.libertypr.net,San Juan,San Juan,PR,"18.4663,-66.1057",AS14638 Liberty Communications of Puerto Rico LLC,00901,America/Puerto_Rico,
,Binghamton,New York,US,"42.0987,-75.9180","AS31775 Greenlight Networks, LLC",13902,America/New_York,
ool-182c12e4.dyn.optonline.net,East Northport,New York,US,"40.8768,-73.3246",AS6128 Cablevision Systems Corp.,11731,America/New_York,
researchscan392.eecs.umich.edu,Ann Arbor,Michigan,US,"42.2776,-83.7409",AS36375 University of Michigan,48109,America/Detroit,
researchscan393.eecs.umich.edu,Ann Arbor,Michigan,US,"42.2776,-83.7409",AS36375 University of Michigan,48109,America/Detroit,
researchscan394.eecs.umich.edu,Ann Arbor,Michigan,US,"42.2776,-83.7409",AS36375 University of Michigan,48109,America/Detroit,
134.56.166.134.hwccustomers.com,Miami,Florida,US,"25.7743,-80.1937",AS23089 Hotwire Communications,33101,America/New_York,
researchscan397.eecs.umich.edu,Ann Arbor,Michigan,US,"42.2776,-83.7409",AS36375 University of Michigan,48109,America/Detroit,
researchscan395.eecs.umich.edu,Ann Arbor,Michigan,US,"42.2776,-83.7409",AS36375 University of Michigan,48109,America/Detroit,
researchscan396.eecs.umich.edu,Ann Arbor,Michigan,US,"42.2776,-83.7409",AS36375 University of Michigan,48109,America/Detroit,
454910.cloudwaysapps.com,Toronto,Ontario,CA,"43.7064,-79.3986","AS14061 DigitalOcean, LLC",M5A,America/Toronto,
researchscan398.eecs.umich.edu,Ann Arbor,Michigan,US,"42.2776,-83.7409",AS36375 University of Michigan,48109,America/Detroit,
hosted-by.as49870.net,Lelystad,Flevoland,NL,"52.5083,5.4750",AS49870 Alsycon B.V.,8224,Europe/Amsterdam,
,Montréal,Quebec,CA,"45.5088,-73.5878",AS395965 Carrytel,H3H,America/Toronto,
c-76-20-69-183.hsd1.ca.comcast.net,Stockton,California,US,"37.9577,-121.2908","AS7922 Comcast Cable Communications, LLC",95201,America/Los_Angeles,
,Princeton,West Virginia,US,"37.3662,-81.1026",AS19108 Optimum,24739,America/New_York,
syn-074-071-151-224.res.spectrum.com,New York City,New York,US,"40.6301,-74.1607",AS12271 Charter Communications Inc,10303,America/New_York,
syn-072-186-129-013.biz.spectrum.com,Seminole,Florida,US,"27.8397,-82.7912","AS33363 Charter Communications, Inc",33772,America/New_York,
c-68-34-175-19.hsd1.va.comcast.net,Chilhowie,Virginia,US,"36.7985,-81.6823","AS7922 Comcast Cable Communications, LLC",24319,America/New_York,
ool-457041ce.dyn.optonline.net,Newark,New Jersey,US,"40.7357,-74.1724",AS6128 Cablevision Systems Corp.,07102,America/New_York,
,Washington,District of Columbia,US,"38.8951,-77.0364",AS27357 Rackspace Hosting,20004,America/New_York,
,Kansas City,Missouri,US,"39.0997,-94.5786","AS33387 Nocix, LLC",64106,America/Chicago,
,New York City,New York,US,"40.7143,-74.0060",,10001,America/New_York,
alluhere.com,Las Vegas,Nevada,US,"36.1750,-115.1372",AS53667 FranTech Solutions,89111,America/Los_Angeles,
ip-208-76-93-128.static.mvdsl.com,Moapa Valley,Nevada,US,"36.5805,-114.4703",AS20018 Moapa Valley Telephone Company,89021,America/Los_Angeles,
173-18-177-52.client.mchsi.com,Cadiz,Kentucky,US,"36.8650,-87.8353",,42211,America/Chicago,
porter.flounza.com,Buffalo,New York,US,"42.8865,-78.8784",AS36352 HostPapa,14202,America/New_York,
,Honolulu,Hawaii,US,"21.3069,-157.8583",AS19233 Dialogix Telecom,96802,Pacific/Honolulu,
50-248-186-22-static.hfc.comcastbusiness.net,New York City,New York,US,"40.7143,-74.0060","AS7922 Comcast Cable Communications, LLC",10001,America/New_York,
45.76.254.179.vultrusercontent.com,Atlanta,Georgia,US,"33.7865,-84.4454","AS20473 The Constant Company, LLC",30318,America/New_York,
45-79-138-14.ip.linodeusercontent.com,Cedar Knolls,New Jersey,US,"40.8220,-74.4488",AS63949 Akamai Connected Cloud,07927,America/New_York,
47-137-82-70.drr03.vtvl.ca.ip.frontiernet.net,Victorville,California,US,"34.5361,-117.2912","AS5650 Frontier Communications of America, Inc.",92393,America/Los_Angeles,
,Paris,Île-de-France,FR,"48.8534,2.3488",AS212238 Datacamp Limited,75000,Europe/Paris,
bband-96-125-228-110.customer.ardmore.net,New Market,Alabama,US,"34.9100,-86.4278",AS27221 Ardmore Telephone Company Inc.,35761,America/Chicago,
108-239-90-235.lightspeed.irvnca.sbcglobal.net,Gallatin,Tennessee,US,"36.3884,-86.4467","AS7018 AT&T Enterprises, LLC",37066,America/Chicago,
pool-108-30-238-135.nycmny.fios.verizon.net,New York City,New York,US,"40.7143,-74.0060",AS701 Verizon Business,10001,America/New_York,
researchscan399.eecs.umich.edu,Ann Arbor,Michigan,US,"42.2776,-83.7409",AS36375 University of Michigan,48109,America/Detroit,
syn-108-182-023-250.res.spectrum.com,Stanton,California,US,"33.8025,-117.9931",,90680,America/Los_Angeles,
107-210-5-13.lightspeed.rcsntx.sbcglobal.net,The Colony,Texas,US,"33.0890,-96.8864","AS7018 AT&T Enterprises, LLC",75056,America/Chicago,
37.22.148.146.bc.googleusercontent.com,Brussels,Brussels Capital,BE,"50.8505,4.3488",AS396982 Google LLC,1000,Europe/Brussels,
zbuff-research-scan.colorado.edu,Boulder,Colorado,US,"40.0150,-105.2706",AS104 University of Colorado at Boulder,80309,America/Denver,
209-107-214-55.sea.as54203.net,Seattle,Washington,US,"47.6062,-122.3321",,98101,America/Los_Angeles,
23-118-177-22.lightspeed.frokca.sbcglobal.net,Modesto,California,US,"37.6409,-120.9749","AS7018 AT&T Enterprises, LLC",95354,America/Los_Angeles,
,Lenoir,North Carolina,US,"35.9140,-81.5390","AS31863 Centrilogic, Inc.",28633,America/New_York,
dynamic.libertypr.net,Carolina,Carolina,PR,"18.3808,-65.9574",AS14638 Liberty Communications of Puerto Rico LLC,00983,America/Puerto_Rico,
ool-182d3e15.dyn.optonline.net,Hampton Bays,New York,US,"40.8690,-72.5176",AS6128 Cablevision Systems Corp.,11946,America/New_York,
c-73-200-146-152.hsd1.va.comcast.net,Dale City,Virginia,US,"38.6371,-77.3111","AS7922 Comcast Cable Communications, LLC",22191,America/New_York,
c-73-245-127-219.hsd1.fl.comcast.net,Richmond West,Florida,US,"25.6105,-80.4297","AS7922 Comcast Cable Communications, LLC",33177,America/New_York,
c-73-32-102-167.hsd1.tx.comcast.net,Houston,Texas,US,"29.7633,-95.3633","AS7922 Comcast Cable Communications, LLC",77002,America/Chicago,
66-186-104-202.clearwave.com,Mount Vernon,Illinois,US,"38.3173,-88.9031",AS40702 Clearwave Communications,62864,America/Chicago,
,Phoenix,Arizona,US,"33.4484,-112.0740",AS20454 SECURED SERVERS LLC,85001,America/Phoenix,
c-67-184-131-188.hsd1.il.comcast.net,Aurora,Illinois,US,"41.7606,-88.3201","AS7922 Comcast Cable Communications, LLC",60507,America/Chicago,
67-230-242-223.farmerstel.stellarllc.net,Madison,Minnesota,US,"45.0097,-96.1959","AS36374 Stellar Association, LLC",56256,America/Chicago,
,Nassau,New Providence,BS,"25.0582,-77.3431",AS15146 Cable Bahamas,,America/Nassau,
,Miami,Florida,US,"25.7743,-80.1937","AS7922 Comcast Cable Communications, LLC",33101,America/New_York,
ool-2f1063fc.dyn.optonline.net,Hempstead,New York,US,"40.7062,-73.6187",AS6128 Cablevision Systems Corp.,11550,America/New_York,
d205-206-85-202.abhsia.telus.net,Edmonton,Alberta,CA,"53.5185,-113.6579",AS852 TELUS Communications Inc.,T5T,America/Edmonton,
184-75-224-63-dynamic.northstate.net,High Point,North Carolina,US,"36.0036,-80.0036","AS22709 North State Telephone, LLC",27265,America/New_York,
user120.pangaea.us,Spindale,North Carolina,US,"35.3601,-81.9293",AS27631 PANGAEA,28160,America/New_York,
,Amsterdam,North Holland,NL,"52.3740,4.8897","AS14061 DigitalOcean, LLC",1012,Europe/Amsterdam,
,Montréal,Quebec,CA,"45.5088,-73.5878",AS36666 GloboTech Communications,H3H,America/Toronto,
pool-173-79-228-3.washdc.fios.verizon.net,Lake Ridge,Virginia,US,"38.6879,-77.2978",AS701 Verizon Business,22192,America/New_York,
,Amsterdam,North Holland,NL,"52.3740,4.8897","AS14061 DigitalOcean, LLC",1012,Europe/Amsterdam,
c-98-193-210-26.hsd1.tn.comcast.net,Mount Juliet,Tennessee,US,"36.2000,-86.5186","AS7922 Comcast Cable Communications, LLC",37121,America/Chicago,
pool-98-110-208-50.bstnma.fios.verizon.net,The Pinehills,Massachusetts,US,"41.8882,-70.6000",AS701 Verizon Business,02345,America/New_York,
323441.cloudwaysapps.com,Amsterdam,North Holland,NL,"52.3740,4.8897","AS14061 DigitalOcean, LLC",1012,Europe/Amsterdam,
,Amsterdam,North Holland,NL,"52.3740,4.8897","AS14061 DigitalOcean, LLC",1012,Europe/Amsterdam,
ip-215-73-86-167.static.contabo.net,Frankfurt am Main,Hesse,DE,"50.1155,8.6842",AS51167 Contabo GmbH,60306,Europe/Berlin,
syn-097-087-140-025.res.spectrum.com,Oakville,Missouri,US,"38.4701,-90.3046",AS20115 Charter Communications LLC,63129,America/Chicago,
c-98-198-156-102.hsd1.tx.comcast.net,Houston,Texas,US,"29.7633,-95.3633","AS7922 Comcast Cable Communications, LLC",77002,America/Chicago,
pool-99-244-59-188.cpe.net.cable.rogers.com,Toronto,Ontario,CA,"43.7064,-79.3986",AS812 Rogers Communications Canada Inc.,M5A,America/Toronto,
c-98-238-122-130.hsd1.fl.comcast.net,Cape Coral,Florida,US,"26.5629,-81.9495","AS7922 Comcast Cable Communications, LLC",33910,America/New_York,
syn-184-153-093-089.res.spectrum.com,Yonkers,New York,US,"40.7918,-73.9447",AS12271 Charter Communications Inc,10029,America/New_York,
140.82.7.59.vultrusercontent.com,Piscataway,New Jersey,US,"40.4993,-74.3990","AS20473 The Constant Company, LLC",08854,America/New_York,
,Amsterdam,North Holland,NL,"52.3740,4.8897","AS14061 DigitalOcean, LLC",1012,Europe/Amsterdam,
,Amsterdam,North Holland,NL,"52.3740,4.8897","AS14061 DigitalOcean, LLC",1012,Europe/Amsterdam,
pool-108-30-165-242.nycmny.fios.verizon.net,Oceanside,New York,US,"40.6387,-73.6401",AS701 Verizon Business,11572,America/New_York,
107-173-126-118-host.colocrossing.com,Dallas,Texas,US,"32.7831,-96.8067",AS36352 HostPapa,75201,America/Chicago,
107-221-112-77.lightspeed.clmasc.sbcglobal.net,Cayce,South Carolina,US,"33.9657,-81.0740","AS7018 AT&T Enterprises, LLC",29033,America/New_York,
syn-104-175-008-137.res.spectrum.com,Inglewood,California,US,"33.9617,-118.3531",AS20001 Charter Communications Inc,90301,America/Los_Angeles,
,Tacoma,Washington,US,"47.2529,-122.4443","AS30170 Isomedia, Inc.",98401,America/Los_Angeles,
47-137-77-185.drr02.vtvl.ca.ip.frontiernet.net,Victorville,California,US,"34.5361,-117.2912","AS5650 Frontier Communications of America, Inc.",92393,America/Los_Angeles,
,Georgetown,Texas,US,"30.6327,-97.6772",AS19108 Optimum,78626,America/Chicago,
,San Sebastián,San Sebastián,PR,"18.3366,-66.9902",AS14638 Liberty Communications of Puerto Rico LLC,00685,America/Puerto_Rico,
syn-024-175-083-182.res.spectrum.com,Weslaco,Texas,US,"26.1694,-97.9887",AS11427 Charter Communications Inc,78596,America/Chicago,
syn-035-129-072-253.res.spectrum.com,Big Bear City,California,US,"34.2611,-116.8450",AS20115 Charter Communications LLC,92314,America/Los_Angeles,
syn-035-134-126-125.res.spectrum.com,Fort Worth,Texas,US,"32.7639,-97.1781",AS20115 Charter Communications LLC,76120,America/Chicago,
,San Jose,California,US,"37.3394,-121.8950","AS45102 Alibaba (US) Technology Co., Ltd.",95025,America/Los_Angeles,
76-9-82-96-rt-broadband-01.broadband.oakhurst.sti.net,Nipinnawasee,California,US,"37.4041,-119.7329",AS14750 Sierra Tel Internet,93601,America/Los_Angeles,
c-73-158-199-99.hsd1.ca.comcast.net,San Jose,California,US,"37.3394,-121.8950","AS7922 Comcast Cable Communications, LLC",95025,America/Los_Angeles,
c-73-203-24-210.hsd1.co.comcast.net,Greeley,Colorado,US,"40.4233,-104.7091","AS7922 Comcast Cable Communications, LLC",80633,America/Denver,
,San Diego,California,US,"32.7157,-117.1647","AS10439 CariNet, Inc.",92101,America/Los_Angeles,
ip68-224-48-93.lv.lv.cox.net,Las Vegas,Nevada,US,"36.1750,-115.1372",AS22773 Cox Communications Inc.,89111,America/Los_Angeles,
dynamic.libertypr.net,San Juan,San Juan,PR,"18.4663,-66.1057",AS14638 Liberty Communications of Puerto Rico LLC,00901,America/Puerto_Rico,
syn-068-174-119-007.res.spectrum.com,New York City,New York,US,"40.7272,-73.9498",AS12271 Charter Communications Inc,11222,America/New_York,
,Singapore,Singapore,SG,"1.2897,103.8501","AS16509 Amazon.com, Inc.",018989,Asia/Singapore,
,North Bergen,New Jersey,US,"40.8043,-74.0121","AS14061 DigitalOcean, LLC",07047,America/New_York,
dhcp134.cs.columbia.edu,New York City,New York,US,"40.7143,-74.0060",AS14 Columbia University,10001,America/New_York,
,San Jose,California,US,"37.3394,-121.8950","AS23338 DCS Pacific Star, LLC",95025,America/Los_Angeles,
,San Jose,California,US,"37.3394,-121.8950","AS7018 AT&T Enterprises, LLC",95025,America/Los_Angeles,
192-210-220-58-host.colocrossing.com,Buffalo,New York,US,"42.8865,-78.8784",AS36352 HostPapa,14202,America/New_York,
ip-173-236-172-8.dreamhost.com,Wardensville,West Virginia,US,"39.0751,-78.5978","AS26347 New Dream Network, LLC",26851,America/New_York,
pool-173-69-17-34.prvdri.fios.verizon.net,Providence,Rhode Island,US,"41.8240,-71.4128",AS701 Verizon Business,02901,America/New_York,
,Washington,Virginia,US,"38.7135,-78.1594",AS8075 Microsoft Corporation,22747,America/New_York,
,Amsterdam,North Holland,NL,"52.3740,4.8897","AS14061 DigitalOcean, LLC",1012,Europe/Amsterdam,
ool-6c3adf42.static.optonline.net,New York City,New York,US,"40.7143,-74.0060",AS6128 Cablevision Systems Corp.,10001,America/New_York,
108-89-140-72.lightspeed.tukrga.sbcglobal.net,Roswell,Georgia,US,"34.0408,-84.3859","AS7018 AT&T Enterprises, LLC",30075,America/New_York,
,North Bergen,New Jersey,US,"40.8043,-74.0121","AS14061 DigitalOcean, LLC",07047,America/New_York,
,San Jose,California,US,"37.3394,-121.8950",AS54600 PEG TECH INC,95025,America/Los_Angeles,
,Tseung Kwan O,Sai Kung,HK,"22.3279,114.2499","AS134365 Ansheng Network Technology Co., Limited",999077,Asia/Hong_Kong,
,Amsterdam,North Holland,NL,"52.3740,4.8897","AS14061 DigitalOcean, LLC",1012,Europe/Amsterdam,
c-174-49-159-85.hsd1.pa.comcast.net,Parkville,Pennsylvania,US,"39.7812,-76.9633","AS7922 Comcast Cable Communications, LLC",21234,America/New_York,
ecbiz200.inmotionhosting.com,Ashburn,Virginia,US,"39.0437,-77.4875","AS54641 InMotion Hosting, Inc.",20147,America/New_York,
52.195.247.35.bc.googleusercontent.com,São Paulo,São Paulo,BR,"-23.5475,-46.6361",AS396982 Google LLC,01000-000,America/Sao_Paulo,
ec2-35-153-212-28.compute-1.amazonaws.com,Ashburn,Virginia,US,"39.0437,-77.4875","AS14618 Amazon.com, Inc.",20147,America/New_York,
124.50.73.34.bc.googleusercontent.com,North Charleston,South Carolina,US,"32.8546,-79.9748",AS396982 Google LLC,29415,America/New_York,
pool-72-68-97-101.nwrknj.east.verizon.net,West Freehold,New Jersey,US,"40.2421,-74.3013",AS701 Verizon Business,07728,America/New_York,
,Dorado,Dorado,PR,"18.4588,-66.2677",AS14638 Liberty Communications of Puerto Rico LLC,00646,America/Puerto_Rico,
bras-base-bmtnon3749w-grc-74-70-51-248-86.dsl.bell.ca,Brampton,Ontario,CA,"43.6834,-79.7663",AS577 Bell Canada,L6V,America/Toronto,
s01068c763f85e3ce.ed.shawcable.net,Leduc,Alberta,CA,"53.2668,-113.5520",AS6327 Shaw Communications Inc.,T9E,America/Edmonton,
syn-050-088-108-076.res.spectrum.com,Kissimmee,Florida,US,"28.2680,-81.4675","AS33363 Charter Communications, Inc",34746,America/New_York,
45.76.164.46.vultrusercontent.com,Piscataway,New Jersey,US,"40.4993,-74.3990","AS20473 The Constant Company, LLC",08854,America/New_York,
,Ashburn,Virginia,US,"39.0437,-77.4875",AS136744 DREAM POWER TECHNOLOGY LIMITED,20147,America/New_York,
67-1-216-4.tcso.qwest.net,Tucson,Arizona,US,"32.2217,-110.9265","AS209 CenturyLink Communications, LLC",85702,America/Phoenix,
bras-base-arpron0203w-grc-26-76-70-81-212.dsl.bell.ca,Arnprior,Ontario,CA,"45.4334,-76.3494",AS577 Bell Canada,K7S,America/Toronto,
192-117-27-72-br2-dynamic-dsl.cwjamaica.com,Kingston,Kingston,JM,"17.9970,-76.7936",AS30689 FLOW,,America/Jamaica,
pool-72-69-11-73.nycmny.fios.verizon.net,Lindenhurst,New York,US,"40.6868,-73.3735",AS701 Verizon Business,11757,America/New_York,
syn-074-219-076-035.biz.spectrum.com,Livonia,Michigan,US,"42.3684,-83.3527","AS33363 Charter Communications, Inc",48151,America/Detroit,
,San Jose,California,US,"37.3394,-121.8950","AS7018 AT&T Enterprises, LLC",95025,America/Los_Angeles,
192-3-159-20-host.colocrossing.com,Los Angeles,California,US,"34.0522,-118.2437",AS36352 HostPapa,90009,America/Los_Angeles,
172-245-81-168-host.colocrossing.com,Buffalo,New York,US,"42.8865,-78.8784",AS36352 HostPapa,14202,America/New_York,
,Frankfurt am Main,Hesse,DE,"50.1155,8.6842","AS14061 DigitalOcean, LLC",60306,Europe/Berlin,
,Frankfurt am Main,Hesse,DE,"50.1155,8.6842","AS14061 DigitalOcean, LLC",60306,Europe/Berlin,
,Frankfurt am Main,Hesse,DE,"50.1155,8.6842","AS14061 DigitalOcean, LLC",60306,Europe/Berlin,
,Frankfurt am Main,Hesse,DE,"50.1155,8.6842","AS14061 DigitalOcean, LLC",60306,Europe/Berlin,
,Clifton,New Jersey,US,"40.8344,-74.1377","AS14061 DigitalOcean, LLC",07014,America/New_York,
107-173-126-23-host.colocrossing.com,Dallas,Texas,US,"32.7831,-96.8067",AS36352 HostPapa,75201,America/Chicago,
syn-097-085-197-116.res.spectrum.com,Hannibal,Missouri,US,"39.7084,-91.3585",AS20115 Charter Communications LLC,63401,America/Chicago,
c-98-250-198-67.hsd1.mi.comcast.net,Battle Creek,Michigan,US,"42.3173,-85.1782","AS7922 Comcast Cable Communications, LLC",49017,America/Detroit,
host-104-251-241-150.jenolt7.epbfi.com,Chattanooga,Tennessee,US,"35.0456,-85.3097",AS26827 EPB Fiber Optics,37401,America/New_York,
online.radissonbludq.com,Amsterdam,North Holland,NL,"52.3740,4.8897","AS14061 DigitalOcean, LLC",1012,Europe/Amsterdam,
vmi271430.contaboserver.net,Frankfurt am Main,Hesse,DE,"50.1155,8.6842",AS51167 Contabo GmbH,60306,Europe/Berlin,
,Ajax,Ontario,CA,"43.8501,-79.0329",AS395965 Carrytel,L1S,America/Toronto,
,Las Vegas,Nevada,US,"36.1750,-115.1372",AS53667 FranTech Solutions,89111,America/Los_Angeles,
192-3-61-141-host.colocrossing.com,Marietta,Georgia,US,"33.9526,-84.5499",AS36352 HostPapa,30006,America/New_York,
bras-base-otwaon234vw-grc-28-65-94-100-148.dsl.bell.ca,Toronto,Ontario,CA,"43.7064,-79.3986",AS577 Bell Canada,M5A,America/Toronto,
ec2-3-19-54-94.us-east-2.compute.amazonaws.com,Columbus,Ohio,US,"39.9612,-82.9988","AS16509 Amazon.com, Inc.",43215,America/New_York,
47-150-242-194.fdr01.grhl.ca.ip.frontiernet.net,Los Angeles,California,US,"34.0522,-118.2437","AS5650 Frontier Communications of America, Inc.",90009,America/Los_Angeles,
45.77.116.240.vultrusercontent.com,Miami,Florida,US,"25.8130,-80.2320","AS20473 The Constant Company, LLC",33142,America/New_York,
ec2-34-228-17-246.compute-1.amazonaws.com,Ashburn,Virginia,US,"39.0437,-77.4875","AS14618 Amazon.com, Inc.",20147,America/New_York,
,Los Angeles,California,US,"34.0522,-118.2437",AS40065 CNSERVERS LLC,90009,America/Los_Angeles,
149.132.251.23.bc.googleusercontent.com,Brussels,Brussels Capital,BE,"50.8505,4.3488",AS396982 Google LLC,1000,Europe/Brussels,
syn-024-160-193-178.res.spectrum.com,Hilliard,Ohio,US,"40.0334,-83.1582",AS10796 Charter Communications Inc,43026,America/New_York,
78.104.74.34.bc.googleusercontent.com,North Charleston,South Carolina,US,"32.8546,-79.9748",AS396982 Google LLC,29415,America/New_York,
24-53-151-94.telesystem.us,Toledo,Ohio,US,"41.6028,-83.6292","AS26076 Block Line Systems, LLC",43614,America/New_York,
220.74.233.35.bc.googleusercontent.com,Brussels,Brussels Capital,BE,"50.8505,4.3488",AS396982 Google LLC,1000,Europe/Brussels,
50-193-37-62-static.hfc.comcastbusiness.net,Lafayette,California,US,"37.8858,-122.1180","AS7922 Comcast Cable Communications, LLC",94549,America/Los_Angeles,
relay-prod.02.freshdatabaseinfo.com,Vaudreuil-Dorion,Quebec,CA,"45.4001,-74.0325",AS16276 OVH SAS,J7V,America/Toronto,
bras-base-wndson1290w-grc-03-142-113-114-32.dsl.bell.ca,East Gwillimbury,Ontario,CA,"44.1009,-79.4378",AS577 Bell Canada,L3Y,America/Toronto,
66-219-204-9.ip.fdtnet.net,Provo,Utah,US,"40.2338,-111.6585","AS29933 FirstDigital Communications, LLC",84601,America/Denver,
,Santa Clara,California,US,"37.3483,-121.9844","AS14061 DigitalOcean, LLC",95051,America/Los_Angeles,
c-68-83-20-203.hsd1.nj.comcast.net,Bloomfield,New Jersey,US,"40.8068,-74.1854","AS7922 Comcast Cable Communications, LLC",07003,America/New_York,
156-213-27-72-static.cwjamaica.com,Kingston,Kingston,JM,"17.9970,-76.7936",AS30689 FLOW,,America/Jamaica,
,Kansas City,Missouri,US,"39.0997,-94.5786",AS8560 IONOS SE,64106,America/Chicago,
,Covington,Louisiana,US,"30.4755,-90.1004",AS32592 Uniti Fiber Holdings Inc.,70434,America/Chicago,
,Vancouver,British Columbia,CA,"49.2497,-123.1193",AS46562 Performive LLC,V5Y,America/Vancouver,
173-18-18-37.client.mchsi.com,West Des Moines,Iowa,US,"41.5772,-93.7113",AS30036 Mediacom Communications Corp,50265,America/Chicago,
syn-075-133-178-126.res.spectrum.com,Head of Westport,Massachusetts,US,"41.6209,-71.0620",AS20115 Charter Communications LLC,02790,America/New_York,
c-71-59-19-132.hsd1.ga.comcast.net,Atlanta,Georgia,US,"33.7490,-84.3880","AS7922 Comcast Cable Communications, LLC",30302,America/New_York,
h229.163.141.67.dynamic.ip.windstream.net,Macon,Georgia,US,"32.8407,-83.6324",AS7029 Windstream Communications LLC,31202,America/New_York,
syn-067-246-000-137.res.spectrum.com,Pittsfield,Massachusetts,US,"42.4501,-73.2454",AS11351 Charter Communications Inc,01201,America/New_York,
host-68-169-169-85.vabolt2.epbfi.com,Chattanooga,Tennessee,US,"35.0456,-85.3097",AS26827 EPB Fiber Optics,37401,America/New_York,
,Ute Park,New Mexico,US,"36.5581,-105.1150","AS20356 SIERRA COMMUNICATIONS, INC.",87749,America/Denver,
dsl-dhcp-katytxxchrc-64-92-4-243.consolidated.net,Katy,Texas,US,"29.7858,-95.8244","AS6300 Consolidated Communications, Inc.",77491,America/Chicago,
66-110-250-138-dynamic.northstate.net,High Point,North Carolina,US,"36.0036,-80.0036","AS22709 North State Telephone, LLC",27265,America/New_York,
,Sonoma,California,US,"38.2919,-122.4580","AS7922 Comcast Cable Communications, LLC",95476,America/Los_Angeles,
,New York City,New York,US,"40.7143,-74.0060","AS2914 NTT America, Inc.",10001,America/New_York,
syn-172-119-063-034.res.spectrum.com,Carson,California,US,"33.7855,-118.2645",AS20001 Charter Communications Inc,90744,America/Los_Angeles,
pool-71-190-48-109.nycmny.east.verizon.net,Syosset,New York,US,"40.8262,-73.5021",AS701 Verizon Business,11773,America/New_York,
static-71-162-3-187.pitbpa.fios.verizon.net,Allison Park,Pennsylvania,US,"40.5595,-79.9587",AS701 Verizon Business,15101,America/New_York,
pool-70-106-226-154.clppva.fios.verizon.net,Ashburn,Virginia,US,"39.0437,-77.4875",AS701 Verizon Business,20147,America/New_York,
ip72-193-142-174.lv.lv.cox.net,Las Vegas,Nevada,US,"36.1750,-115.1372",AS22773 Cox Communications Inc.,89111,America/Los_Angeles,
,Enfield,Maine,US,"45.2489,-68.5684",AS29979 Pioneer Broadband,04493,America/New_York,
,Tacoma,Washington,US,"47.2529,-122.4443","AS7922 Comcast Cable Communications, LLC",98401,America/Los_Angeles,
c-73-221-79-223.hsd1.wa.comcast.net,Olympia,Washington,US,"47.0449,-122.9017","AS7922 Comcast Cable Communications, LLC",98504,America/Los_Angeles,
c-73-204-76-49.hsd1.fl.comcast.net,Homestead,Florida,US,"25.4687,-80.4776","AS7922 Comcast Cable Communications, LLC",33030,America/New_York,
c-73-184-61-197.hsd1.ga.comcast.net,Atlanta,Georgia,US,"33.7490,-84.3880","AS7922 Comcast Cable Communications, LLC",30302,America/New_York,
pool-72-80-83-80.nycmny.fios.verizon.net,New York City,New York,US,"40.7143,-74.0060",AS701 Verizon Business,10001,America/New_York,
,Houston,Texas,US,"29.7633,-95.3633","AS7922 Comcast Cable Communications, LLC",77002,America/Chicago,
pool-96-255-206-218.washdc.fios.verizon.net,Gaithersburg,Maryland,US,"39.1434,-77.2014",AS701 Verizon Business,20884,America/New_York,
pool-100-35-203-73.nwrknj.fios.verizon.net,Bridgewater,New Jersey,US,"40.6008,-74.6482",AS701 Verizon Business,08807,America/New_York,
99-124-235-45.uvs.cicril.sbcglobal.net,Cicero,Illinois,US,"41.8456,-87.7539","AS7018 AT&T Enterprises, LLC",60804,America/Chicago,
c-98-254-164-87.hsd1.fl.comcast.net,Parkland,Florida,US,"26.3101,-80.2373","AS7922 Comcast Cable Communications, LLC",33067,America/New_York,
,Paris,Île-de-France,FR,"48.8534,2.3488",AS212238 Datacamp Limited,75000,Europe/Paris,
208-253-245-104.in-addr.arpa.gosemofiber.com,Sikeston,Missouri,US,"36.8767,-89.5879",AS46906 GoSEMO Fiber,63801,America/Chicago,
,Vancouver,British Columbia,CA,"49.2497,-123.1193",AS46562 Performive LLC,V5Y,America/Vancouver,
,Frankfurt am Main,Hesse,DE,"50.1155,8.6842","AS14061 DigitalOcean, LLC",60306,Europe/Berlin,
,Frankfurt am Main,Hesse,DE,"50.1155,8.6842","AS14061 DigitalOcean, LLC",60306,Europe/Berlin,
,Frankfurt am Main,Hesse,DE,"50.1155,8.6842","AS14061 DigitalOcean, LLC",60306,Europe/Berlin,
172-245-71-108-host.colocrossing.com,Los Angeles,California,US,"34.0522,-118.2437",AS36352 HostPapa,90009,America/Los_Angeles,
d28-23-219-108.dim.wideopenwest.com,Westland,Michigan,US,"42.3242,-83.4002",AS12083 WideOpenWest Finance LLC,48185,America/Detroit,
c-24-17-65-73.hsd1.wa.comcast.net,Bellingham,Washington,US,"48.7595,-122.4882","AS7922 Comcast Cable Communications, LLC",98227,America/Los_Angeles,
ool-18e4bced.dyn.optonline.net,New York City,New York,US,"40.7143,-74.0060",AS6128 Cablevision Systems Corp.,10001,America/New_York,
cm-24-233-224-36.maxxsouthbb.net,Oxford,Mississippi,US,"34.3665,-89.5192","AS46687 BCI Mississippi Broadband,LLC",38655,America/Chicago,
c-24-99-33-213.hsd1.ga.comcast.net,Atlanta,Georgia,US,"33.7490,-84.3880","AS7922 Comcast Cable Communications, LLC",30302,America/New_York,
45.77.122.240.vultrusercontent.com,Los Angeles,California,US,"34.0614,-118.2385","AS20473 The Constant Company, LLC",90012,America/Los_Angeles,
ool-2f1496c5.dyn.optonline.net,New York City,New York,US,"40.7143,-74.0060",AS6128 Cablevision Systems Corp.,10001,America/New_York,
50-198-39-153-static.hfc.comcastbusiness.net,Aurora,Illinois,US,"41.7606,-88.3201","AS7922 Comcast Cable Communications, LLC",60507,America/Chicago,
mail.adelayolaw.com,Maricopa,Arizona,US,"33.0581,-112.0476","AS209 CenturyLink Communications, LLC",85139,America/Phoenix,
d67-193-203-3.home3.cgocable.net,Kingston,Ontario,CA,"44.2298,-76.4810",AS7992 Cogeco Connexion Inc.,K7K,America/Toronto,
c-67-163-201-208.hsd1.pa.comcast.net,Pittsburgh,Pennsylvania,US,"40.4406,-79.9959","AS7922 Comcast Cable Communications, LLC",15212,America/New_York,
,Glassboro,New Jersey,US,"39.7029,-75.1118","AS7922 Comcast Cable Communications, LLC",08028,America/New_York,
syn-068-117-079-004.res.spectrum.com,Baxter,Minnesota,US,"46.3433,-94.2867",AS20115 Charter Communications LLC,56425,America/Chicago,
c-71-57-16-236.hsd1.il.comcast.net,Des Plaines,Illinois,US,"42.0334,-87.8834","AS7922 Comcast Cable Communications, LLC",60016,America/Chicago,
dynamic.libertypr.net,Bayamón,Bayamón,PR,"18.3986,-66.1557",AS14638 Liberty Communications of Puerto Rico LLC,00956,America/Puerto_Rico,
pool-72-92-230-182.prvdri.fios.verizon.net,Providence,Rhode Island,US,"41.8240,-71.4128",AS701 Verizon Business,02901,America/New_York,
228-127-27-72-br2-dynamic-dsl.cwjamaica.com,Kingston,Kingston,JM,"17.9970,-76.7936",AS30689 FLOW,,America/Jamaica,
62-219-63-74.static.reverse.lstn.net,Dallas,Texas,US,"32.7831,-96.8067","AS46475 Limestone Networks, Inc.",75201,America/Chicago,
,Los Angeles,California,US,"34.0290,-118.3152",AS20001 Charter Communications Inc,90018,America/Los_Angeles,
syn-075-140-074-056.res.spectrum.com,Monterey Park,California,US,"34.0534,-118.1271",AS20115 Charter Communications LLC,91754,America/Los_Angeles,
syn-075-134-006-118.res.spectrum.com,Southbury,Connecticut,US,"41.4815,-73.2132",AS20115 Charter Communications LLC,06488,America/New_York,
136-50-2-110.googlefiber.net,San Antonio,Texas,US,"29.4241,-98.4936",AS16591 Google Fiber Inc.,78205,America/Chicago,
corrupted.it,Seattle,Washington,US,"47.4889,-122.3012",AS201106 Spartan Host Ltd,98168,America/Los_Angeles,
,Doddaballapura,Karnataka,IN,"13.2257,77.5750","AS14061 DigitalOcean, LLC",560100,Asia/Kolkata,
216-244-65-210.reverse.wowrack.com,Seattle,Washington,US,"47.4889,-122.3012",AS27323 Wowrack.com,98168,America/Los_Angeles,
host-216-104-101-26.public.eastlink.ca,Espanola,Ontario,CA,"46.2584,-81.7665",AS11260 EastLink,P5E,America/Toronto,
,Toronto,Ontario,CA,"43.7064,-79.3986",AS577 Bell Canada,M5A,America/Toronto,
207-181-230-141.s3211.c3-0.mct-cbr1.chi-mct.il.cable.rcncustomer.com,Chicago,Illinois,US,"41.8500,-87.6500",AS6079 RCN,60666,America/Chicago,
s01061c6f65be080d.vc.shawcable.net,Burnaby,British Columbia,CA,"49.2664,-122.9526",AS6327 Shaw Communications Inc.,V5A,America/Vancouver,
syn-174-085-010-099.res.spectrum.com,Belleville,Illinois,US,"38.5352,-90.0006",AS20115 Charter Communications LLC,62226,America/Chicago,
167.88.85.109.hwccustomers.com,Miami,Florida,US,"25.7743,-80.1937",AS23089 Hotwire Communications,33101,America/New_York,
,Frankfurt am Main,Hesse,DE,"50.1155,8.6842","AS14061 DigitalOcean, LLC",60306,Europe/Berlin,
,Santa Clara,California,US,"37.3483,-121.9844","AS14061 DigitalOcean, LLC",95051,America/Los_Angeles,
octy.tycho.org,Santa Clara,California,US,"37.3483,-121.9844","AS14061 DigitalOcean, LLC",95051,America/Los_Angeles,
www.eventum360.com,Amsterdam,North Holland,NL,"52.3740,4.8897","AS14061 DigitalOcean, LLC",1012,Europe/Amsterdam,
cli-952214bc.wholesale.adamo.es,Washington,District of Columbia,US,"38.8951,-77.0364",AS174 Cogent Communications,20004,America/New_York,
,Santa Clara,California,US,"37.3924,-121.9623",AS18779 EGIHosting,95054,America/Los_Angeles,
pool-108-29-34-46.nycmny.fios.verizon.net,Holbrook,New York,US,"40.8123,-73.0784",AS701 Verizon Business,11741,America/New_York,
static-108-6-49-164.nycmny.fios.verizon.net,New York City,New York,US,"40.7143,-74.0060",AS701 Verizon Business,10001,America/New_York,
fame.tm,Seattle,Washington,US,"47.4889,-122.3012",AS201106 Spartan Host Ltd,98168,America/Los_Angeles,
,Salem,Oregon,US,"44.9429,-123.0351","AS7922 Comcast Cable Communications, LLC",97308,America/Los_Angeles,
syn-098-155-096-013.res.spectrum.com,Kaunakakai,Hawaii,US,"21.0936,-157.0261",AS20001 Charter Communications Inc,96748,Pacific/Honolulu,
syn-098-005-116-058.res.spectrum.com,Wellsville,New York,US,"42.8759,-74.2724",AS11351 Charter Communications Inc,14895,America/New_York,
8-136-75-38.clients.gthost.com,Los Angeles,California,US,"34.0522,-118.2437",AS63023 GTHost,90009,America/Los_Angeles,
,Fort Lauderdale,Florida,US,"26.1223,-80.1434","AS7018 AT&T Enterprises, LLC",33302,America/New_York,
,Nassau,New Providence,BS,"25.0582,-77.3431",AS15146 Cable Bahamas,,America/Nassau,
host-24-89-200-18.public.eastlink.ca,Yarmouth,Nova Scotia,CA,"43.8334,-66.1156",AS11260 EastLink,B5A,America/Halifax,
32.224.247.35.bc.googleusercontent.com,São Paulo,São Paulo,BR,"-23.5475,-46.6361",AS396982 Google LLC,01000-000,America/Sao_Paulo,
,San Jose,California,US,"37.3394,-121.8950",,95025,America/Los_Angeles,
d50-115-186-239.commercial1.cgocable.net,Burlington,Ontario,CA,"43.3862,-79.8371",AS7992 Cogeco Connexion Inc.,L7R,America/Toronto,
modemcable077.45-221-104.mc.videotron.ca,Saint-Elzéar,Quebec,CA,"45.6034,-73.7270",AS5769 Videotron Ltee,H7M,America/Toronto,
76.8.174.117.imctv.dynamic.mis.net,Pikeville,Kentucky,US,"37.4793,-82.5188",AS3801 Mikrotec Internet Services,41502,America/New_York,
syn-076-087-082-235.res.spectrum.com,Los Angeles,California,US,"33.9653,-118.2727",AS20001 Charter Communications Inc,90003,America/Los_Angeles,
syn-076-171-127-038.res.spectrum.com,Los Angeles,California,US,"34.1121,-118.2594",AS20001 Charter Communications Inc,90039,America/Los_Angeles,
,Richardson,Texas,US,"32.9462,-96.7058","AS7018 AT&T Enterprises, LLC",75081,America/Chicago,
c-73-97-12-152.hsd1.wa.comcast.net,Machias,Washington,US,"47.9815,-122.0460","AS7922 Comcast Cable Communications, LLC",98258,America/Los_Angeles,
c-69-248-69-40.hsd1.nj.comcast.net,Woodbridge,New Jersey,US,"40.5576,-74.2846","AS7922 Comcast Cable Communications, LLC",07095,America/New_York,
syn-069-075-181-100.biz.spectrum.com,Santa Ana,California,US,"33.7456,-117.8678",AS20001 Charter Communications Inc,92712,America/Los_Angeles,
dynamic.libertypr.net,Bayamón,Bayamón,PR,"18.3986,-66.1557",AS14638 Liberty Communications of Puerto Rico LLC,00956,America/Puerto_Rico,
ool-45789c54.dyn.optonline.net,Union City,New Jersey,US,"40.7796,-74.0238",AS6128 Cablevision Systems Corp.,07087,America/New_York,
c-67-165-196-123.hsd1.co.comcast.net,Englewood,Colorado,US,"39.6478,-104.9878","AS7922 Comcast Cable Communications, LLC",80150,America/Denver,
,Montréal,Quebec,CA,"45.5005,-73.5684",,H3B,America/Toronto,
208-40-217-50.appscorp.net,Plattville,Illinois,US,"41.5317,-88.3815",AS22197 Apps Communications,60541,America/Chicago,
208.64.250.7.static.coresite.com,Los Angeles,California,US,"34.0522,-118.2437",,90009,America/Los_Angeles,
184-175-32-125.cable.teksavvy.com,Toronto,Ontario,CA,"43.7064,-79.3986","AS5645 TekSavvy Solutions, Inc.",M5A,America/Toronto,
,North Bergen,New Jersey,US,"40.8043,-74.0121","AS14061 DigitalOcean, LLC",07047,America/New_York,
162-192-89-6.lightspeed.nworla.sbcglobal.net,Slidell,Louisiana,US,"30.2784,-89.7712","AS7018 AT&T Enterprises, LLC",70458,America/Chicago,
,Seattle,Washington,US,"47.5413,-122.3129","AS16509 Amazon.com, Inc.",98108,America/Los_Angeles,
1271352.cloudwaysapps.com,Amsterdam,North Holland,NL,"52.3740,4.8897","AS14061 DigitalOcean, LLC",1012,Europe/Amsterdam,
107-194-92-29.lightspeed.tukrga.sbcglobal.net,Lawrenceville,Georgia,US,"33.9562,-83.9880","AS7018 AT&T Enterprises, LLC",30046,America/New_York,
107-196-122-26.lightspeed.irvnca.sbcglobal.net,Pasadena,California,US,"34.1478,-118.1445","AS7018 AT&T Enterprises, LLC",91101,America/Los_Angeles,
syn-076-179-123-243.res.spectrum.com,Embden,Maine,US,"44.9181,-69.8667",AS11351 Charter Communications Inc,04958,America/New_York,
ec2-52-8-253-14.us-west-1.compute.amazonaws.com,San Jose,California,US,"37.3394,-121.8950","AS16509 Amazon.com, Inc.",95025,America/Los_Angeles,
ec2-3-16-68-230.us-east-2.compute.amazonaws.com,Columbus,Ohio,US,"39.9612,-82.9988","AS16509 Amazon.com, Inc.",43215,America/New_York,
ec2-3-80-229-245.compute-1.amazonaws.com,Ashburn,Virginia,US,"39.0437,-77.4875","AS14618 Amazon.com, Inc.",20147,America/New_York,
54.64.246.35.bc.googleusercontent.com,London,England,GB,"51.5085,-0.1257",AS396982 Google LLC,E1W,Europe/London,
,Ede,Gelderland,NL,"52.0409,5.6758",,6711,Europe/Amsterdam,
67-211-143-62.unassigned.ntelos.net,Clifton Forge,Virginia,US,"37.8162,-79.8245","AS7795 LUMOS Networks, Inc.",24422,America/New_York,
,Calgary,Alberta,CA,"51.0501,-114.0853",AS6327 Shaw Communications Inc.,T3S,America/Edmonton,
,Orlando,Florida,US,"28.5383,-81.3792","AS3549 Level 3 Parent, LLC",32801,America/New_York,
lasvegas-nv-datacenter.serverpoint.com,Las Vegas,Nevada,US,"36.1750,-115.1372",AS26277 ServerPoint.com,89111,America/Los_Angeles,
pppoe-72-19-50-020.cascadeaccess.com,Estacada,Oregon,US,"45.2896,-122.3337","AS33509 Cascade Access, LLC",97023,America/Los_Angeles,
172-245-11-170-host.colocrossing.com,Buffalo,New York,US,"42.8865,-78.8784",AS36352 HostPapa,14202,America/New_York,
170.250.201.108.hwccustomers.com,Boca Raton,Florida,US,"26.3587,-80.0831",AS23089 Hotwire Communications,33429,America/New_York,
,Amsterdam,North Holland,NL,"52.3740,4.8897","AS14061 DigitalOcean, LLC",1012,Europe/Amsterdam,
,Jackson,Mississippi,US,"32.2988,-90.1848","AS7018 AT&T Enterprises, LLC",39201,America/Chicago,
124.84.197.104.bc.googleusercontent.com,Council Bluffs,Iowa,US,"41.2619,-95.8608",AS396982 Google LLC,51502,America/Chicago,
,San Jose,California,US,"37.3394,-121.8950",AS32475 Internap Holding LLC,95025,America/Los_Angeles,
,Lajas,Lajas,PR,"18.0500,-67.0593",AS14638 Liberty Communications of Puerto Rico LLC,00667,America/Puerto_Rico,
pool-99-226-17-68.cpe.net.cable.rogers.com,Guelph,Ontario,CA,"43.5459,-80.2560",AS812 Rogers Communications Canada Inc.,N1E,America/Toronto,
,Feldkirchen bei Graz,Styria,AT,"47.0167,15.4500",AS57878 Prager Connect GmbH,8073,Europe/Vienna,
,Feldkirchen bei Graz,Styria,AT,"47.0167,15.4500",AS57878 Prager Connect GmbH,8073,Europe/Vienna,
,Feldkirchen bei Graz,Styria,AT,"47.0167,15.4500",AS57878 Prager Connect GmbH,8073,Europe/Vienna,
,San Francisco,California,US,"37.7309,-122.3886","AS14061 DigitalOcean, LLC",94124,America/Los_Angeles,
,Tseung Kwan O,Sai Kung,HK,"22.3279,114.2499",AS134548 DXTL Tseung Kwan O Service,999077,Asia/Hong_Kong,
,Carolina,Carolina,PR,"18.3808,-65.9574",AS14638 Liberty Communications of Puerto Rico LLC,00983,America/Puerto_Rico,
,Old Harbour,Saint Catherine Parish,JM,"17.9414,-77.1090",AS30689 FLOW,,America/Jamaica,
cable.atcbroadband.com,Waycross,Georgia,US,"31.2137,-82.3557",AS11240 AccessATC,31502,America/New_York,
216-241-193-90.scinternet.net,Enoch,Utah,US,"37.7733,-113.0244","AS26253 South Central Communications, Inc.",84772,America/Denver,
216-241-39-228.static.forethought.net,Cripple Creek,Colorado,US,"38.7467,-105.1783",AS6653 Vero Broadband,80813,America/Denver,
ip-216-70-80-65.ip.secureserver.net,Phoenix,Arizona,US,"33.4484,-112.0740","AS398101 GoDaddy.com, LLC",85001,America/Phoenix,
,New York City,New York,US,"40.7143,-74.0060",AS55081 24 SHELLS,10001,America/New_York,
136-49-177-5.googlefiber.net,Austin,Texas,US,"30.2672,-97.7431",AS16591 Google Fiber Inc.,78701,America/Chicago,
s01061c9d7276b9e6.vc.shawcable.net,Richmond,British Columbia,CA,"49.1700,-123.1368",AS6327 Shaw Communications Inc.,V6Y,America/Vancouver,
141-57-237-24.vdz.gci.net,Valdez,Alaska,US,"61.1308,-146.3483","AS8047 GENERAL COMMUNICATION, INC.",99686,America/Anchorage,
static-64-203-116-91.wireless.unwiredbb.net,Los Angeles,California,US,"34.0522,-118.2437","AS33548 Unwired Broadband, LLC",90080,America/Los_Angeles,
syn-050-090-040-086.res.spectrum.com,Avon,Indiana,US,"39.7628,-86.3997","AS33363 Charter Communications, Inc",46123,America/Indiana/Indianapolis,
,Washington,Virginia,US,"38.7135,-78.1594",AS8075 Microsoft Corporation,22747,America/New_York,
ool-2f15e34d.static.optonline.net,New York City,New York,US,"40.7143,-74.0060",AS6128 Cablevision Systems Corp.,10001,America/New_York,
syn-047-038-087-221.res.spectrum.com,Oak Island,North Carolina,US,"33.9166,-78.1611",AS20115 Charter Communications LLC,28465,America/New_York,
cbl-45-2-193-139.yhz.frontiernetworks.ca,Greenwood,Nova Scotia,CA,"44.9741,-64.9317",AS7311 Frontier Networks Inc,B0S,America/Halifax,
45-33-68-123.ip.linodeusercontent.com,Cedar Knolls,New Jersey,US,"40.8220,-74.4488",AS63949 Akamai Connected Cloud,07927,America/New_York,
108.209.222.35.bc.googleusercontent.com,Council Bluffs,Iowa,US,"41.2619,-95.8608",AS396982 Google LLC,51502,America/Chicago,
90.94.240.35.bc.googleusercontent.com,Brussels,Brussels Capital,BE,"50.8505,4.3488",AS396982 Google LLC,1000,Europe/Brussels,
252.253.241.35.bc.googleusercontent.com,Brussels,Brussels Capital,BE,"50.8505,4.3488",AS396982 Google LLC,1000,Europe/Brussels,
171.157.243.35.bc.googleusercontent.com,North Charleston,South Carolina,US,"32.8546,-79.9748",AS396982 Google LLC,29415,America/New_York,
host-24-138-128-137.public.eastlink.ca,Cache Bay,Ontario,CA,"46.3668,-79.9830",AS11260 EastLink,P2B,America/Toronto,
syca-adsl-216-255-47-71.dsl.bright.net,Sycamore,Ohio,US,"40.9498,-83.1707","AS7106 Com Net, Inc.",44882,America/New_York,
,Las Vegas,Nevada,US,"36.1750,-115.1372",AS53667 FranTech Solutions,89111,America/Los_Angeles,
,Calgary,Alberta,CA,"51.0501,-114.0853",AS6327 Shaw Communications Inc.,T3S,America/Edmonton,
75-103-156-55.ccrtc.com,Cloverdale,Indiana,US,"39.5148,-86.7939",AS19751 Endeavor Communications,46120,America/Indiana/Indianapolis,
,Pilot Mountain,North Carolina,US,"36.3865,-80.4695",AS2711 Spirit Communications,27041,America/New_York,
,Toronto,Ontario,CA,"43.7064,-79.3986","AS14061 DigitalOcean, LLC",M5A,America/Toronto,
angelica.warm.wardrobe.nyc,Dallas,Texas,US,"32.7831,-96.8067",AS54290 Hostwinds LLC.,75201,America/Chicago,
162-216-16-128.ip.linodeusercontent.com,Cedar Knolls,New Jersey,US,"40.8220,-74.4488",AS63949 Akamai Connected Cloud,07927,America/New_York,
161-097-193-077.v4.mynextlight.net,Longmont,Colorado,US,"40.1672,-105.1019",AS393552 Longmont Power & Communications,80502,America/Denver,
c-76-25-89-249.hsd1.co.comcast.net,Berthoud,Colorado,US,"40.3083,-105.0811","AS7922 Comcast Cable Communications, LLC",80513,America/Denver,
syn-071-089-207-253.res.spectrum.com,Medford,Oregon,US,"42.2818,-122.9054",AS20115 Charter Communications LLC,97501,America/Los_Angeles,
h72-0-177-238.bendor.broadband.dynamic.tds.net,Redmond,Oregon,US,"44.2726,-121.1739",AS4181 TDS TELECOM,97756,America/Los_Angeles,
c-73-111-217-3.hsd1.il.comcast.net,Vernon Hills,Illinois,US,"42.2195,-87.9795","AS7922 Comcast Cable Communications, LLC",60061,America/Chicago,
c-73-155-15-221.hsd1.tx.comcast.net,Houston,Texas,US,"29.7633,-95.3633","AS7922 Comcast Cable Communications, LLC",77002,America/Chicago,
s0106f4c114017414.cg.shawcable.net,Calgary,Alberta,CA,"51.0501,-114.0853",AS6327 Shaw Communications Inc.,T3S,America/Edmonton,
static-71-167-111-236.nycmny.fios.verizon.net,Garden City,New York,US,"40.7268,-73.6343",AS701 Verizon Business,11531,America/New_York,
,North Bergen,New Jersey,US,"40.8043,-74.0121","AS14061 DigitalOcean, LLC",07047,America/New_York,
c-68-56-25-182.hsd1.mi.comcast.net,Dearborn,Michigan,US,"42.3223,-83.1763","AS7922 Comcast Cable Communications, LLC",48120,America/Detroit,
,San Francisco,California,US,"37.7309,-122.3886","AS14061 DigitalOcean, LLC",94124,America/Los_Angeles,
198-91-186-149.cpe.distributel.net,Toronto,Ontario,CA,"43.7064,-79.3986",AS11814 Distributel Communications Limited,M5A,America/Toronto,
,Ottawa,Ontario,CA,"45.4112,-75.6981",AS577 Bell Canada,K1R,America/Toronto,
mtrlpq42zf4-70-26-189-38.dsl.bell.ca,Laval,Quebec,CA,"45.5699,-73.6920",AS577 Bell Canada,H7G,America/Toronto,
222.228.76.34.bc.googleusercontent.com,Brussels,Brussels Capital,BE,"50.8505,4.3488",AS396982 Google LLC,1000,Europe/Brussels,
44.19.76.34.bc.googleusercontent.com,Brussels,Brussels Capital,BE,"50.8505,4.3488",AS396982 Google LLC,1000,Europe/Brussels,
syn-035-132-138-237.res.spectrum.com,Klamath Falls,Oregon,US,"42.2933,-121.8169",AS20115 Charter Communications LLC,97601,America/Los_Angeles,
,San Jose,California,US,"37.3394,-121.8950","AS45102 Alibaba (US) Technology Co., Ltd.",95025,America/Los_Angeles,
ool-45720990.dyn.optonline.net,Northwest Harbor,New York,US,"41.0098,-72.2212",AS6128 Cablevision Systems Corp.,11937,America/New_York,
ip-64-66-226-163.xplore.ca,Chatham,Ontario,CA,"42.4122,-82.1849",,N7L,America/Toronto,
,Houston,Texas,US,"29.7633,-95.3633","AS7922 Comcast Cable Communications, LLC",77002,America/Chicago,
,Washington,District of Columbia,US,"38.8951,-77.0364",AS174 Cogent Communications,20004,America/New_York,
,Washington,District of Columbia,US,"38.8951,-77.0364",AS174 Cogent Communications,20004,America/New_York,
107-172-233-119-host.colocrossing.com,Los Angeles,California,US,"34.0522,-118.2437",AS36352 HostPapa,90009,America/Los_Angeles,
,Kansas City,Missouri,US,"39.0997,-94.5786","AS33387 Nocix, LLC",64170,America/Chicago,
ec2-3-218-179-101.compute-1.amazonaws.com,Ashburn,Virginia,US,"39.0437,-77.4875","AS14618 Amazon.com, Inc.",20147,America/New_York,
24.115.191.231.res-cmts.mlf.ptd.net,Gold Key Lake,Pennsylvania,US,"41.3059,-74.9385",AS3737 PenTeleData Inc.,18337,America/New_York,
,Atlanta,Georgia,US,"33.7490,-84.3880","AS7922 Comcast Cable Communications, LLC",30302,America/New_York,
,Lajas,Lajas,PR,"18.0500,-67.0593",AS14638 Liberty Communications of Puerto Rico LLC,00667,America/Puerto_Rico,
,The Acreage,Florida,US,"26.7940,-80.2675","AS7922 Comcast Cable Communications, LLC",33412,America/New_York,
,Washington,Virginia,US,"38.7135,-78.1594",AS8075 Microsoft Corporation,22747,America/New_York,
74-121-88-113.nktelco.net,Coldwater,Ohio,US,"40.4798,-84.6283",AS31841 NEW KNOXVILLE TELEPHONE COMPANY,45828,America/New_York,
108-213-57-121.lightspeed.miamfl.sbcglobal.net,Miami,Florida,US,"25.6062,-80.3426","AS7018 AT&T Enterprises, LLC",33157,America/New_York,
ool-6c3a054a.static.optonline.net,New York City,New York,US,"40.7143,-74.0060",AS6128 Cablevision Systems Corp.,10001,America/New_York,
,Winter Park,Florida,US,"28.5974,-81.3036",,32792,America/New_York,
,North Bergen,New Jersey,US,"40.8043,-74.0121","AS14061 DigitalOcean, LLC",07047,America/New_York,
,Toronto,Ontario,CA,"43.7064,-79.3986","AS14061 DigitalOcean, LLC",M5A,America/Toronto,
149.28.253.93.vultrusercontent.com,Dallas,Texas,US,"32.7831,-96.8067","AS20473 The Constant Company, LLC",75201,America/Chicago,
c-68-59-246-94.hsd1.ga.comcast.net,Chattanooga,Tennessee,US,"35.0456,-85.3097","AS7922 Comcast Cable Communications, LLC",37401,America/New_York,
c-73-124-60-111.hsd1.fl.comcast.net,Royal Palm Beach,Florida,US,"26.7084,-80.2306","AS7922 Comcast Cable Communications, LLC",33421,America/New_York,
dynamic.libertypr.net,Naranjito,Naranjito,PR,"18.3008,-66.2449",AS14638 Liberty Communications of Puerto Rico LLC,00719,America/Puerto_Rico,
c-73-124-118-89.hsd1.fl.comcast.net,Pompano Beach,Florida,US,"26.2379,-80.1248","AS7922 Comcast Cable Communications, LLC",33060,America/New_York,
host-71-7-240-198.public.eastlink.ca,Marystown,Newfoundland and Labrador,CA,"47.1666,-55.1483",AS11260 EastLink,,America/St_Johns,
,Port Louis,Port Louis,MU,"-20.1619,57.4989",,,Indian/Mauritius,
,Las Vegas,Nevada,US,"36.1750,-115.1372",AS53667 FranTech Solutions,89111,America/Los_Angeles,
d206-75-56-72.abhsia.telus.net,Calgary,Alberta,CA,"51.0501,-114.0853",AS852 TELUS Communications Inc.,T3S,America/Edmonton,
,Las Vegas,Nevada,US,"36.1750,-115.1372",AS53667 FranTech Solutions,89111,America/Los_Angeles,
syn-172-112-058-004.res.spectrum.com,Simi Valley,California,US,"34.2694,-118.7815",AS20001 Charter Communications Inc,93062,America/Los_Angeles,
syn-173-196-059-075.biz.spectrum.com,Oxnard,California,US,"34.1975,-119.1770",AS20001 Charter Communications Inc,93032,America/Los_Angeles,
host-173-212-116-44.public.eastlink.ca,Charlottetown,Prince Edward Island,CA,"46.2346,-63.1256",AS11260 EastLink,C1C,America/Halifax,
,North Bergen,New Jersey,US,"40.8043,-74.0121","AS14061 DigitalOcean, LLC",07047,America/New_York,
,Amsterdam,North Holland,NL,"52.3740,4.8897","AS14061 DigitalOcean, LLC",1012,Europe/Amsterdam,
,Los Angeles,California,US,"34.0614,-118.2385",,90012,America/Los_Angeles,
162-236-209-243.lightspeed.jcsnms.sbcglobal.net,Waynesboro,Mississippi,US,"31.6749,-88.6462","AS7018 AT&T Enterprises, LLC",39367,America/Chicago,
cli-9522119b.wholesale.adamo.es,Washington,District of Columbia,US,"38.8951,-77.0364",AS174 Cogent Communications,20004,America/New_York,
155.138.215.26.vultrusercontent.com,Atlanta,Georgia,US,"33.7865,-84.4454","AS20473 The Constant Company, LLC",30318,America/New_York,
136-36-51-174.googlefiber.net,Provo,Utah,US,"40.2338,-111.6585",AS16591 Google Fiber Inc.,84601,America/Denver,
136-49-207-95.googlefiber.net,Austin,Texas,US,"30.2672,-97.7431",AS16591 Google Fiber Inc.,78701,America/Chicago,
138-43-147-56.ftth.wfdl1.highland.net,Winfield,Tennessee,US,"36.5559,-84.4516",AS395437 Highland Communications LLC,37892,America/New_York,
,Santa Clara,California,US,"37.3483,-121.9844","AS14061 DigitalOcean, LLC",95051,America/Los_Angeles,
syn-071-071-018-058.res.spectrum.com,Elkin,North Carolina,US,"36.2443,-80.8484",AS11426 Charter Communications Inc,28621,America/New_York,
dynamic.libertypr.net,Bayamón,Bayamón,PR,"18.3986,-66.1557",AS14638 Liberty Communications of Puerto Rico LLC,00956,America/Puerto_Rico,
,Frankfurt am Main,Hesse,DE,"50.1155,8.6842",AS61317 Hivelocity LLC,60306,Europe/Berlin,
,Vancouver,British Columbia,CA,"49.2497,-123.1193",AS6327 Shaw Communications Inc.,V5Y,America/Vancouver,
,Greenfield,Indiana,US,"39.7850,-85.7694","AS7922 Comcast Cable Communications, LLC",46140,America/Indiana/Indianapolis,
,Peachtree Corners,Georgia,US,"33.9701,-84.2216",AS32475 Internap Holding LLC,30092,America/New_York,
bras-base-vlgdpq0609w-grc-88-70-29-241-193.dsl.bell.ca,Repentigny,Quebec,CA,"45.7422,-73.4501",AS577 Bell Canada,J6A,America/Toronto,
syn-067-245-118-019.res.spectrum.com,University Gardens,New York,US,"40.7536,-73.8226",AS12271 Charter Communications Inc,11355,America/New_York,
adsl-065-005-244-129.sip.sav.bellsouth.net,Pooler,Georgia,US,"32.1155,-81.2471","AS6389 AT&T Enterprises, LLC",31322,America/New_York,
cbl-66-186-68-51.vianet.ca,Greater Sudbury,Ontario,CA,"46.4900,-80.9900",AS5690 Vianet Inc.,P3C,America/Toronto,
pool-68-132-95-18.nycmny.fios.verizon.net,Dix Hills,New York,US,"40.8048,-73.3362",AS701 Verizon Business,11746,America/New_York,
bras-base-ccbaon0706w-grc-06-70-50-58-175.dsl.bell.ca,Arnprior,Ontario,CA,"45.4334,-76.3494",AS577 Bell Canada,K7S,America/Toronto,
syn-069-206-195-115.res.spectrum.com,Middletown,New York,US,"41.4886,-74.3450",AS12271 Charter Communications Inc,10941,America/New_York,
63-248-180-244.static.ogdl0101.digis.net,Hooper,Utah,US,"41.1638,-112.1224","AS17306 JAB Wireless, INC.",84315,America/Denver,
ec2-3-83-146-226.compute-1.amazonaws.com,Ashburn,Virginia,US,"39.0437,-77.4875","AS14618 Amazon.com, Inc.",20147,America/New_York,
static-47-206-112-181.tamp.fl.frontiernet.net,Brandon,Florida,US,"27.9378,-82.2859","AS5650 Frontier Communications of America, Inc.",33509,America/New_York,
syn-076-181-114-141.res.spectrum.com,Pataskala,Ohio,US,"39.9956,-82.6743",AS10796 Charter Communications Inc,43062,America/New_York,
243-12-27-72-br1-dynamic-dsl.cwjamaica.com,Kingston,Kingston,JM,"17.9970,-76.7936",AS30689 FLOW,,America/Jamaica,
,Savannah,Missouri,US,"39.9417,-94.8303",AS393442 United Electric Cooperative,64485,America/Chicago,
modemcable239.88-56-74.mc.videotron.ca,Longueuil,Quebec,CA,"45.5152,-73.4682",AS5769 Videotron Ltee,J4L,America/Toronto,
syn-067-245-009-200.res.spectrum.com,New York City,New York,US,"40.6521,-74.0018",AS12271 Charter Communications Inc,11232,America/New_York,
d14-69-173-244.try.wideopenwest.com,Redford,Michigan,US,"42.3834,-83.2966",AS12083 WideOpenWest Finance LLC,48239,America/Detroit,
c-67-180-238-98.hsd1.ca.comcast.net,San Mateo,California,US,"37.5630,-122.3255","AS7922 Comcast Cable Communications, LLC",94401,America/Los_Angeles,
xdrt6y7j.governbankinfo.info,Seattle,Washington,US,"47.4889,-122.3012",AS32875 Wowrack.com,98168,America/Los_Angeles,
,Winnipeg,Manitoba,CA,"49.8844,-97.1470",AS6327 Shaw Communications Inc.,R3B,America/Winnipeg,
199-193-175-166.cpe.axion.ca,Huntingdon,Quebec,CA,"45.0834,-74.1659",AS11290 Cogeco Connexion inc,J0S,America/Toronto,
pool-184-18-143-87.ftwy.in.frontiernet.net,Fort Wayne,Indiana,US,"41.1306,-85.1289","AS5650 Frontier Communications of America, Inc.",46825,America/Indiana/Indianapolis,
d173-183-17-41.bchsia.telus.net,Chilliwack,British Columbia,CA,"49.1664,-121.9526",AS852 TELUS Communications Inc.,V2P,America/Vancouver,
174-141-198-237.fttp.usinternet.com,Minneapolis,Minnesota,US,"44.9800,-93.2638",AS10242 US Internet Corp,55401,America/Chicago,
wsip-174-76-16-234.oc.oc.cox.net,Rancho Santa Margarita,California,US,"33.6409,-117.6031",AS22773 Cox Communications Inc.,92688,America/Los_Angeles,
99-2-198-29.lightspeed.milwwi.sbcglobal.net,Mequon,Wisconsin,US,"43.2364,-87.9845","AS7018 AT&T Enterprises, LLC",53092,America/Chicago,
,London,England,GB,"51.5085,-0.1257",AS31898 Oracle Corporation,E1W,Europe/London,
,Dallas,Texas,US,"32.7939,-96.8319","AS2914 NTT America, Inc.",75207,America/Chicago,
syn-172-248-005-200.res.spectrum.com,La Mirada,California,US,"33.9067,-118.0101",AS20001 Charter Communications Inc,90638,America/Los_Angeles,
ool-182e976a.dyn.optonline.net,Tenafly,New Jersey,US,"40.9254,-73.9629",AS6128 Cablevision Systems Corp.,07670,America/New_York,
23-116-217-13.lightspeed.snantx.sbcglobal.net,San Antonio,Texas,US,"29.4241,-98.4936","AS7018 AT&T Enterprises, LLC",78205,America/Chicago,
232.83.92.23.static.reverse.as19531.net,Jacksonville,Florida,US,"30.3322,-81.6556",AS19531 Nodes Direct,32202,America/New_York,
,Carolina,Carolina,PR,"18.3808,-65.9574",AS14638 Liberty Communications of Puerto Rico LLC,00983,America/Puerto_Rico,
syn-071-015-038-250.res.spectrum.com,Slidell,Louisiana,US,"30.2916,-89.8129",AS20115 Charter Communications LLC,70460,America/Chicago,
dynamic.libertypr.net,San Juan,San Juan,PR,"18.4663,-66.1057",AS14638 Liberty Communications of Puerto Rico LLC,00901,America/Puerto_Rico,
raiz.avaliado.com,Seattle,Washington,US,"47.4889,-122.3012",AS32875 Wowrack.com,98168,America/Los_Angeles,
46-211-223-66.gci.net,Anchorage,Alaska,US,"61.2181,-149.9003","AS8047 GENERAL COMMUNICATION, INC.",99509,America/Anchorage,
,Kingston,Kingston,JM,"17.9970,-76.7936",AS30689 FLOW,,America/Jamaica,
ool-435773c5.dyn.optonline.net,Paterson,New Jersey,US,"40.9168,-74.1718",AS6128 Cablevision Systems Corp.,07501,America/New_York,
ool-43544413.dyn.optonline.net,Newark,New Jersey,US,"40.7357,-74.1724",AS6128 Cablevision Systems Corp.,07102,America/New_York,
syn-075-080-045-082.res.spectrum.com,Carlsbad,California,US,"33.1602,-117.3250",AS20001 Charter Communications Inc,92008,America/Los_Angeles,
,North Bergen,New Jersey,US,"40.8043,-74.0121","AS14061 DigitalOcean, LLC",07047,America/New_York,
,Washington,District of Columbia,US,"38.8951,-77.0364",AS174 Cogent Communications,20004,America/New_York,
c-98-197-9-153.hsd1.tx.comcast.net,Houston,Texas,US,"29.7633,-95.3633","AS7922 Comcast Cable Communications, LLC",77002,America/Chicago,
syn-096-035-085-084.res.spectrum.com,Holland,Michigan,US,"42.7875,-86.1089",AS20115 Charter Communications LLC,49422,America/Detroit,
pool-108-29-87-91.nycmny.fios.verizon.net,New York City,New York,US,"40.7143,-74.0060",AS701 Verizon Business,10001,America/New_York,
,London,England,GB,"51.5085,-0.1257","AS14061 DigitalOcean, LLC",E1W,Europe/London,
syn-141-126-205-020.res.spectrum.com,Worcester,Massachusetts,US,"42.2626,-71.8023",AS20115 Charter Communications LLC,01601,America/New_York,
,Herndon,Virginia,US,"38.9839,-77.3675","AS3491 PCCW Global, Inc.",20170,America/New_York,
,Montréal,Quebec,CA,"45.5005,-73.5684",,H3B,America/Toronto,
ip217.ip-198-50-231.net,Vaudreuil-Dorion,Quebec,CA,"45.4001,-74.0325",AS16276 OVH SAS,J7V,America/Toronto,
23-126-173-169.lightspeed.okcbok.sbcglobal.net,Oklahoma City,Oklahoma,US,"35.4874,-97.5740","AS7018 AT&T Enterprises, LLC",73107,America/Chicago,
118.177.62.50.host.secureserver.net,Tempe,Arizona,US,"33.4148,-111.9093","AS26496 GoDaddy.com, LLC",85285,America/Phoenix,
,Augusta,Georgia,US,"33.4710,-81.9748","AS7922 Comcast Cable Communications, LLC",30901,America/New_York,
ool-2f104f13.dyn.optonline.net,New York City,New York,US,"40.7143,-74.0060",AS6128 Cablevision Systems Corp.,10001,America/New_York,
,Tyler,Texas,US,"32.3513,-95.3011",AS19108 Optimum,75710,America/Chicago,
45.32.215.77.vultrusercontent.com,Atlanta,Georgia,US,"33.7865,-84.4454","AS20473 The Constant Company, LLC",30318,America/New_York,
90.43.233.35.bc.googleusercontent.com,Brussels,Brussels Capital,BE,"50.8505,4.3488",AS396982 Google LLC,1000,Europe/Brussels,
76.92.233.35.bc.googleusercontent.com,Brussels,Brussels Capital,BE,"50.8505,4.3488",AS396982 Google LLC,1000,Europe/Brussels,
78.39.240.35.bc.googleusercontent.com,Brussels,Brussels Capital,BE,"50.8505,4.3488",AS396982 Google LLC,1000,Europe/Brussels,
194.250.241.35.bc.googleusercontent.com,Brussels,Brussels Capital,BE,"50.8505,4.3488",AS396982 Google LLC,1000,Europe/Brussels,
31.120.76.34.bc.googleusercontent.com,Brussels,Brussels Capital,BE,"50.8505,4.3488",AS396982 Google LLC,1000,Europe/Brussels,
47.149.76.34.bc.googleusercontent.com,Brussels,Brussels Capital,BE,"50.8505,4.3488",AS396982 Google LLC,1000,Europe/Brussels,
113.180.76.34.bc.googleusercontent.com,Brussels,Brussels Capital,BE,"50.8505,4.3488",AS396982 Google LLC,1000,Europe/Brussels,
95.19.76.34.bc.googleusercontent.com,Brussels,Brussels Capital,BE,"50.8505,4.3488",AS396982 Google LLC,1000,Europe/Brussels,
79.200.76.34.bc.googleusercontent.com,Brussels,Brussels Capital,BE,"50.8505,4.3488",AS396982 Google LLC,1000,Europe/Brussels,
30.59.187.35.bc.googleusercontent.com,Brussels,Brussels Capital,BE,"50.8505,4.3488",AS396982 Google LLC,1000,Europe/Brussels,
67-1-202-15.tcso.qwest.net,Tucson,Arizona,US,"32.2217,-110.9265","AS209 CenturyLink Communications, LLC",85702,America/Phoenix,
,Miami,Florida,US,"25.7743,-80.1937","AS7922 Comcast Cable Communications, LLC",33101,America/New_York,
c-73-229-244-33.hsd1.co.comcast.net,Aurora,Colorado,US,"39.7294,-104.8319","AS7922 Comcast Cable Communications, LLC",80040,America/Denver,
host-76-11-105-47.public.eastlink.ca,Oxford,Nova Scotia,CA,"45.7334,-63.8654",AS11260 EastLink,B0M,America/Halifax,
198-84-140-7.cpe.teksavvy.com,Quinte West,Ontario,CA,"44.1834,-77.5662","AS5645 TekSavvy Solutions, Inc.",K8R,America/Toronto,
198-46-193-138-host.colocrossing.com,Dallas,Texas,US,"32.7831,-96.8067",AS36352 HostPapa,75201,America/Chicago,
173-25-172-4.client.mchsi.com,Ottawa,Illinois,US,"41.3456,-88.8426",AS30036 Mediacom Communications Corp,61350,America/Chicago,
,Toronto,Ontario,CA,"43.7064,-79.3986","AS14061 DigitalOcean, LLC",M5A,America/Toronto,
,Toronto,Ontario,CA,"43.7064,-79.3986","AS14061 DigitalOcean, LLC",M5A,America/Toronto,
,Ashburn,Virginia,US,"39.0437,-77.4875",AS31898 Oracle Corporation,20147,America/New_York,
,Clifton,New Jersey,US,"40.8344,-74.1377","AS14061 DigitalOcean, LLC",07014,America/New_York,
104-55-45-137.lightspeed.gnvlsc.sbcglobal.net,Fountain Inn,South Carolina,US,"34.6890,-82.1957","AS7018 AT&T Enterprises, LLC",29644,America/New_York,
5.102.199.104.bc.googleusercontent.com,Brussels,Brussels Capital,BE,"50.8505,4.3488",AS396982 Google LLC,1000,Europe/Brussels,
pool-99-226-144-252.cpe.net.cable.rogers.com,Woodstock,Ontario,CA,"43.1334,-80.7497",AS812 Rogers Communications Canada Inc.,N4S,America/Toronto,
72-173-27-128.cust.exede.net,Lehigh Acres,Florida,US,"26.6254,-81.6248","AS7155 ViaSat,Inc.",33972,America/New_York,
c-73-15-64-171.hsd1.ca.comcast.net,Cupertino,California,US,"37.3230,-122.0322","AS7922 Comcast Cable Communications, LLC",95014,America/Los_Angeles,
syn-069-193-177-227.biz.spectrum.com,New York City,New York,US,"40.7143,-74.0060",AS12271 Charter Communications Inc,10001,America/New_York,
dynamic.libertypr.net,Lares,Lares,PR,"18.2947,-66.8771",AS14638 Liberty Communications of Puerto Rico LLC,00669,America/Puerto_Rico,
syn-070-095-033-214.res.spectrum.com,San Diego,California,US,"32.8239,-117.1965",AS20001 Charter Communications Inc,92117,America/Los_Angeles,
c-71-200-166-107.hsd1.de.comcast.net,Nassau,Delaware,US,"38.7521,-75.1877","AS7922 Comcast Cable Communications, LLC",19969,America/New_York,
ip-67-209-240-149.gyld.mi.winntel.net,Gaylord,Michigan,US,"45.0275,-84.6748",AS17143 Winn Telecom,49734,America/Detroit,
,North Bergen,New Jersey,US,"40.8043,-74.0121","AS14061 DigitalOcean, LLC",07047,America/New_York,
ool-457b5f0a.dyn.optonline.net,Coram,New York,US,"40.8687,-73.0015",AS6128 Cablevision Systems Corp.,11727,America/New_York,
syn-068-188-138-099.res.spectrum.com,Traverse City,Michigan,US,"44.6940,-85.6763",AS20115 Charter Communications LLC,49684,America/Detroit,
68-233-253-123.static.hvvc.us,Tampa,Florida,US,"28.0091,-82.5034","AS29802 HIVELOCITY, Inc.",33614,America/New_York,
65-255-86-140.dyn.hsi.pldi.net,Kingfisher,Oklahoma,US,"35.8614,-97.9317",AS11650 Pioneer Long Distance Inc.,73750,America/Chicago,
,Plano,Texas,US,"33.0198,-96.6989",AS7819 Global IP Networks INC,75026,America/Chicago,
spam1.wsifb-domain.com,Winston-Salem,North Carolina,US,"36.0999,-80.2442","AS3549 Level 3 Parent, LLC",27111,America/New_York,
syn-066-027-148-018.res.spectrum.com,Yucca Valley,California,US,"34.1142,-116.4322",AS20001 Charter Communications Inc,92284,America/Los_Angeles,
108-79-37-18.lightspeed.rcsntx.sbcglobal.net,McKinney,Texas,US,"33.1976,-96.6153","AS7018 AT&T Enterprises, LLC",75069,America/Chicago,
184-102-122-187.cltn.qwest.net,Mount Joy,Pennsylvania,US,"40.1098,-76.5033","AS209 CenturyLink Communications, LLC",17552,America/New_York,
d199-126-130-34.abhsia.telus.net,Calgary,Alberta,CA,"51.0501,-114.0853",AS852 TELUS Communications Inc.,T3S,America/Edmonton,
23-119-36-103.lightspeed.jcvlfl.sbcglobal.net,Jacksonville,Florida,US,"30.2933,-81.5092","AS7018 AT&T Enterprises, LLC",32246,America/New_York,
server.mindburn.solutions,Ashburn,Virginia,US,"39.0437,-77.4875","AS54641 InMotion Hosting, Inc.",20147,America/New_York,
,Denver,Colorado,US,"39.7392,-104.9847","AS398880 InvestCloud, Inc.",80203,America/Denver,
,Victoria,British Columbia,CA,"48.4359,-123.3516",AS6327 Shaw Communications Inc.,V8T,America/Vancouver,
dynamic-acs-24-112-142-49.zoominternet.net,Stewartstown,Pennsylvania,US,"39.7537,-76.5914",AS27364 Armstrong,17363,America/New_York,
modemcable120.154-202-24.mc.videotron.ca,Sherbrooke,Quebec,CA,"45.4001,-71.8991",AS5769 Videotron Ltee,J1H,America/Toronto,
,Nassau,New Providence,BS,"25.0582,-77.3431",AS15146 Cable Bahamas,,America/Nassau,
wsip-24-252-169-133.dc.dc.cox.net,Fairfax,Virginia,US,"38.8462,-77.3064",AS22773 Cox Communications Inc.,22038,America/New_York,
syn-035-137-195-019.res.spectrum.com,Safety Harbor,Florida,US,"27.9908,-82.6932","AS33363 Charter Communications, Inc",34695,America/New_York,
9.69.199.35.bc.googleusercontent.com,São Paulo,São Paulo,BR,"-23.5475,-46.6361",AS396982 Google LLC,01000-000,America/Sao_Paulo,
205.110.229.35.bc.googleusercontent.com,North Charleston,South Carolina,US,"32.8546,-79.9748",AS396982 Google LLC,29415,America/New_York,
,Washington,Virginia,US,"38.7135,-78.1594",AS8075 Microsoft Corporation,22747,America/New_York,
47-144-19-230.lsan.ca.frontiernet.net,Camarillo,California,US,"34.2164,-119.0376","AS5650 Frontier Communications of America, Inc.",93011,America/Los_Angeles,
47-203-190-4.frr01.pnls.fl.ip.frontiernet.net,Largo,Florida,US,"27.9098,-82.7884","AS5650 Frontier Communications of America, Inc.",33770,America/New_York,
,Augusta,Georgia,US,"33.4710,-81.9748","AS7922 Comcast Cable Communications, LLC",30901,America/New_York,
142.176.62.50.host.secureserver.net,Tempe,Arizona,US,"33.4148,-111.9093","AS26496 GoDaddy.com, LLC",85285,America/Phoenix,
50-80-64-178.client.mchsi.com,Albany,Georgia,US,"31.5785,-84.1557",AS30036 Mediacom Communications Corp,31703,America/New_York,
,Dallas,Texas,US,"32.7939,-96.8319","AS2914 NTT America, Inc.",75207,America/Chicago,
,Dallas,Texas,US,"32.7939,-96.8319","AS2914 NTT America, Inc.",75207,America/Chicago,
,North Bergen,New Jersey,US,"40.8043,-74.0121","AS14061 DigitalOcean, LLC",07047,America/New_York,
streamlive.lapunjabiradio.com,New York City,New York,US,"40.7143,-74.0060","AS19624 Data Room, Inc",10001,America/New_York,
sydnns0115w-156-57-244-216.dhcp-dynamic.fibreop.ns.bellaliant.net,Sydney,Nova Scotia,CA,"46.1351,-60.1831",AS855 Bell Canada,B1P,America/Glace_Bay,
,Monte Sereno,California,US,"37.2363,-121.9925",AS33452 RIDGE WIRELESS,95030,America/Los_Angeles,
140-186-202-241-dynamic.midco.net,Williston,North Dakota,US,"48.1470,-103.6180",AS11232 Midcontinent Communications,58803,America/Chicago,
researchscan544.eecs.umich.edu,Ann Arbor,Michigan,US,"42.2776,-83.7409",AS36375 University of Michigan,48109,America/Detroit,
,Two Rivers,Wisconsin,US,"44.1539,-87.5692",AS20001 Charter Communications Inc,54241,America/Chicago,
,Ashburn,Virginia,US,"39.0437,-77.4875",AS31898 Oracle Corporation,20147,America/New_York,
,Ashburn,Virginia,US,"39.0437,-77.4875",AS31898 Oracle Corporation,20147,America/New_York,
,Land O' Lakes,Florida,US,"28.2189,-82.4576",AS23314 Summit Broadband,34639,America/New_York,
,Columbus,Ohio,US,"39.9612,-82.9988","AS16509 Amazon.com, Inc.",43215,America/New_York,
,Santa Clara,California,US,"37.3483,-121.9844","AS14061 DigitalOcean, LLC",95051,America/Los_Angeles,
,North Bergen,New Jersey,US,"40.8043,-74.0121","AS14061 DigitalOcean, LLC",07047,America/New_York,
,Washington,District of Columbia,US,"38.8951,-77.0364","AS30633 Leaseweb USA, Inc.",20004,America/New_York,
static-207-255-195-205.paw.cpe.atlanticbb.net,Cumberland,Maryland,US,"39.6529,-78.7625",AS11776 Breezeline,21501,America/New_York,
,Covington,Louisiana,US,"30.4755,-90.1004",AS32592 Uniti Fiber Holdings Inc.,70434,America/Chicago,
,Des Moines,Iowa,US,"41.6005,-93.6091",AS8075 Microsoft Corporation,50307,America/Chicago,
,Goiânia,Goiás,BR,"-16.6786,-49.2539","AS16509 Amazon.com, Inc.",74000-000,America/Sao_Paulo,
vps91668.inmotionhosting.com,Ashburn,Virginia,US,"39.0437,-77.4875","AS54641 InMotion Hosting, Inc.",20147,America/New_York,
99-168-111-148.lightspeed.ftwotx.sbcglobal.net,Fort Worth,Texas,US,"32.6526,-97.3758","AS7018 AT&T Enterprises, LLC",76133,America/Chicago,
pool-100-1-96-85.nwrknj.fios.verizon.net,Newark,New Jersey,US,"40.7357,-74.1724",AS701 Verizon Business,07102,America/New_York,
pool-100-15-47-82.washdc.fios.verizon.net,Dale City,Virginia,US,"38.6371,-77.3111",AS701 Verizon Business,22191,America/New_York,
pool-100-8-140-115.nwrknj.fios.verizon.net,Newark,New Jersey,US,"40.7357,-74.1724",AS701 Verizon Business,07102,America/New_York,
,New Haven,Connecticut,US,"41.3081,-72.9282","AS7922 Comcast Cable Communications, LLC",06501,America/New_York,
syn-097-079-001-218.biz.spectrum.com,Lakeland,Florida,US,"28.0381,-81.9392","AS33363 Charter Communications, Inc",33801,America/New_York,
pool-98-109-110-110.nwrknj.fios.verizon.net,Jersey City,New Jersey,US,"40.7282,-74.0776",AS701 Verizon Business,07097,America/New_York,
syn-131-148-080-054.biz.spectrum.com,Auburndale,Florida,US,"28.0653,-81.7887","AS33363 Charter Communications, Inc",33823,America/New_York,
135-180-0-71.fiber.dynamic.sonic.net,Berkeley,California,US,"37.8716,-122.2728",AS46375 Sonic Telecom LLC,94703,America/Los_Angeles,
,San Jose,California,US,"37.3394,-121.8950",AS141167 AgotoZ HK Limited,95025,America/Los_Angeles,
,Montréal,Quebec,CA,"45.5088,-73.5878",AS22423 Altima Telecom,H3H,America/Toronto,
syn-098-007-196-089.res.spectrum.com,New York City,New York,US,"40.7571,-73.9657",AS12271 Charter Communications Inc,10022,America/New_York,
,Barahona,Morovis,PR,"18.3513,-66.4454",AS53764 DM Wireless LLC,00687,America/Puerto_Rico,
45.32.95.19.vultrusercontent.com,Los Angeles,California,US,"34.0614,-118.2385","AS20473 The Constant Company, LLC",90012,America/Los_Angeles,
syn-074-141-053-143.res.spectrum.com,Cleveland Heights,Ohio,US,"41.5200,-81.5562",AS10796 Charter Communications Inc,44118,America/New_York,
sandboxgdmi01.tempurl.host,Miami,Florida,US,"25.8130,-80.2320","AS20473 The Constant Company, LLC",33142,America/New_York,
,Montego Bay,Saint James Parish,JM,"18.4712,-77.9188",AS30689 FLOW,,America/Jamaica,
,Dallas,Texas,US,"32.7939,-96.8319","AS2914 NTT America, Inc.",75207,America/Chicago,
,Clifton,New Jersey,US,"40.8344,-74.1377","AS14061 DigitalOcean, LLC",07014,America/New_York,
45.77.120.237.vultrusercontent.com,Los Angeles,California,US,"34.0614,-118.2385","AS20473 The Constant Company, LLC",90012,America/Los_Angeles,
66-110-247-248-dynamic.northstate.net,High Point,North Carolina,US,"36.0036,-80.0036","AS22709 North State Telephone, LLC",27265,America/New_York,
mx.fastacid.com,Miami,Florida,US,"25.7743,-80.1937",AS15083 Infolink Global Corporation,33101,America/New_York,
astound-64-85-228-52.ca.astound.net,Concord,California,US,"37.9780,-122.0311",AS11404 Wave Broadband,94520,America/Los_Angeles,
syn-068-204-028-142.res.spectrum.com,Winter Springs,Florida,US,"28.6989,-81.3081","AS33363 Charter Communications, Inc",32708,America/New_York,
syn-068-174-243-052.res.spectrum.com,New York City,New York,US,"40.7611,-73.8916",AS12271 Charter Communications Inc,11370,America/New_York,
pool-68-160-141-35.bstnma.fios.verizon.net,Tyngsboro,Massachusetts,US,"42.6768,-71.4245",AS701 Verizon Business,01879,America/New_York,
ip68-111-56-224.br.br.cox.net,Baton Rouge,Louisiana,US,"30.4433,-91.1875",AS22773 Cox Communications Inc.,70801,America/Chicago,
syn-067-052-164-015.biz.spectrum.com,El Monte,California,US,"34.0686,-118.0276",AS20001 Charter Communications Inc,91734,America/Los_Angeles,
,Naperville,Illinois,US,"41.7859,-88.1473","AS23338 DCS Pacific Star, LLC",60567,America/Chicago,
,Philadelphia,Pennsylvania,US,"39.9524,-75.1636","AS7922 Comcast Cable Communications, LLC",19099,America/New_York,
c-71-203-12-84.hsd1.fl.comcast.net,Brandon,Florida,US,"27.9378,-82.2859","AS7922 Comcast Cable Communications, LLC",33509,America/New_York,
syn-070-117-166-184.res.spectrum.com,El Paso,Texas,US,"31.7677,-106.3016",AS11427 Charter Communications Inc,79936,America/Denver,
c-69-253-223-247.hsd1.pa.comcast.net,Philadelphia,Pennsylvania,US,"39.9524,-75.1636","AS7922 Comcast Cable Communications, LLC",19099,America/New_York,
syn-069-146-121-133.biz.spectrum.com,Billings,Montana,US,"45.7833,-108.5007",AS33588 Charter Communications LLC,59101,America/Denver,
c-69-140-138-39.hsd1.va.comcast.net,Hanover,Maryland,US,"39.1929,-76.7241","AS7922 Comcast Cable Communications, LLC",21076,America/New_York,
ool-457b1a45.dyn.optonline.net,New York City,New York,US,"40.7143,-74.0060",AS6128 Cablevision Systems Corp.,10001,America/New_York,
c-73-225-186-30.hsd1.wa.comcast.net,Everett,Washington,US,"47.9790,-122.2021","AS7922 Comcast Cable Communications, LLC",98207,America/Los_Angeles,
,Miami,Florida,US,"25.7743,-80.1937","AS7922 Comcast Cable Communications, LLC",33101,America/New_York,
c-73-125-122-213.hsd1.fl.comcast.net,Hillsboro Pines,Florida,US,"26.3263,-80.1948","AS7922 Comcast Cable Communications, LLC",33073,America/New_York,
c-73-100-186-85.hsd1.ma.comcast.net,Lawrence,Massachusetts,US,"42.7070,-71.1631","AS7922 Comcast Cable Communications, LLC",01840,America/New_York,
static-72-91-227-178.tampfl.fios.frontiernet.net,Ashburn,Virginia,US,"39.0437,-77.4875",,20147,America/New_York,
pool-72-88-180-233.nwrknj.fios.verizon.net,Bayville,New Jersey,US,"39.9093,-74.1549",AS701 Verizon Business,08721,America/New_York,
72-51-162-72-51-162-201.cpe.sparklight.net,Lexington,Kentucky,US,"38.0102,-84.4274",AS10796 Charter Communications Inc,40509,America/New_York,
syn-072-226-050-035.res.spectrum.com,New York City,New York,US,"40.7611,-73.8916",AS12271 Charter Communications Inc,11370,America/New_York,
,San Diego,California,US,"32.7157,-117.1647",AS22773 Cox Communications Inc.,92101,America/Los_Angeles,
syn-072-184-070-217.res.spectrum.com,Auburndale,Florida,US,"28.0653,-81.7887","AS33363 Charter Communications, Inc",33823,America/New_York,
pool-72-141-225-44.cpe.net.fido.ca,Vaughan,Ontario,CA,"43.8361,-79.4983",AS812 Rogers Communications Canada Inc.,L6A,America/Toronto,
syn-071-088-252-084.res.spectrum.com,Simpsonville,South Carolina,US,"34.7371,-82.2543",AS20115 Charter Communications LLC,29681,America/New_York,
,Cape Coral,Florida,US,"26.5629,-81.9495","AS7922 Comcast Cable Communications, LLC",33910,America/New_York,
,Englewood,Colorado,US,"39.5805,-104.9011","AS7155 ViaSat,Inc.",80112,America/Denver,
75-1-218-16.lightspeed.snantx.sbcglobal.net,San Antonio,Texas,US,"29.5863,-98.4769","AS7018 AT&T Enterprises, LLC",78232,America/Chicago,
c-73-59-7-36.hsd1.wa.comcast.net,Tacoma,Washington,US,"47.2529,-122.4443","AS7922 Comcast Cable Communications, LLC",98401,America/Los_Angeles,
syn-076-190-111-244.biz.spectrum.com,Warren,Ohio,US,"41.2318,-80.7642",AS10796 Charter Communications Inc,44484,America/New_York,
syn-075-086-008-042.res.spectrum.com,Lexington,Kentucky,US,"38.0102,-84.4274",AS10796 Charter Communications Inc,40509,America/New_York,
,Santa Clara,California,US,"37.3483,-121.9844","AS14061 DigitalOcean, LLC",95051,America/Los_Angeles,
,North Bergen,New Jersey,US,"40.8043,-74.0121","AS14061 DigitalOcean, LLC",07047,America/New_York,
978218.cloudwaysapps.com,North Bergen,New Jersey,US,"40.8043,-74.0121","AS14061 DigitalOcean, LLC",07047,America/New_York,
174-138-217-157.cpe.distributel.net,Toronto,Ontario,CA,"43.7064,-79.3986",AS11814 Distributel Communications Limited,M5A,America/Toronto,
syn-174-101-100-091.res.spectrum.com,Chillicothe,Ohio,US,"39.3331,-82.9824",AS10796 Charter Communications Inc,45601,America/New_York,
,Los Angeles,California,US,"34.0522,-118.2437",AS40065 CNSERVERS LLC,90009,America/Los_Angeles,
,Los Angeles,California,US,"34.0522,-118.2437",AS40065 CNSERVERS LLC,90009,America/Los_Angeles,
23-95-226-120-host.colocrossing.com,Buffalo,New York,US,"42.8865,-78.8784",AS36352 HostPapa,14202,America/New_York,
24-143-38-192-dynamic.midco.net,Lawrence,Kansas,US,"38.9717,-95.2352",AS11232 Midcontinent Communications,66045,America/Chicago,
205-253-237-24.gci.net,Soldotna,Alaska,US,"60.4878,-151.0583","AS8047 GENERAL COMMUNICATION, INC.",99669,America/Anchorage,
192.121.76.34.bc.googleusercontent.com,Brussels,Brussels Capital,BE,"50.8505,4.3488",AS396982 Google LLC,1000,Europe/Brussels,
211.124.76.34.bc.googleusercontent.com,Brussels,Brussels Capital,BE,"50.8505,4.3488",AS396982 Google LLC,1000,Europe/Brussels,
140.132.76.34.bc.googleusercontent.com,Brussels,Brussels Capital,BE,"50.8505,4.3488",AS396982 Google LLC,1000,Europe/Brussels,
0.190.76.34.bc.googleusercontent.com,Brussels,Brussels Capital,BE,"50.8505,4.3488",AS396982 Google LLC,1000,Europe/Brussels,
11.203.76.34.bc.googleusercontent.com,Brussels,Brussels Capital,BE,"50.8505,4.3488",AS396982 Google LLC,1000,Europe/Brussels,
163.208.76.34.bc.googleusercontent.com,Brussels,Brussels Capital,BE,"50.8505,4.3488",AS396982 Google LLC,1000,Europe/Brussels,
106.221.76.34.bc.googleusercontent.com,Brussels,Brussels Capital,BE,"50.8505,4.3488",AS396982 Google LLC,1000,Europe/Brussels,
83.243.76.34.bc.googleusercontent.com,Brussels,Brussels Capital,BE,"50.8505,4.3488",AS396982 Google LLC,1000,Europe/Brussels,
156.67.76.34.bc.googleusercontent.com,Brussels,Brussels Capital,BE,"50.8505,4.3488",AS396982 Google LLC,1000,Europe/Brussels,
241.9.187.35.bc.googleusercontent.com,Brussels,Brussels Capital,BE,"50.8505,4.3488",AS396982 Google LLC,1000,Europe/Brussels,
87.213.189.35.bc.googleusercontent.com,Brussels,Brussels Capital,BE,"50.8505,4.3488",AS396982 Google LLC,1000,Europe/Brussels,
90.214.189.35.bc.googleusercontent.com,Brussels,Brussels Capital,BE,"50.8505,4.3488",AS396982 Google LLC,1000,Europe/Brussels,
23.241.189.35.bc.googleusercontent.com,Brussels,Brussels Capital,BE,"50.8505,4.3488",AS396982 Google LLC,1000,Europe/Brussels,
216.246.189.35.bc.googleusercontent.com,Brussels,Brussels Capital,BE,"50.8505,4.3488",AS396982 Google LLC,1000,Europe/Brussels,
160.252.189.35.bc.googleusercontent.com,Brussels,Brussels Capital,BE,"50.8505,4.3488",AS396982 Google LLC,1000,Europe/Brussels,
205.213.190.35.bc.googleusercontent.com,Brussels,Brussels Capital,BE,"50.8505,4.3488",AS396982 Google LLC,1000,Europe/Brussels,
169.220.190.35.bc.googleusercontent.com,Brussels,Brussels Capital,BE,"50.8505,4.3488",AS396982 Google LLC,1000,Europe/Brussels,
pool-100-38-60-140.nycmny.fios.verizon.net,New York City,New York,US,"40.7143,-74.0060",AS701 Verizon Business,10001,America/New_York,
57.109.155.104.bc.googleusercontent.com,Brussels,Brussels Capital,BE,"50.8505,4.3488",AS396982 Google LLC,1000,Europe/Brussels,
,Clifton,New Jersey,US,"40.8344,-74.1377","AS14061 DigitalOcean, LLC",07014,America/New_York,
,Ann Arbor,Michigan,US,"42.2776,-83.7409","AS393499 Otava, LLC",48109,America/Detroit,
adsl-104-60-86-68.lightspeed.nworla.sbcglobal.net,New Orleans,Louisiana,US,"29.9547,-90.0751","AS7018 AT&T Enterprises, LLC",70112,America/Chicago,
c-98-216-209-191.hsd1.ma.comcast.net,Tewksbury,Massachusetts,US,"42.6106,-71.2342","AS7922 Comcast Cable Communications, LLC",01876,America/New_York,
,San Jose,California,US,"37.3394,-121.8950","AS7922 Comcast Cable Communications, LLC",95025,America/Los_Angeles,
,Houston,Texas,US,"29.7633,-95.3633","AS7922 Comcast Cable Communications, LLC",77002,America/Chicago,
98-143-61-117.cst.watchcomm.net,Upper Sandusky,Ohio,US,"40.8273,-83.2813",AS46231 Watch Communications,43351,America/New_York,
c-75-66-8-51.hsd1.ms.comcast.net,Hattiesburg,Mississippi,US,"31.3271,-89.2903","AS7922 Comcast Cable Communications, LLC",39401,America/Chicago,
syn-071-070-147-122.res.spectrum.com,Wake Forest,North Carolina,US,"35.9799,-78.5097",AS11426 Charter Communications Inc,27587,America/New_York,
syn-071-090-030-098.res.spectrum.com,Watertown,Wisconsin,US,"43.2764,-88.7154",AS20115 Charter Communications LLC,53098,America/Chicago,
pool-72-140-193-99.cpe.net.fido.ca,Toronto,Ontario,CA,"43.7064,-79.3986",AS812 Rogers Communications Canada Inc.,M5A,America/Toronto,
pool-72-141-234-242.cpe.net.fido.ca,Ajax,Ontario,CA,"43.8501,-79.0329",AS812 Rogers Communications Canada Inc.,L1S,America/Toronto,
c-73-195-79-81.hsd1.nj.comcast.net,Pennington,New Jersey,US,"40.3284,-74.7907","AS7922 Comcast Cable Communications, LLC",08534,America/New_York,
syn-066-025-185-045.res.spectrum.com,Jasper,Texas,US,"30.9202,-93.9966",AS11427 Charter Communications Inc,75951,America/Chicago,
ip-67-215-40-190.syringanetworks.net,Colville,Washington,US,"48.5466,-117.9055",AS395107 RTI,99114,America/Los_Angeles,
,North Bergen,New Jersey,US,"40.8043,-74.0121","AS14061 DigitalOcean, LLC",07047,America/New_York,
ool-44c4eb1d.dyn.optonline.net,Croton-on-Hudson,New York,US,"41.2084,-73.8912",AS6128 Cablevision Systems Corp.,10520,America/New_York,
ip68-231-90-27.ph.ph.cox.net,Phoenix,Arizona,US,"33.4484,-112.0740",AS22773 Cox Communications Inc.,85001,America/Phoenix,
,Tseung Kwan O,Sai Kung,HK,"22.3279,114.2499",AS134548 DXTL Tseung Kwan O Service,999077,Asia/Hong_Kong,
,Port Louis,Port Louis,MU,"-20.1619,57.4989",,,Indian/Mauritius,
,Tabiona,Utah,US,"40.3544,-110.7101",AS46606 Unified Layer,84072,America/Denver,
ns535103.ip-144-217-65.net,Vaudreuil-Dorion,Quebec,CA,"45.4001,-74.0325",AS16276 OVH SAS,J7V,America/Toronto,
,Doddaballapura,Karnataka,IN,"13.2257,77.5750","AS14061 DigitalOcean, LLC",560100,Asia/Kolkata,
,Clifton,New Jersey,US,"40.8344,-74.1377","AS14061 DigitalOcean, LLC",07014,America/New_York,
42.105.211.130.bc.googleusercontent.com,Brussels,Brussels Capital,BE,"50.8505,4.3488",AS396982 Google LLC,1000,Europe/Brussels,
41.108.211.130.bc.googleusercontent.com,Brussels,Brussels Capital,BE,"50.8505,4.3488",AS396982 Google LLC,1000,Europe/Brussels,
213.63.211.130.bc.googleusercontent.com,Brussels,Brussels Capital,BE,"50.8505,4.3488",AS396982 Google LLC,1000,Europe/Brussels,
studentstay.omines.hosting,Amsterdam,North Holland,NL,"52.3740,4.8897","AS14061 DigitalOcean, LLC",1012,Europe/Amsterdam,
,Miami,Florida,US,"25.7743,-80.1937","AS36007 Kamatera, Inc.",33101,America/New_York,
,Los Angeles,California,US,"34.0443,-118.2509",AS9009 M247 Europe SRL,90014,America/Los_Angeles,
,San Jose,California,US,"37.3394,-121.8950",AS46562 Performive LLC,95025,America/Los_Angeles,
,Buffalo,New York,US,"42.9685,-78.7492",,14221,America/New_York,
50-102-83-70.adr02.ftwy.in.ip.frontiernet.net,Boston,Indiana,US,"39.7412,-84.8519","AS5650 Frontier Communications of America, Inc.",47324,America/Indiana/Indianapolis,
197.190.241.35.bc.googleusercontent.com,Brussels,Brussels Capital,BE,"50.8505,4.3488",AS396982 Google LLC,1000,Europe/Brussels,
180.99.240.35.bc.googleusercontent.com,Brussels,Brussels Capital,BE,"50.8505,4.3488",AS396982 Google LLC,1000,Europe/Brussels,
52.56.240.35.bc.googleusercontent.com,Brussels,Brussels Capital,BE,"50.8505,4.3488",AS396982 Google LLC,1000,Europe/Brussels,
50.32.240.35.bc.googleusercontent.com,Brussels,Brussels Capital,BE,"50.8505,4.3488",AS396982 Google LLC,1000,Europe/Brussels,
161.31.240.35.bc.googleusercontent.com,Brussels,Brussels Capital,BE,"50.8505,4.3488",AS396982 Google LLC,1000,Europe/Brussels,
researchscan543.eecs.umich.edu,Ann Arbor,Michigan,US,"42.2776,-83.7409",AS36375 University of Michigan,48109,America/Detroit,
researchscan542.eecs.umich.edu,Ann Arbor,Michigan,US,"42.2776,-83.7409",AS36375 University of Michigan,48109,America/Detroit,
,Tseung Kwan O,Sai Kung,HK,"22.3279,114.2499",AS142403 YISU CLOUD LTD,999077,Asia/Hong_Kong,
,Clifton,New Jersey,US,"40.8344,-74.1377","AS14061 DigitalOcean, LLC",07014,America/New_York,
,Des Moines,Iowa,US,"41.6005,-93.6091",AS8075 Microsoft Corporation,50307,America/Chicago,
,Germantown,Maryland,US,"39.1732,-77.2716",,20876,America/New_York,
s0106a456ccdb74be.ed.shawcable.net,Edmonton,Alberta,CA,"53.5501,-113.4687",AS6327 Shaw Communications Inc.,T5H,America/Edmonton,
syn-173-173-235-067.res.spectrum.com,Harlingen,Texas,US,"26.1906,-97.6961",AS11427 Charter Communications Inc,78550,America/Chicago,
ec2-3-19-62-99.us-east-2.compute.amazonaws.com,Columbus,Ohio,US,"39.9612,-82.9988","AS16509 Amazon.com, Inc.",43215,America/New_York,
,Köln,North Rhine-Westphalia,DE,"50.9326,6.9342",,50674,Europe/Berlin,
,Maize,Kansas,US,"37.7792,-97.4673","AS7018 AT&T Enterprises, LLC",67101,America/Chicago,
ec2-18-212-159-206.compute-1.amazonaws.com,Ashburn,Virginia,US,"39.0437,-77.4875","AS14618 Amazon.com, Inc.",20147,America/New_York,
,Tseung Kwan O,Sai Kung,HK,"22.3279,114.2499",AS134548 DXTL Tseung Kwan O Service,999077,Asia/Hong_Kong,
,Tseung Kwan O,Sai Kung,HK,"22.3279,114.2499",AS134548 DXTL Tseung Kwan O Service,999077,Asia/Hong_Kong,
c-24-61-143-1.hsd1.ct.comcast.net,Springfield,Massachusetts,US,"42.1015,-72.5898","AS7922 Comcast Cable Communications, LLC",01101,America/New_York,
206.29.76.34.bc.googleusercontent.com,Brussels,Brussels Capital,BE,"50.8505,4.3488",AS396982 Google LLC,1000,Europe/Brussels,
40.112.240.35.bc.googleusercontent.com,Brussels,Brussels Capital,BE,"50.8505,4.3488",AS396982 Google LLC,1000,Europe/Brussels,
68.161.241.35.bc.googleusercontent.com,Brussels,Brussels Capital,BE,"50.8505,4.3488",AS396982 Google LLC,1000,Europe/Brussels,
37-72-169-211.static.hvvc.us,Chicago,Illinois,US,"41.8426,-87.6306","AS29802 HIVELOCITY, Inc.",60616,America/Chicago,
47-188-42-114.fdr04.plan.tx.ip.frontiernet.net,Plano,Texas,US,"33.0198,-96.6989","AS5650 Frontier Communications of America, Inc.",75026,America/Chicago,
47-184-92-91.dlls.tx.frontiernet.net,Denton,Texas,US,"33.2148,-97.1331","AS5650 Frontier Communications of America, Inc.",76203,America/Chicago,
,Camrose,Alberta,CA,"53.0168,-112.8353",AS852 TELUS Communications Inc.,T4V,America/Edmonton,
50-78-187-209-static.hfc.comcastbusiness.net,Beaverton,Oregon,US,"45.4871,-122.8037","AS7922 Comcast Cable Communications, LLC",97075,America/Los_Angeles,
ec2-54-201-153-184.us-west-2.compute.amazonaws.com,Boardman,Oregon,US,"45.8399,-119.7006","AS16509 Amazon.com, Inc.",97818,America/Los_Angeles,
,Clifton,New Jersey,US,"40.8344,-74.1377","AS14061 DigitalOcean, LLC",07014,America/New_York,
75-148-232-138-houston.hfc.comcastbusiness.net,Houston,Texas,US,"29.7633,-95.3633","AS7922 Comcast Cable Communications, LLC",77002,America/Chicago,
,Bridgetown,Saint Michael,BB,"13.1073,-59.6202",AS14813 Columbus Telecommunications (Barbados) Limited,,America/Barbados,
syn-075-087-196-180.res.spectrum.com,Appleton,Wisconsin,US,"44.2773,-88.3976",AS10796 Charter Communications Inc,54911,America/Chicago,
140-186-77-34-dynamic.midco.net,Fargo,North Dakota,US,"46.8772,-96.7898",AS11232 Midcontinent Communications,58106,America/Chicago,
,North Bergen,New Jersey,US,"40.8043,-74.0121","AS14061 DigitalOcean, LLC",07047,America/New_York,
,Port Louis,Port Louis,MU,"-20.1619,57.4989",,,Indian/Mauritius,
c-76-125-142-49.hsd1.pa.comcast.net,Level Green,Pennsylvania,US,"40.3934,-79.7203","AS7922 Comcast Cable Communications, LLC",15085,America/New_York,
170.250.111.110.hwccustomers.com,Miami,Florida,US,"25.7743,-80.1937",AS23089 Hotwire Communications,33101,America/New_York,
pool-173-61-53-87.cmdnnj.fios.verizon.net,Trenton,New Jersey,US,"40.2171,-74.7429",AS701 Verizon Business,08609,America/New_York,
d173-183-170-152.abhsia.telus.net,Calgary,Alberta,CA,"51.0501,-114.0853",AS852 TELUS Communications Inc.,T3S,America/Edmonton,
172-79-12-109.frr06.ftwy.in.ip.frontiernet.net,Fort Wayne,Indiana,US,"41.1306,-85.1289","AS5650 Frontier Communications of America, Inc.",46825,America/Indiana/Indianapolis,
bd.1a.3da9.ip4.static.sl-reverse.com,Dallas,Texas,US,"32.7831,-96.8067",AS36351 IBM Cloud,75201,America/Chicago,
dynamic-acs-69-84-52-120.zoominternet.net,Ashland,Ohio,US,"40.8687,-82.3182",AS27364 Armstrong,44805,America/New_York,
syn-067-250-191-031.res.spectrum.com,Yonkers,New York,US,"40.8662,-73.9221",AS12271 Charter Communications Inc,10034,America/New_York,
wsip-70-182-175-25.ks.ks.cox.net,Johnson,Arkansas,US,"36.1329,-94.1655",AS22773 Cox Communications Inc.,72741,America/Chicago,
ip70-173-53-43.lv.lv.cox.net,Las Vegas,Nevada,US,"36.1750,-115.1372",AS22773 Cox Communications Inc.,89111,America/Los_Angeles,
ool-43551793.dyn.optonline.net,New York City,New York,US,"40.7143,-74.0060",AS6128 Cablevision Systems Corp.,10001,America/New_York,
c-66-229-212-29.hsd1.fl.comcast.net,Plantation,Florida,US,"26.1342,-80.2318","AS7922 Comcast Cable Communications, LLC",33388,America/New_York,
69-232-102-88.lightspeed.snantx.sbcglobal.net,San Antonio,Texas,US,"29.5563,-98.3643","AS7018 AT&T Enterprises, LLC",78233,America/Chicago,
ool-44c2e497.dyn.optonline.net,New York City,New York,US,"40.7143,-74.0060",AS6128 Cablevision Systems Corp.,10001,America/New_York,
c-73-121-245-197.hsd1.tn.comcast.net,Knoxville,Tennessee,US,"35.9606,-83.9207","AS7922 Comcast Cable Communications, LLC",37902,America/New_York,
static-72-87-95-36.prvdri.fios.verizon.net,Cranston,Rhode Island,US,"41.7798,-71.4373",AS701 Verizon Business,02910,America/New_York,
,Kingston,Kingston,JM,"17.9970,-76.7936","AS23520 Columbus Networks USA, Inc.",,America/Jamaica,
syn-071-091-133-166.res.spectrum.com,Montgomery,Alabama,US,"32.3736,-86.1833",AS20115 Charter Communications LLC,36117,America/Chicago,
,Stillwater,Oklahoma,US,"36.1156,-97.0584",AS19108 Optimum,74077,America/Chicago,
syn-074-141-084-118.res.spectrum.com,Columbus,Ohio,US,"39.9046,-82.9703",AS10796 Charter Communications Inc,43207,America/New_York,
syn-074-136-243-203.res.spectrum.com,Geneva,Ohio,US,"39.6620,-82.4335",AS10796 Charter Communications Inc,44041,America/New_York,
,Los Angeles,California,US,"34.0522,-118.2437",AS5065 Bunny Communications,90009,America/Los_Angeles,
c-73-229-97-179.hsd1.co.comcast.net,Highlands Ranch,Colorado,US,"39.5539,-104.9694","AS7922 Comcast Cable Communications, LLC",80126,America/Denver,
,Houston,Texas,US,"29.7633,-95.3633","AS7922 Comcast Cable Communications, LLC",77002,America/Chicago,
fttp-209-182-245-148.becfiber.com,Lakehills,Texas,US,"29.6047,-98.9431",AS396122 BEC Fiber,78063,America/Chicago,
,Lehigh Acres,Florida,US,"26.6254,-81.6248","AS7155 ViaSat,Inc.",33972,America/New_York,
dynamic.libertypr.net,Río Grande,Río Grande,PR,"18.3802,-65.8313",AS14638 Liberty Communications of Puerto Rico LLC,00745,America/Puerto_Rico,
,Land O' Lakes,Florida,US,"28.2189,-82.4576",AS23314 Summit Broadband,34639,America/New_York,
,Chicago,Illinois,US,"41.8500,-87.6500",AS6167 Verizon Business,60666,America/Chicago,
,Amsterdam,North Holland,NL,"52.3740,4.8897","AS14061 DigitalOcean, LLC",1012,Europe/Amsterdam,
c5.b8.b19e.ip4.static.sl-reverse.com,Frankfurt am Main,Hesse,DE,"50.1155,8.6842",AS36351 IBM Cloud,60306,Europe/Berlin,
host.coloup.com,Buffalo,New York,US,"42.8864,-78.8784",AS19084 ColoUp,14280,America/New_York,
,Tseung Kwan O,Sai Kung,HK,"22.3279,114.2499",AS142403 YISU CLOUD LTD,999077,Asia/Hong_Kong,
,Dallas,Texas,US,"32.7831,-96.8067",AS55045 TekTonic,75201,America/Chicago,
pool-108-41-140-157.nycmny.fios.verizon.net,New York City,New York,US,"40.7143,-74.0060",AS701 Verizon Business,10001,America/New_York,
pool-108-41-218-39.nycmny.fios.verizon.net,Hicksville,New York,US,"40.7684,-73.5251",AS701 Verizon Business,11801,America/New_York,
c-107-2-254-49.hsd1.co.comcast.net,Westminster,Colorado,US,"39.8366,-105.0372","AS7922 Comcast Cable Communications, LLC",80030,America/Denver,
internettl.org,Chicago,Illinois,US,"41.8500,-87.6500",AS14987 Rethem Hosting LLC,60666,America/Chicago,
we.love.servers.at.ioflood.net,Phoenix,Arizona,US,"33.4484,-112.0740",AS53755 Input Output Flood LLC,85001,America/Phoenix,
,North Bergen,New Jersey,US,"40.8043,-74.0121","AS14061 DigitalOcean, LLC",07047,America/New_York,
c-98-231-102-68.hsd1.fl.comcast.net,Jacksonville,Florida,US,"30.3322,-81.6556","AS7922 Comcast Cable Communications, LLC",32202,America/New_York,
pool-100-2-19-136.nycmny.fios.verizon.net,Nanuet,New York,US,"41.0887,-74.0135",AS701 Verizon Business,10954,America/New_York,
syn-047-232-182-080.res.spectrum.com,Burbank,California,US,"34.1808,-118.3090",AS20115 Charter Communications LLC,91501,America/Los_Angeles,
,Toronto,Ontario,CA,"43.7064,-79.3986",AS8075 Microsoft Corporation,M5A,America/Toronto,
45-33-111-135.ip.linodeusercontent.com,Fremont,California,US,"37.5483,-121.9886",AS63949 Akamai Connected Cloud,94536,America/Los_Angeles,
,Moses Lake,Washington,US,"47.1301,-119.2781",AS8075 Microsoft Corporation,98837,America/Los_Angeles,
147.187.233.35.bc.googleusercontent.com,The Dalles,Oregon,US,"45.5946,-121.1787",AS396982 Google LLC,97058,America/Los_Angeles,
ec2-54-186-205-232.us-west-2.compute.amazonaws.com,Boardman,Oregon,US,"45.8399,-119.7006","AS16509 Amazon.com, Inc.",97818,America/Los_Angeles,
76-216-146-14.lightspeed.sntcca.sbcglobal.net,Vallejo,California,US,"38.1041,-122.2566","AS7018 AT&T Enterprises, LLC",94590,America/Los_Angeles,
syn-072-017-022-078.biz.spectrum.com,Clarcona,Florida,US,"28.6128,-81.4987","AS33363 Charter Communications, Inc",32710,America/New_York,
c-73-124-84-162.hsd1.fl.comcast.net,Kendall,Florida,US,"25.6793,-80.3173","AS7922 Comcast Cable Communications, LLC",33156,America/New_York,
static-70-109-60-59.clppva.fios.verizon.net,Leesburg,Virginia,US,"39.1157,-77.5636",AS701 Verizon Business,20177,America/New_York,
static-71-167-45-193.nycmny.fios.verizon.net,New York City,New York,US,"40.7143,-74.0060",AS701 Verizon Business,10001,America/New_York,
dynamic.libertypr.net,Guaynabo,Guaynabo,PR,"18.3575,-66.1110",AS14638 Liberty Communications of Puerto Rico LLC,00965,America/Puerto_Rico,
,Naperville,Illinois,US,"41.7859,-88.1473","AS23338 DCS Pacific Star, LLC",60567,America/Chicago,
digijmres-160-98-143-63.digicelbroadband.com,Kingston,Kingston,JM,"17.9970,-76.7936",AS33576 Digicel Jamaica,,America/Jamaica,
s0106400fc1432170.vs.shawcable.net,Surrey,British Columbia,CA,"49.1063,-122.8251",AS6327 Shaw Communications Inc.,V3Z,America/Vancouver,
syn-074-066-065-236.res.spectrum.com,New York City,New York,US,"40.7143,-74.0060",AS12271 Charter Communications Inc,10001,America/New_York,
ec2-54-218-85-32.us-west-2.compute.amazonaws.com,Boardman,Oregon,US,"45.8399,-119.7006","AS16509 Amazon.com, Inc.",97818,America/Los_Angeles,
,Port Louis,Port Louis,MU,"-20.1619,57.4989",,,Indian/Mauritius,
,Toronto,Ontario,CA,"43.7064,-79.3986",AS53732 InnSys Incorporated,M5A,America/Toronto,
,Des Moines,Iowa,US,"41.6005,-93.6091",AS8075 Microsoft Corporation,50307,America/Chicago,
pool-174-114-128-191.cpe.net.cable.rogers.com,Ottawa,Ontario,CA,"45.4112,-75.6981",AS812 Rogers Communications Canada Inc.,K1R,America/Toronto,
346767.cloudwaysapps.com,North Bergen,New Jersey,US,"40.8043,-74.0121","AS14061 DigitalOcean, LLC",07047,America/New_York,
,Oistins,Christ Church,BB,"13.0707,-59.5464",AS14813 Columbus Telecommunications (Barbados) Limited,,America/Barbados,
dynamic.libertypr.net,San Juan,San Juan,PR,"18.4663,-66.1057",AS14638 Liberty Communications of Puerto Rico LLC,00901,America/Puerto_Rico,
,Santa Clara,California,US,"37.3483,-121.9844","AS14061 DigitalOcean, LLC",95051,America/Los_Angeles,
syn-098-150-079-005.res.spectrum.com,Palm Desert,California,US,"33.7225,-116.3770",AS20001 Charter Communications Inc,92260,America/Los_Angeles,
c-98-242-225-185.hsd1.fl.comcast.net,Miami Gardens,Florida,US,"25.9420,-80.2456","AS7922 Comcast Cable Communications, LLC",33056,America/New_York,
c-98-254-2-222.hsd1.fl.comcast.net,Hialeah,Florida,US,"25.8576,-80.2781","AS7922 Comcast Cable Communications, LLC",33002,America/New_York,
smokeland.net,Ashburn,Virginia,US,"39.0437,-77.4875","AS26347 New Dream Network, LLC",20147,America/New_York,
c-98-254-6-135.hsd1.fl.comcast.net,Hialeah,Florida,US,"25.8576,-80.2781","AS7922 Comcast Cable Communications, LLC",33002,America/New_York,
107-138-224-5.lightspeed.tukrga.sbcglobal.net,Gainesville,Georgia,US,"34.2979,-83.8241","AS7018 AT&T Enterprises, LLC",30501,America/New_York,
,Ashburn,Virginia,US,"39.0437,-77.4875",AS31898 Oracle Corporation,20147,America/New_York,
syn-172-091-153-162.res.spectrum.com,Santa Monica,California,US,"34.0268,-118.4733",AS20001 Charter Communications Inc,90404,America/Los_Angeles,
ec2-18-218-210-230.us-east-2.compute.amazonaws.com,Columbus,Ohio,US,"39.9612,-82.9988","AS16509 Amazon.com, Inc.",43215,America/New_York,
dynamic.libertypr.net,Bayamón,Bayamón,PR,"18.3986,-66.1557",AS14638 Liberty Communications of Puerto Rico LLC,00956,America/Puerto_Rico,
d24-36-99-208.home1.cgocable.net,Hamilton,Ontario,CA,"43.2501,-79.8496",AS7992 Cogeco Connexion Inc.,L8M,America/Toronto,
static-108-25-76-18.atclnj.east.verizon.net,Atlantic City,New Jersey,US,"39.3642,-74.4231",AS701 Verizon Business,08401,America/New_York,
syn-104-231-217-163.res.spectrum.com,Milwaukee,Wisconsin,US,"43.1122,-87.9932",AS10796 Charter Communications Inc,53218,America/Chicago,
bland-dbcchar.easedhurt.com,Kansas City,Missouri,US,"39.0997,-94.5786","AS32097 WholeSale Internet, Inc.",64106,America/Chicago,
c-67-170-195-20.hsd1.ca.comcast.net,Oakland,California,US,"37.8044,-122.2708","AS7922 Comcast Cable Communications, LLC",94604,America/Los_Angeles,
,New York City,New York,US,"40.7143,-74.0060","AS19318 Interserver, Inc",10001,America/New_York,
,Clifton,New Jersey,US,"40.8344,-74.1377","AS14061 DigitalOcean, LLC",07014,America/New_York,
c-68-58-37-184.hsd1.in.comcast.net,Indianapolis,Indiana,US,"39.7684,-86.1580","AS7922 Comcast Cable Communications, LLC",46204,America/Indiana/Indianapolis,
,North Bergen,New Jersey,US,"40.8043,-74.0121","AS14061 DigitalOcean, LLC",07047,America/New_York,
syn-173-196-198-006.biz.spectrum.com,Bellflower,California,US,"33.8867,-118.1265",AS20001 Charter Communications Inc,90706,America/Los_Angeles,
syn-142-255-054-062.res.spectrum.com,Yonkers,New York,US,"40.8662,-73.9221",AS12271 Charter Communications Inc,10034,America/New_York,
,Amsterdam,North Holland,NL,"52.3740,4.8897","AS14061 DigitalOcean, LLC",1012,Europe/Amsterdam,
db-mongodb-nyc1-lmsprogresso-4ff085f4.mongo.ondigitalocean.com,North Bergen,New Jersey,US,"40.8043,-74.0121","AS14061 DigitalOcean, LLC",07047,America/New_York,
63-155-134-191.eugn.qwest.net,Newport,Oregon,US,"44.6368,-124.0534","AS209 CenturyLink Communications, LLC",97365,America/Los_Angeles,
eagle505.startdedicated.com,St. Louis,Missouri,US,"38.6273,-90.1979",AS30083 velia.net,63101,America/Chicago,
c-73-241-198-168.hsd1.ca.comcast.net,San Jose,California,US,"37.3394,-121.8950","AS7922 Comcast Cable Communications, LLC",95025,America/Los_Angeles,
74-121-88-102.nktelco.net,Coldwater,Ohio,US,"40.4798,-84.6283",AS31841 NEW KNOXVILLE TELEPHONE COMPANY,45828,America/New_York,
,San Jose,California,US,"37.3394,-121.8950",AS54600 PEG TECH INC,95025,America/Los_Angeles,
107-190-1-250.cpe.teksavvy.com,Windsor,Ontario,CA,"42.3001,-83.0165","AS5645 TekSavvy Solutions, Inc.",N8X,America/Toronto,
dyn98-143-69-118.hsia.mnsi.net,Windsor,Ontario,CA,"42.3001,-83.0165",AS7057 Managed Network Systems Inc.,N8X,America/Toronto,
24.115.228.194.res-cmts.mtp2.ptd.net,Mount Pocono,Pennsylvania,US,"41.1353,-75.4079",AS3737 PenTeleData Inc.,18346,America/New_York,
c-24-4-125-181.hsd1.ca.comcast.net,Milpitas,California,US,"37.4283,-121.9066","AS7922 Comcast Cable Communications, LLC",95036,America/Los_Angeles,
e5-2650v3x2.bl-ash0.1.1.3.11.a2.securedservers.com,Ashburn,Virginia,US,"39.0437,-77.4875",AS19437 SECURED SERVERS LLC,20147,America/New_York,
,Charlotte,North Carolina,US,"35.2271,-80.8431","AS3356 Level 3 Parent, LLC",28202,America/New_York,
,Sofia,Sofia-Capital,BG,"42.6975,23.3241",AS200391 KREZ 999 EOOD,1000,Europe/Sofia,
51.128.251.23.bc.googleusercontent.com,Brussels,Brussels Capital,BE,"50.8505,4.3488",AS396982 Google LLC,1000,Europe/Brussels,
,Santa Clara,California,US,"37.3924,-121.9623",AS18779 EGIHosting,95054,America/Los_Angeles,
c-24-7-125-205.hsd1.ca.comcast.net,Petaluma,California,US,"38.2324,-122.6367","AS7922 Comcast Cable Communications, LLC",94953,America/Los_Angeles,
206.97.211.130.bc.googleusercontent.com,Brussels,Brussels Capital,BE,"50.8505,4.3488",AS396982 Google LLC,1000,Europe/Brussels,
,London,England,GB,"51.5085,-0.1257","AS14061 DigitalOcean, LLC",E1W,Europe/London,
vmta173.84.lstrk.net,Lancaster,Pennsylvania,US,"40.0379,-76.3055",AS394396 Listrak,17611,America/New_York,
ool-4a58e621.dyn.optonline.net,Old Tappan,New Jersey,US,"41.0106,-73.9912",AS6128 Cablevision Systems Corp.,07675,America/New_York,
75-148-118-179-colorado.hfc.comcastbusiness.net,Colorado Springs,Colorado,US,"38.8339,-104.8214","AS7922 Comcast Cable Communications, LLC",80901,America/Denver,
75-22-143-243.lightspeed.paltil.sbcglobal.net,Palatine,Illinois,US,"42.1103,-88.0342","AS7018 AT&T Enterprises, LLC",60067,America/Chicago,
pool-72-83-173-47.washdc.east.verizon.net,Centreville,Virginia,US,"38.8404,-77.4289",AS701 Verizon Business,20120,America/New_York,
c-71-205-121-14.hsd1.co.comcast.net,Highlands Ranch,Colorado,US,"39.5539,-104.9694","AS7922 Comcast Cable Communications, LLC",80126,America/Denver,
ool-44c6d67c.dyn.optonline.net,Stamford,Connecticut,US,"41.0534,-73.5387",AS6128 Cablevision Systems Corp.,06901,America/New_York,
209-182-111-65.serverpronto.com,Chesterfield,Missouri,US,"38.6318,-90.6142",AS15083 Infolink Global Corporation,63005,America/Chicago,
syn-065-027-081-186.res.spectrum.com,Green Bay,Wisconsin,US,"44.5522,-88.0788",AS10796 Charter Communications Inc,54303,America/Chicago,
syn-071-069-081-041.res.spectrum.com,Kernersville,North Carolina,US,"36.1199,-80.0737",AS11426 Charter Communications Inc,27284,America/New_York,
0739.wrls.louisacomm.net,Grandview,Iowa,US,"41.2759,-91.1885",AS5056 Aureon Network Services,52752,America/Chicago,
,Souris,Manitoba,CA,"49.6172,-100.2612",AS46920 RF Now Inc.,R7A,America/Winnipeg,
syn-173-090-171-174.res.spectrum.com,Elyria,Ohio,US,"41.3684,-82.1077",AS10796 Charter Communications Inc,44035,America/New_York,
,Santa Clara,California,US,"37.3483,-121.9844","AS14061 DigitalOcean, LLC",95051,America/Los_Angeles,
,Fergus,Ontario,CA,"43.7060,-80.3776",AS29974 Wightman Telecom,N1M,America/Toronto,
,Los Angeles,California,US,"34.0522,-118.2437","AS3842 InMotion Hosting, Inc.",90009,America/Los_Angeles,
6to4.lax1.he.net,Los Angeles,California,US,"34.0522,-118.2437",AS6939 Hurricane Electric LLC,90009,America/Los_Angeles,
47-196-23-170.fdr01.alfa.fl.ip.frontiernet.net,Riverview,Florida,US,"27.8661,-82.3265","AS5650 Frontier Communications of America, Inc.",33569,America/New_York,
45.78.65.191.16clouds.com,Los Angeles,California,US,"34.0443,-118.2509",AS25820 IT7 Networks Inc,90014,America/Los_Angeles,
,Washington,Virginia,US,"38.7135,-78.1594",AS8075 Microsoft Corporation,22747,America/New_York,
237.76.240.35.bc.googleusercontent.com,Brussels,Brussels Capital,BE,"50.8505,4.3488",AS396982 Google LLC,1000,Europe/Brussels,
148.134.241.35.bc.googleusercontent.com,Brussels,Brussels Capital,BE,"50.8505,4.3488",AS396982 Google LLC,1000,Europe/Brussels,
209.141.241.35.bc.googleusercontent.com,Brussels,Brussels Capital,BE,"50.8505,4.3488",AS396982 Google LLC,1000,Europe/Brussels,
147.236.241.35.bc.googleusercontent.com,Brussels,Brussels Capital,BE,"50.8505,4.3488",AS396982 Google LLC,1000,Europe/Brussels,
102.111.76.34.bc.googleusercontent.com,Brussels,Brussels Capital,BE,"50.8505,4.3488",AS396982 Google LLC,1000,Europe/Brussels,
173.108.233.35.bc.googleusercontent.com,Brussels,Brussels Capital,BE,"50.8505,4.3488",AS396982 Google LLC,1000,Europe/Brussels,
153.25.233.35.bc.googleusercontent.com,Brussels,Brussels Capital,BE,"50.8505,4.3488",AS396982 Google LLC,1000,Europe/Brussels,
140.120.76.34.bc.googleusercontent.com,Brussels,Brussels Capital,BE,"50.8505,4.3488",AS396982 Google LLC,1000,Europe/Brussels,
161.130.76.34.bc.googleusercontent.com,Brussels,Brussels Capital,BE,"50.8505,4.3488",AS396982 Google LLC,1000,Europe/Brussels,
216.123.240.35.bc.googleusercontent.com,Brussels,Brussels Capital,BE,"50.8505,4.3488",AS396982 Google LLC,1000,Europe/Brussels,
60.184.76.34.bc.googleusercontent.com,Brussels,Brussels Capital,BE,"50.8505,4.3488",AS396982 Google LLC,1000,Europe/Brussels,
92.126.240.35.bc.googleusercontent.com,Brussels,Brussels Capital,BE,"50.8505,4.3488",AS396982 Google LLC,1000,Europe/Brussels,
syn-035-138-142-207.res.spectrum.com,Ruskin,Florida,US,"27.7015,-82.4355","AS33363 Charter Communications, Inc",33570,America/New_York,
86.96.187.35.bc.googleusercontent.com,Brussels,Brussels Capital,BE,"50.8505,4.3488",AS396982 Google LLC,1000,Europe/Brussels,
13.199.189.35.bc.googleusercontent.com,Brussels,Brussels Capital,BE,"50.8505,4.3488",AS396982 Google LLC,1000,Europe/Brussels,
,Montréal,Quebec,CA,"45.5088,-73.5878",AS26932 BRAVO TELECOM,H3H,America/Toronto,
26.247.189.35.bc.googleusercontent.com,Brussels,Brussels Capital,BE,"50.8505,4.3488",AS396982 Google LLC,1000,Europe/Brussels,
122.7.240.35.bc.googleusercontent.com,Brussels,Brussels Capital,BE,"50.8505,4.3488",AS396982 Google LLC,1000,Europe/Brussels,
107-208-150-149.lightspeed.miamfl.sbcglobal.net,Miami,Florida,US,"25.9571,-80.1814","AS7018 AT&T Enterprises, LLC",33179,America/New_York,
syn-104-136-089-076.res.spectrum.com,Lutz,Florida,US,"28.1511,-82.4615","AS33363 Charter Communications, Inc",33549,America/New_York,
,Portal,Georgia,US,"32.5382,-81.9323","AS21713 Bulloch County Rural Telephone Cooperative, Inc.",30450,America/New_York,
104.96.199.104.bc.googleusercontent.com,Brussels,Brussels Capital,BE,"50.8505,4.3488",AS396982 Google LLC,1000,Europe/Brussels,
129.30.155.104.bc.googleusercontent.com,Brussels,Brussels Capital,BE,"50.8505,4.3488",AS396982 Google LLC,1000,Europe/Brussels,
wsip-98-175-130-197.no.no.cox.net,New Orleans,Louisiana,US,"29.9547,-90.0751",AS22773 Cox Communications Inc.,70112,America/Chicago,
99-196-100-138.cust.exede.net,Chicago,Illinois,US,"41.8500,-87.6500","AS7155 ViaSat,Inc.",60666,America/Chicago,
66-252-215-144.dhcp.fivearea.com,Muleshoe,Texas,US,"34.2265,-102.7238","AS29843 Five Area Systems, LLC",79347,America/Chicago,
c-73-231-115-170.hsd1.ca.comcast.net,Windsor,California,US,"38.5471,-122.8164","AS7922 Comcast Cable Communications, LLC",95492,America/Los_Angeles,
syn-074-142-035-077.biz.spectrum.com,Cold Spring,Kentucky,US,"39.0217,-84.4399",AS10796 Charter Communications Inc,41076,America/New_York,
bras-base-toroon5049w-grc-12-76-67-52-253.dsl.bell.ca,Toronto,Ontario,CA,"43.7064,-79.3986",AS577 Bell Canada,M5A,America/Toronto,
104-53-125-249.lightspeed.hstntx.sbcglobal.net,Houston,Texas,US,"29.8941,-95.6481","AS7018 AT&T Enterprises, LLC",77095,America/Chicago,
vmta170.85.lstrk.net,Lancaster,Pennsylvania,US,"40.0379,-76.3055",AS394396 Listrak,17611,America/New_York,
169.41.72.148.host.secureserver.net,Phoenix,Arizona,US,"33.4484,-112.0740","AS26496 GoDaddy.com, LLC",85001,America/Phoenix,
8.9.8.121.vultrusercontent.com,Piscataway,New Jersey,US,"40.4993,-74.3990","AS20473 The Constant Company, LLC",08854,America/New_York,
,San Juan,San Juan,PR,"18.4663,-66.1057",AS14638 Liberty Communications of Puerto Rico LLC,00901,America/Puerto_Rico,
ool-18bddc70.dyn.optonline.net,Bridgeport,Connecticut,US,"41.1792,-73.1894",AS6128 Cablevision Systems Corp.,06602,America/New_York,
28-249-237-24.gci.net,Soldotna,Alaska,US,"60.4878,-151.0583","AS8047 GENERAL COMMUNICATION, INC.",99669,America/Anchorage,
,Caguas,Caguas,PR,"18.2341,-66.0485",AS14638 Liberty Communications of Puerto Rico LLC,00725,America/Puerto_Rico,
dynamic.libertypr.net,San Juan,San Juan,PR,"18.4663,-66.1057",AS14638 Liberty Communications of Puerto Rico LLC,00901,America/Puerto_Rico,
127.138.76.34.bc.googleusercontent.com,Brussels,Brussels Capital,BE,"50.8505,4.3488",AS396982 Google LLC,1000,Europe/Brussels,
205.140.76.34.bc.googleusercontent.com,Brussels,Brussels Capital,BE,"50.8505,4.3488",AS396982 Google LLC,1000,Europe/Brussels,
5.1.76.34.bc.googleusercontent.com,Brussels,Brussels Capital,BE,"50.8505,4.3488",AS396982 Google LLC,1000,Europe/Brussels,
206.34.76.34.bc.googleusercontent.com,Brussels,Brussels Capital,BE,"50.8505,4.3488",AS396982 Google LLC,1000,Europe/Brussels,
88.46.76.34.bc.googleusercontent.com,Brussels,Brussels Capital,BE,"50.8505,4.3488",AS396982 Google LLC,1000,Europe/Brussels,
89.80.76.34.bc.googleusercontent.com,Brussels,Brussels Capital,BE,"50.8505,4.3488",AS396982 Google LLC,1000,Europe/Brussels,
171.10.187.35.bc.googleusercontent.com,Brussels,Brussels Capital,BE,"50.8505,4.3488",AS396982 Google LLC,1000,Europe/Brussels,
207.203.189.35.bc.googleusercontent.com,Brussels,Brussels Capital,BE,"50.8505,4.3488",AS396982 Google LLC,1000,Europe/Brussels,
227.232.189.35.bc.googleusercontent.com,Brussels,Brussels Capital,BE,"50.8505,4.3488",AS396982 Google LLC,1000,Europe/Brussels,
162.233.189.35.bc.googleusercontent.com,Brussels,Brussels Capital,BE,"50.8505,4.3488",AS396982 Google LLC,1000,Europe/Brussels,
192.112.233.35.bc.googleusercontent.com,Brussels,Brussels Capital,BE,"50.8505,4.3488",AS396982 Google LLC,1000,Europe/Brussels,
80.115.233.35.bc.googleusercontent.com,Brussels,Brussels Capital,BE,"50.8505,4.3488",AS396982 Google LLC,1000,Europe/Brussels,
106.16.233.35.bc.googleusercontent.com,Brussels,Brussels Capital,BE,"50.8505,4.3488",AS396982 Google LLC,1000,Europe/Brussels,
217.48.233.35.bc.googleusercontent.com,Brussels,Brussels Capital,BE,"50.8505,4.3488",AS396982 Google LLC,1000,Europe/Brussels,
18.71.233.35.bc.googleusercontent.com,Brussels,Brussels Capital,BE,"50.8505,4.3488",AS396982 Google LLC,1000,Europe/Brussels,
182.84.233.35.bc.googleusercontent.com,Brussels,Brussels Capital,BE,"50.8505,4.3488",AS396982 Google LLC,1000,Europe/Brussels,
71.95.233.35.bc.googleusercontent.com,Brussels,Brussels Capital,BE,"50.8505,4.3488",AS396982 Google LLC,1000,Europe/Brussels,
103.116.240.35.bc.googleusercontent.com,Brussels,Brussels Capital,BE,"50.8505,4.3488",AS396982 Google LLC,1000,Europe/Brussels,
204.17.240.35.bc.googleusercontent.com,Brussels,Brussels Capital,BE,"50.8505,4.3488",AS396982 Google LLC,1000,Europe/Brussels,
174.33.240.35.bc.googleusercontent.com,Brussels,Brussels Capital,BE,"50.8505,4.3488",AS396982 Google LLC,1000,Europe/Brussels,
146.41.240.35.bc.googleusercontent.com,Brussels,Brussels Capital,BE,"50.8505,4.3488",AS396982 Google LLC,1000,Europe/Brussels,
119.162.241.35.bc.googleusercontent.com,Brussels,Brussels Capital,BE,"50.8505,4.3488",AS396982 Google LLC,1000,Europe/Brussels,
23.170.241.35.bc.googleusercontent.com,Brussels,Brussels Capital,BE,"50.8505,4.3488",AS396982 Google LLC,1000,Europe/Brussels,
59.228.241.35.bc.googleusercontent.com,Brussels,Brussels Capital,BE,"50.8505,4.3488",AS396982 Google LLC,1000,Europe/Brussels,
,Washington,Virginia,US,"38.7135,-78.1594",AS8075 Microsoft Corporation,22747,America/New_York,
47-138-174-15.drr02.pers.ca.ip.frontiernet.net,Perris,California,US,"33.7825,-117.2287","AS5650 Frontier Communications of America, Inc.",92572,America/Los_Angeles,
syn-067-011-160-149.res.spectrum.com,San Antonio,Texas,US,"29.5182,-98.3627",AS11427 Charter Communications Inc,78239,America/Chicago,
ool-457c74ab.dyn.optonline.net,New York City,New York,US,"40.7143,-74.0060",AS6128 Cablevision Systems Corp.,10001,America/New_York,
ool-457559e4.dyn.optonline.net,New York City,New York,US,"40.7143,-74.0060",AS6128 Cablevision Systems Corp.,10001,America/New_York,
syn-047-006-058-178.res.spectrum.com,Negaunee,Michigan,US,"46.4991,-87.6118",AS20115 Charter Communications LLC,49866,America/Detroit,
ec2-54-193-40-86.us-west-1.compute.amazonaws.com,San Jose,California,US,"37.3394,-121.8950","AS16509 Amazon.com, Inc.",95025,America/Los_Angeles,
ns3.insightete.com,Miami,Florida,US,"25.7743,-80.1937",AS15083 Infolink Global Corporation,33101,America/New_York,
c-68-52-218-71.hsd1.tn.comcast.net,Nashville,Tennessee,US,"36.1659,-86.7844","AS7922 Comcast Cable Communications, LLC",37201,America/Chicago,
bras-base-toroon0247w-grc-122-70-29-49-59.dsl.bell.ca,Markham,Ontario,CA,"43.8668,-79.2663",AS577 Bell Canada,L3P,America/Toronto,
d64-180-238-84.bchsia.telus.net,Summerland,British Columbia,CA,"49.5998,-119.6691",AS852 TELUS Communications Inc.,V2A,America/Vancouver,
c-69-243-126-121.hsd1.md.comcast.net,Rockville,Maryland,US,"39.0840,-77.1528","AS7922 Comcast Cable Communications, LLC",20847,America/New_York,
,Royal Center,Indiana,US,"40.8645,-86.4997",AS55230 Pulaski White Rural Telephone Cooperative Inc.,46978,America/Indiana/Indianapolis,
drmons0552w-134-41-124-84.dhcp-dynamic.fibreop.ns.bellaliant.net,Dartmouth,Nova Scotia,CA,"44.6713,-63.5772",AS855 Bell Canada,B3A,America/Halifax,
220.70.155.104.bc.googleusercontent.com,Brussels,Brussels Capital,BE,"50.8505,4.3488",AS396982 Google LLC,1000,Europe/Brussels,
pool-108-41-185-191.nycmny.fios.verizon.net,New Rochelle,New York,US,"40.9115,-73.7823",AS701 Verizon Business,10801,America/New_York,
176.23.148.146.bc.googleusercontent.com,Brussels,Brussels Capital,BE,"50.8505,4.3488",AS396982 Google LLC,1000,Europe/Brussels,
,Frankfurt am Main,Hesse,DE,"50.1025,8.6299",AS31898 Oracle Corporation,60326,Europe/Berlin,
syn-137-025-025-055.res.spectrum.com,Alhambra,California,US,"34.0953,-118.1270",AS20115 Charter Communications LLC,91801,America/Los_Angeles,
162-201-184-98.lightspeed.miamfl.sbcglobal.net,Hollywood,Florida,US,"25.9894,-80.2153","AS7018 AT&T Enterprises, LLC",33023,America/New_York,
2marketing.com,Toronto,Ontario,CA,"43.7064,-79.3986","AS14061 DigitalOcean, LLC",M5A,America/Toronto,
172-127-163-74.lightspeed.rcsntx.sbcglobal.net,Allen,Texas,US,"33.1032,-96.6706","AS7018 AT&T Enterprises, LLC",75013,America/Chicago,
static-122.234.164.76.hosted-by.versaweb.com,Seattle,Washington,US,"47.6062,-122.3321","AS53340 VegasNAP, LLC",98101,America/Los_Angeles,
s75-156-11-224.bc.hsia.telus.net,Vancouver,British Columbia,CA,"49.2497,-123.1193",AS852 TELUS Communications Inc.,V5Y,America/Vancouver,
syn-074-072-161-217.res.spectrum.com,New York City,New York,US,"40.7143,-74.0060",AS12271 Charter Communications Inc,10001,America/New_York,
ip98-167-249-20.ph.ph.cox.net,Phoenix,Arizona,US,"33.4484,-112.0740",AS22773 Cox Communications Inc.,85001,America/Phoenix,
c-73-12-223-81.hsd1.ca.comcast.net,Roseville,California,US,"38.7521,-121.2880","AS7922 Comcast Cable Communications, LLC",95678,America/Los_Angeles,
syn-075-082-074-015.res.spectrum.com,Los Angeles,California,US,"33.9653,-118.2727",AS20001 Charter Communications Inc,90003,America/Los_Angeles,
host-208-99-101-70.rtctel.com,LaFayette,Georgia,US,"34.7048,-85.2819",AS19830 The Ringgold Telephone Company,30728,America/New_York,
host-206-132-59-221.public.eastlink.ca,Hawkesbury,Ontario,CA,"45.6001,-74.6159",AS11260 EastLink,K6A,America/Toronto,
,Walnut Grove,British Columbia,CA,"49.1647,-122.6404",AS6327 Shaw Communications Inc.,V1M,America/Vancouver,
108-86-156-148.lightspeed.sndgca.sbcglobal.net,Oceanside,California,US,"33.1959,-117.3795","AS7018 AT&T Enterprises, LLC",92058,America/Los_Angeles,
dhcp-108-168-15-98.cable.user.start.ca,Kitchener,Ontario,CA,"43.4254,-80.5112",AS40788 Start Communications,N2E,America/Toronto,
210.10.155.104.bc.googleusercontent.com,Brussels,Brussels Capital,BE,"50.8505,4.3488",AS396982 Google LLC,1000,Europe/Brussels,
15.39.155.104.bc.googleusercontent.com,Brussels,Brussels Capital,BE,"50.8505,4.3488",AS396982 Google LLC,1000,Europe/Brussels,
,Washington,District of Columbia,US,"38.8951,-77.0364",AS174 Cogent Communications,20004,America/New_York,
c-98-223-33-241.hsd1.il.comcast.net,Naperville,Illinois,US,"41.7859,-88.1473","AS7922 Comcast Cable Communications, LLC",60567,America/Chicago,
pool-100-2-30-208.nycmny.fios.verizon.net,New York City,New York,US,"40.7143,-74.0060",AS701 Verizon Business,10001,America/New_York,
pool-96-232-120-243.nycmny.fios.verizon.net,Freeport,New York,US,"40.6576,-73.5832",AS701 Verizon Business,11520,America/New_York,
,Miami,Florida,US,"25.7743,-80.1937","AS7922 Comcast Cable Communications, LLC",33101,America/New_York,
c-24-131-166-175.hsd1.mn.comcast.net,Burnsville,Minnesota,US,"44.7677,-93.2777","AS7922 Comcast Cable Communications, LLC",55337,America/Chicago,
84.27.233.35.bc.googleusercontent.com,Brussels,Brussels Capital,BE,"50.8505,4.3488",AS396982 Google LLC,1000,Europe/Brussels,
47-204-143-209.frr01.sark.fl.ip.frontiernet.net,Sarasota,Florida,US,"27.3364,-82.5306","AS5650 Frontier Communications of America, Inc.",34230,America/New_York,
47-186-101-186.dlls.tx.frontiernet.net,Wylie,Texas,US,"33.0151,-96.5389","AS5650 Frontier Communications of America, Inc.",75098,America/Chicago,
canaliferous.profitflirt.com,Buffalo,New York,US,"42.8865,-78.8784",AS36352 HostPapa,14202,America/New_York,
99-50-211-58.lightspeed.tukrga.sbcglobal.net,McDonough,Georgia,US,"33.4473,-84.1469","AS7018 AT&T Enterprises, LLC",30253,America/New_York,
pool-100-12-238-32.nycmny.fios.verizon.net,New York City,New York,US,"40.7143,-74.0060",AS701 Verizon Business,10001,America/New_York,
fit.servebyte.com,New York City,New York,US,"40.7143,-74.0060","AS19624 Data Room, Inc",10001,America/New_York,
160-3-31-35.cpe.sparklight.net,Long Beach,Mississippi,US,"30.3505,-89.1528","AS11492 CABLE ONE, INC.",39560,America/Chicago,
d162-156-44-140.bchsia.telus.net,Vancouver,British Columbia,CA,"49.2497,-123.1193",AS852 TELUS Communications Inc.,V5Y,America/Vancouver,
,North Bergen,New Jersey,US,"40.8043,-74.0121","AS14061 DigitalOcean, LLC",07047,America/New_York,
we.love.servers.at.ioflood.net,Phoenix,Arizona,US,"33.4484,-112.0740",AS53755 Input Output Flood LLC,85001,America/Phoenix,
,Kabul,Kabul,AF,"34.5281,69.1723",AS55330 AFGHANTELECOM GOVERNMENT COMMUNICATION NETWORK,,Asia/Kabul,
adsl-104-12-116-35.lightspeed.dybhfl.sbcglobal.net,Daytona Beach,Florida,US,"29.2012,-81.0371","AS7018 AT&T Enterprises, LLC",32114,America/New_York,
,North Bergen,New Jersey,US,"40.8043,-74.0121","AS14061 DigitalOcean, LLC",07047,America/New_York,
,Mentone,Texas,US,"31.7051,-103.5994","AS23546 Delcom, Inc.",79754,America/Chicago,
syn-076-091-214-103.res.spectrum.com,Santa Clarita,California,US,"34.3795,-118.5230",AS20001 Charter Communications Inc,91321,America/Los_Angeles,
wsip-72-205-175-21.no.no.cox.net,New Orleans,Louisiana,US,"29.9547,-90.0751",AS22773 Cox Communications Inc.,70112,America/Chicago,
c-73-232-45-54.hsd1.tx.comcast.net,Houston,Texas,US,"29.7633,-95.3633","AS7922 Comcast Cable Communications, LLC",77002,America/Chicago,
c-73-60-155-250.hsd1.ma.comcast.net,Billerica,Massachusetts,US,"42.5584,-71.2690","AS7922 Comcast Cable Communications, LLC",01822,America/New_York,
syn-074-130-101-006.res.spectrum.com,Murray,Kentucky,US,"36.6103,-88.3148",AS10796 Charter Communications Inc,42071,America/Chicago,
c-68-61-48-244.hsd1.mi.comcast.net,Flint,Michigan,US,"43.0125,-83.6875","AS7922 Comcast Cable Communications, LLC",48502,America/Detroit,
syn-070-121-047-238.res.spectrum.com,Richardson,Texas,US,"32.9482,-96.7297",AS11427 Charter Communications Inc,75080,America/Chicago,
syn-065-028-226-151.res.spectrum.com,Versailles,Kentucky,US,"38.0413,-84.7287",AS10796 Charter Communications Inc,40383,America/New_York,
spetheinghtio.com,Los Angeles,California,US,"34.0522,-118.2437",AS35908 Krypt Technologies,90009,America/Los_Angeles,
c130.66.212.133.nauticom.net,Pittsburgh,Pennsylvania,US,"40.4406,-79.9959","AS13333 Consolidated Communications, Inc.",15212,America/New_York,
66.42.103.136.vultrusercontent.com,Los Angeles,California,US,"34.0614,-118.2385","AS20473 The Constant Company, LLC",90012,America/Los_Angeles,
bras-base-kgtnon080bw-grc-34-70-30-19-131.dsl.bell.ca,Stouffville,Ontario,CA,"43.9668,-79.2496",AS577 Bell Canada,L4A,America/Toronto,
ool-2f15ca62.static.optonline.net,New York City,New York,US,"40.7143,-74.0060",AS6128 Cablevision Systems Corp.,10001,America/New_York,
220.18.233.35.bc.googleusercontent.com,Brussels,Brussels Capital,BE,"50.8505,4.3488",AS396982 Google LLC,1000,Europe/Brussels,
syn-035-133-106-017.res.spectrum.com,Stanton,California,US,"33.8025,-117.9931",AS20115 Charter Communications LLC,90680,America/Los_Angeles,
98.163.76.34.bc.googleusercontent.com,Brussels,Brussels Capital,BE,"50.8505,4.3488",AS396982 Google LLC,1000,Europe/Brussels,
dynamic-acs-24-112-178-40.zoominternet.net,Proctorville,Ohio,US,"38.4370,-82.3771",AS27364 Armstrong,45669,America/New_York,
162-200-135-105.lightspeed.cntmoh.sbcglobal.net,Dayton,Ohio,US,"39.7821,-84.2373","AS7018 AT&T Enterprises, LLC",45406,America/New_York,
,Parsippany,New Jersey,US,"40.8579,-74.4260","AS54825 Packet Host, Inc.",07054,America/New_York,
host-173-252-20-217.public.eastlink.ca,Halifax,Nova Scotia,CA,"44.6427,-63.5769",AS11260 EastLink,B3J,America/Halifax,
syn-108-183-095-132.res.spectrum.com,Buffalo,New York,US,"42.8865,-78.8784",AS11351 Charter Communications Inc,14202,America/New_York,
pool-108-36-199-65.phlapa.fios.verizon.net,Dover,Delaware,US,"39.1582,-75.5244",AS701 Verizon Business,19905,America/New_York,
pool-108-8-100-25.sctnpa.east.verizon.net,Hazleton,Pennsylvania,US,"40.9584,-75.9746",AS701 Verizon Business,18201,America/New_York,
syn-098-148-128-232.res.spectrum.com,San Bernardino,California,US,"34.1446,-117.3013",AS20001 Charter Communications Inc,92405,America/Los_Angeles,
,San Jose,California,US,"37.3394,-121.8950",AS54600 PEG TECH INC,95025,America/Los_Angeles,
syn-075-136-054-098.res.spectrum.com,Morristown,Tennessee,US,"36.1957,-83.2755",AS20115 Charter Communications LLC,37813,America/New_York,
syn-024-242-091-050.res.spectrum.com,Austin,Texas,US,"30.2960,-97.6396",AS11427 Charter Communications Inc,78724,America/Chicago,
,Richmond West,Florida,US,"25.6105,-80.4297","AS7922 Comcast Cable Communications, LLC",33177,America/New_York,
zx5.quadmetrics.com,San Diego,California,US,"32.7157,-117.1647","AS10439 CariNet, Inc.",92101,America/Los_Angeles,
syn-074-132-190-191.res.spectrum.com,Milford,Ohio,US,"39.1753,-84.2944",AS10796 Charter Communications Inc,45150,America/New_York,
wsip-68-109-216-194.ok.ok.cox.net,Oklahoma City,Oklahoma,US,"35.4676,-97.5164",AS22773 Cox Communications Inc.,73102,America/Chicago,
s0106b8a53502073d.cg.shawcable.net,Cochrane,Alberta,CA,"51.1834,-114.4687",AS6327 Shaw Communications Inc.,T4C,America/Edmonton,
,North Bergen,New Jersey,US,"40.8043,-74.0121","AS14061 DigitalOcean, LLC",07047,America/New_York,
10-58-143-63.static.reverse.lstn.net,Dallas,Texas,US,"32.7831,-96.8067","AS46475 Limestone Networks, Inc.",75201,America/Chicago,
ip68-4-30-50.pv.oc.cox.net,Rancho Santa Margarita,California,US,"33.6409,-117.6031",AS22773 Cox Communications Inc.,92688,America/Los_Angeles,
74-93-149-178-memphis.hfc.comcastbusiness.net,Glendale,Mississippi,US,"31.3646,-89.3062","AS7922 Comcast Cable Communications, LLC",39401,America/Chicago,
,Chicago,Illinois,US,"41.8500,-87.6500","AS11878 tzulo, inc.",60666,America/Chicago,
1350359.cloudwaysapps.com,London,England,GB,"51.5085,-0.1257","AS14061 DigitalOcean, LLC",E1W,Europe/London,
syn-172-116-072-214.res.spectrum.com,Ontario,California,US,"34.0316,-117.6187",AS20001 Charter Communications Inc,91761,America/Los_Angeles,
,Lehigh Acres,Florida,US,"26.6254,-81.6248","AS7155 ViaSat,Inc.",33972,America/New_York,
,Seattle,Washington,US,"47.6062,-122.3321","AS16509 Amazon.com, Inc.",98101,America/Los_Angeles,
d205-250-191-253.bchsia.telus.net,Vancouver,British Columbia,CA,"49.2497,-123.1193",AS852 TELUS Communications Inc.,V5Y,America/Vancouver,
,Naples Park,Florida,US,"26.2617,-81.8093",AS23314 Summit Broadband,34108,America/New_York,
,Covington,Louisiana,US,"30.4755,-90.1004",AS32592 Uniti Fiber Holdings Inc.,70434,America/Chicago,
2-33-chi.xensub.net,Chicago,Illinois,US,"41.8500,-87.6500",AS32475 Internap Holding LLC,60666,America/Chicago,
,Tseung Kwan O,Sai Kung,HK,"22.3279,114.2499",AS40065 CNSERVERS LLC,999077,Asia/Hong_Kong,
syn-024-103-074-180.biz.spectrum.com,New York City,New York,US,"40.7143,-74.0060",AS12271 Charter Communications Inc,10001,America/New_York,
50.29.140.91.res-cmts.mtp2.ptd.net,Mount Pocono,Pennsylvania,US,"41.1353,-75.4079",AS3737 PenTeleData Inc.,18346,America/New_York,
194.161.62.50.host.secureserver.net,Tempe,Arizona,US,"33.4148,-111.9093","AS26496 GoDaddy.com, LLC",85285,America/Phoenix,
47-195-229-109.fdr01.srst.fl.ip.frontiernet.net,Sarasota,Florida,US,"27.3364,-82.5306","AS5650 Frontier Communications of America, Inc.",34230,America/New_York,
mail2.jcx.me,Piscataway,New Jersey,US,"40.4993,-74.3990","AS20473 The Constant Company, LLC",08854,America/New_York,
169.39.233.35.bc.googleusercontent.com,Brussels,Brussels Capital,BE,"50.8505,4.3488",AS396982 Google LLC,1000,Europe/Brussels,
76.131.241.35.bc.googleusercontent.com,Brussels,Brussels Capital,BE,"50.8505,4.3488",AS396982 Google LLC,1000,Europe/Brussels,
56.168.241.35.bc.googleusercontent.com,Brussels,Brussels Capital,BE,"50.8505,4.3488",AS396982 Google LLC,1000,Europe/Brussels,
106.193.76.34.bc.googleusercontent.com,Brussels,Brussels Capital,BE,"50.8505,4.3488",AS396982 Google LLC,1000,Europe/Brussels,
254.211.76.34.bc.googleusercontent.com,Brussels,Brussels Capital,BE,"50.8505,4.3488",AS396982 Google LLC,1000,Europe/Brussels,
ool-182c6abc.dyn.optonline.net,New York City,New York,US,"40.7143,-74.0060",AS6128 Cablevision Systems Corp.,10001,America/New_York,
ab.ab.3ea9.ip4.static.sl-reverse.com,Dallas,Texas,US,"32.7831,-96.8067",AS36351 IBM Cloud,75201,America/Chicago,
,Clifton,New Jersey,US,"40.8344,-74.1377","AS14061 DigitalOcean, LLC",07014,America/New_York,
,North Bergen,New Jersey,US,"40.8043,-74.0121","AS14061 DigitalOcean, LLC",07047,America/New_York,
,Ashburn,Virginia,US,"39.0437,-77.4875",AS31898 Oracle Corporation,20147,America/New_York,
104-222-118-159.cpe.teksavvy.com,Chatham,Ontario,CA,"42.4238,-82.1183","AS5645 TekSavvy Solutions, Inc.",N7M,America/Toronto,
,Overland Park,Kansas,US,"38.9568,-94.6832","AS7018 AT&T Enterprises, LLC",66212,America/Chicago,
,Singapore,Singapore,SG,"1.2897,103.8501",AS59253 LEASEWEB SINGAPORE PTE. LTD.,018989,Asia/Singapore,
,Sainte-Catherine,Quebec,CA,"45.4001,-73.5825",,J5C,America/Toronto,
d-75-118-32-12.oh.cpe.breezeline.net,Columbus,Ohio,US,"39.9612,-82.9988",AS11776 Breezeline,43215,America/New_York,
c-73-92-104-119.hsd1.ca.comcast.net,San Mateo,California,US,"37.5630,-122.3255","AS7922 Comcast Cable Communications, LLC",94401,America/Los_Angeles,
syn-070-118-031-195.biz.spectrum.com,San Antonio,Texas,US,"29.4510,-98.6169",AS11427 Charter Communications Inc,78238,America/Chicago,
,North Bergen,New Jersey,US,"40.8043,-74.0121","AS14061 DigitalOcean, LLC",07047,America/New_York,
,North Bergen,New Jersey,US,"40.8043,-74.0121","AS14061 DigitalOcean, LLC",07047,America/New_York,
syn-069-146-057-165.biz.spectrum.com,Billings,Montana,US,"45.7813,-108.5727",AS33588 Charter Communications LLC,59102,America/Denver,
65-255-76-40.dyn.hsi.pldi.net,Kingfisher,Oklahoma,US,"35.8614,-97.9317",AS11650 Pioneer Long Distance Inc.,73750,America/Chicago,
syn-072-179-013-104.res.spectrum.com,Silsbee,Texas,US,"30.3491,-94.1780",AS11427 Charter Communications Inc,77656,America/Chicago,
syn-069-206-055-187.res.spectrum.com,Port Ewen,New York,US,"41.8651,-73.9948",AS12271 Charter Communications Inc,12487,America/New_York,
host-63-135-9-155.public.eastlink.ca,Greater Sudbury,Ontario,CA,"46.4900,-80.9900",AS11260 EastLink,P3C,America/Toronto,
63.210.148.69.vultrusercontent.com,Los Angeles,California,US,"34.0614,-118.2385","AS20473 The Constant Company, LLC",90012,America/Los_Angeles,
69-222-157-166.lightspeed.miamfl.sbcglobal.net,Miami,Florida,US,"25.6615,-80.4410","AS7018 AT&T Enterprises, LLC",33196,America/New_York,
pool-71-244-148-19.bltmmd.fios.verizon.net,Columbia,Maryland,US,"39.2404,-76.8394",AS701 Verizon Business,21045,America/New_York,
drmons0552w-134-41-128-251.dhcp-dynamic.fibreop.ns.bellaliant.net,Dartmouth,Nova Scotia,CA,"44.6713,-63.5772",AS855 Bell Canada,B3A,America/Halifax,
142-217-32-85.telebecinternet.net,Montréal,Quebec,CA,"45.5088,-73.5878",AS35911 Telebec,H3H,America/Toronto,
107-120-agavebb-nm.abq.nm.agavebb.net,Miramar Beach,Florida,US,"30.3744,-86.3586",AS18771 3ds Communications LLC,32550,America/Chicago,
199-195-168-19.southwesternwireless.com,Roswell,New Mexico,US,"33.3944,-104.5249","AS32889 Southwestern Wireless, Inc.",88203,America/Denver,
198-74-61-243.ip.linodeusercontent.com,Cedar Knolls,New Jersey,US,"40.8220,-74.4488",AS63949 Akamai Connected Cloud,07927,America/New_York,
184-155-56-182.cpe.sparklight.net,Borger,Texas,US,"35.6678,-101.3974","AS11492 CABLE ONE, INC.",79007,America/Chicago,
,Northbrook,Illinois,US,"42.1275,-87.8290","AS7018 AT&T Enterprises, LLC",60065,America/Chicago,
,Boydton,Virginia,US,"36.6676,-78.3875",AS8075 Microsoft Corporation,23917,America/New_York,
ool-182e7cb3.dyn.optonline.net,New York City,New York,US,"40.7143,-74.0060",AS6128 Cablevision Systems Corp.,10001,America/New_York,
91.107.76.34.bc.googleusercontent.com,Brussels,Brussels Capital,BE,"50.8505,4.3488",AS396982 Google LLC,1000,Europe/Brussels,
57.146.76.34.bc.googleusercontent.com,Brussels,Brussels Capital,BE,"50.8505,4.3488",AS396982 Google LLC,1000,Europe/Brussels,
29.201.76.34.bc.googleusercontent.com,Brussels,Brussels Capital,BE,"50.8505,4.3488",AS396982 Google LLC,1000,Europe/Brussels,
29.11.80.34.bc.googleusercontent.com,Taipei,Taiwan,TW,"25.0531,121.5264",AS396982 Google LLC,,Asia/Taipei,
242.178.187.35.bc.googleusercontent.com,Brussels,Brussels Capital,BE,"50.8505,4.3488",AS396982 Google LLC,1000,Europe/Brussels,
236.36.187.35.bc.googleusercontent.com,Brussels,Brussels Capital,BE,"50.8505,4.3488",AS396982 Google LLC,1000,Europe/Brussels,
121.62.187.35.bc.googleusercontent.com,Brussels,Brussels Capital,BE,"50.8505,4.3488",AS396982 Google LLC,1000,Europe/Brussels,
209.72.187.35.bc.googleusercontent.com,Brussels,Brussels Capital,BE,"50.8505,4.3488",AS396982 Google LLC,1000,Europe/Brussels,
16.247.189.35.bc.googleusercontent.com,Brussels,Brussels Capital,BE,"50.8505,4.3488",AS396982 Google LLC,1000,Europe/Brussels,
227.153.224.35.bc.googleusercontent.com,Council Bluffs,Iowa,US,"41.2619,-95.8608",AS396982 Google LLC,51502,America/Chicago,
82.29.233.35.bc.googleusercontent.com,Brussels,Brussels Capital,BE,"50.8505,4.3488",AS396982 Google LLC,1000,Europe/Brussels,
86.43.233.35.bc.googleusercontent.com,Brussels,Brussels Capital,BE,"50.8505,4.3488",AS396982 Google LLC,1000,Europe/Brussels,
150.49.233.35.bc.googleusercontent.com,Brussels,Brussels Capital,BE,"50.8505,4.3488",AS396982 Google LLC,1000,Europe/Brussels,
147.49.240.35.bc.googleusercontent.com,Brussels,Brussels Capital,BE,"50.8505,4.3488",AS396982 Google LLC,1000,Europe/Brussels,
196.55.240.35.bc.googleusercontent.com,Brussels,Brussels Capital,BE,"50.8505,4.3488",AS396982 Google LLC,1000,Europe/Brussels,
29.191.241.35.bc.googleusercontent.com,Brussels,Brussels Capital,BE,"50.8505,4.3488",AS396982 Google LLC,1000,Europe/Brussels,
33.225.241.35.bc.googleusercontent.com,Brussels,Brussels Capital,BE,"50.8505,4.3488",AS396982 Google LLC,1000,Europe/Brussels,
83.236.241.35.bc.googleusercontent.com,Brussels,Brussels Capital,BE,"50.8505,4.3488",AS396982 Google LLC,1000,Europe/Brussels,
ip092.126-39-38.sogetel.net,Montréal,Quebec,CA,"45.5088,-73.5878",AS12132 Quebec Internet Inc,H3H,America/Toronto,
bras-base-sconpq1802w-grc-42-50-100-159-183.dsl.bell.ca,Montréal-Ouest,Quebec,CA,"45.4529,-73.6492",AS577 Bell Canada,H4X,America/Toronto,
c-68-51-5-49.hsd1.in.comcast.net,Fort Wayne,Indiana,US,"41.1306,-85.1289","AS7922 Comcast Cable Communications, LLC",46825,America/Indiana/Indianapolis,
c-68-82-230-36.hsd1.de.comcast.net,Philadelphia,Pennsylvania,US,"39.9524,-75.1636","AS7922 Comcast Cable Communications, LLC",19099,America/New_York,
syn-047-004-194-145.res.spectrum.com,Suwanee,Georgia,US,"34.0515,-84.0713",AS20115 Charter Communications LLC,30024,America/New_York,
ool-2f17033b.static.optonline.net,New York City,New York,US,"40.7143,-74.0060",AS6128 Cablevision Systems Corp.,10001,America/New_York,
d67-193-154-51.home3.cgocable.net,Kingston,Ontario,CA,"44.2298,-76.4810",AS7992 Cogeco Connexion Inc.,K7K,America/Toronto,
syn-066-169-207-088.res.spectrum.com,Fort Worth,Texas,US,"32.7639,-97.1781",AS20115 Charter Communications LLC,76120,America/Chicago,
,Miami Gardens,Florida,US,"25.9420,-80.2456","AS7922 Comcast Cable Communications, LLC",33056,America/New_York,
syn-097-093-250-114.res.spectrum.com,Denton,Texas,US,"33.2289,-97.1314",AS20115 Charter Communications LLC,76201,America/Chicago,
syn-098-144-000-043.res.spectrum.com,New Berlin,Wisconsin,US,"42.9764,-88.1084",AS10796 Charter Communications Inc,53151,America/Chicago,
99-50-210-85.lightspeed.tukrga.sbcglobal.net,McDonough,Georgia,US,"33.4473,-84.1469","AS7018 AT&T Enterprises, LLC",30253,America/New_York,
pool-100-2-8-103.nycmny.fios.verizon.net,New York City,New York,US,"40.7143,-74.0060",AS701 Verizon Business,10001,America/New_York,
108-93-86-229.lightspeed.milwwi.sbcglobal.net,Wayne,Michigan,US,"42.2814,-83.3863","AS7018 AT&T Enterprises, LLC",48184,America/Detroit,
122.200.168.184.host.secureserver.net,Phoenix,Arizona,US,"33.4484,-112.0740","AS26496 GoDaddy.com, LLC",85001,America/Phoenix,
,Kansas City,Missouri,US,"39.0997,-94.5786","AS64236 UnReal Servers, LLC",64106,America/Chicago,
10.200.168.184.host.secureserver.net,Phoenix,Arizona,US,"33.4484,-112.0740","AS26496 GoDaddy.com, LLC",85001,America/Phoenix,
162-233-26-132.lightspeed.rcsntx.sbcglobal.net,Allen,Texas,US,"33.1032,-96.6706","AS7018 AT&T Enterprises, LLC",75013,America/Chicago,
768693.cloudwaysapps.com,London,England,GB,"51.5085,-0.1257","AS14061 DigitalOcean, LLC",E1W,Europe/London,
syn-173-172-000-189.res.spectrum.com,Frisco,Texas,US,"33.1507,-96.8236",AS11427 Charter Communications Inc,75034,America/Chicago,
205.250.173.170.erx.dynamic.cipherkey.com,Vancouver,British Columbia,CA,"49.2497,-123.1193",AS25668 Cipherkey Exchange Corp.,V5Y,America/Vancouver,
,Covington,Louisiana,US,"30.4755,-90.1004",AS32592 Uniti Fiber Holdings Inc.,70434,America/Chicago,
my.iamuniverse.org,Markham,Ontario,CA,"43.8668,-79.2663",AS5690 Vianet Inc.,L3P,America/Toronto,
,Dallas,Texas,US,"32.7831,-96.8067",AS3800 AS3800 LLC,75201,America/Chicago,
,Los Angeles,California,US,"34.0443,-118.2509",,90014,America/Los_Angeles,
,Arlington,Texas,US,"32.7357,-97.1081","AS394380 Leaseweb USA, Inc.",76004,America/Chicago,
,Toronto,Ontario,CA,"43.7064,-79.3986","AS14061 DigitalOcean, LLC",M5A,America/Toronto,
,Enumclaw,Washington,US,"47.2043,-121.9915",AS10430 Washington State K-20 Telecommunications Network,98022,America/Los_Angeles,
,London,England,GB,"51.5085,-0.1257","AS14061 DigitalOcean, LLC",E1W,Europe/London,
155.138.239.132.vultrusercontent.com,Atlanta,Georgia,US,"33.7865,-84.4454","AS20473 The Constant Company, LLC",30318,America/New_York,
,Phoenix,Arizona,US,"33.4665,-111.9984",AS31898 Oracle Corporation,85008,America/Phoenix,
,Buffalo,New York,US,"42.8865,-78.8784","AS16509 Amazon.com, Inc.",14202,America/New_York,
205.65.155.104.bc.googleusercontent.com,Brussels,Brussels Capital,BE,"50.8505,4.3488",AS396982 Google LLC,1000,Europe/Brussels,
60.85.155.104.bc.googleusercontent.com,Brussels,Brussels Capital,BE,"50.8505,4.3488",AS396982 Google LLC,1000,Europe/Brussels,
125.12.158.104.in-addr.arpa,Windsor,Ontario,CA,"42.3001,-83.0165",AS54198 Videotron Ltee,N8X,America/Toronto,
104-177-109-84.lightspeed.frokca.sbcglobal.net,Auburn,California,US,"38.8966,-121.0769","AS7018 AT&T Enterprises, LLC",95603,America/Los_Angeles,
c-73-110-134-186.hsd1.il.comcast.net,Cicero,Illinois,US,"41.8456,-87.7539","AS7922 Comcast Cable Communications, LLC",60804,America/Chicago,
,Fresno,California,US,"36.7377,-119.7843","AS7018 AT&T Enterprises, LLC",93721,America/Los_Angeles,
c-73-124-2-112.hsd1.fl.comcast.net,Kendale Lakes,Florida,US,"25.7082,-80.4070","AS7922 Comcast Cable Communications, LLC",33183,America/New_York,
c-73-196-106-245.hsd1.nj.comcast.net,Linden,New Jersey,US,"40.6221,-74.2446","AS7922 Comcast Cable Communications, LLC",07036,America/New_York,
syn-074-071-099-201.res.spectrum.com,Yonkers,New York,US,"40.7918,-73.9447",AS12271 Charter Communications Inc,10029,America/New_York,
static-70-107-230-18.ny325.east.verizon.net,New York City,New York,US,"40.7143,-74.0060",AS701 Verizon Business,10001,America/New_York,
pool-71-105-105-198.nycmny.fios.verizon.net,New York City,New York,US,"40.7143,-74.0060",AS701 Verizon Business,10001,America/New_York,
,Tseung Kwan O,Sai Kung,HK,"22.3279,114.2499",AS40065 CNSERVERS LLC,999077,Asia/Hong_Kong,
ip24-252-2-216.om.om.cox.net,Omaha,Nebraska,US,"41.2563,-95.9404",AS22773 Cox Communications Inc.,68101,America/Chicago,
43.226.76.34.bc.googleusercontent.com,Brussels,Brussels Capital,BE,"50.8505,4.3488",AS396982 Google LLC,1000,Europe/Brussels,
92.205.190.35.bc.googleusercontent.com,Brussels,Brussels Capital,BE,"50.8505,4.3488",AS396982 Google LLC,1000,Europe/Brussels,
89.15.233.35.bc.googleusercontent.com,Brussels,Brussels Capital,BE,"50.8505,4.3488",AS396982 Google LLC,1000,Europe/Brussels,
,Des Moines,Iowa,US,"41.6005,-93.6091",AS8075 Microsoft Corporation,50307,America/Chicago,
,Calgary,Alberta,CA,"51.0501,-114.0853",AS6327 Shaw Communications Inc.,T3S,America/Edmonton,
,Santa Clara,California,US,"37.3924,-121.9623",AS18779 EGIHosting,95054,America/Los_Angeles,
,Montréal,Quebec,CA,"45.5005,-73.5684",,H3B,America/Toronto,
45-52-231-150.ftwy.in.frontiernet.net,North Vernon,Indiana,US,"39.0062,-85.6236","AS5650 Frontier Communications of America, Inc.",47265,America/Indiana/Indianapolis,
45-31-230-89.lightspeed.miamfl.sbcglobal.net,Miami,Florida,US,"25.7343,-80.3588","AS7018 AT&T Enterprises, LLC",33165,America/New_York,
,North Miami,Florida,US,"25.8901,-80.1867",AS23089 Hotwire Communications,33161,America/New_York,
,North Bergen,New Jersey,US,"40.8043,-74.0121","AS14061 DigitalOcean, LLC",07047,America/New_York,
144.202.105.124.vultrusercontent.com,Santa Clara,California,US,"37.3924,-121.9623","AS20473 The Constant Company, LLC",95054,America/Los_Angeles,
syn-108-176-138-076.res.spectrum.com,Elmont,New York,US,"40.7090,-73.7401",AS12271 Charter Communications Inc,11429,America/New_York,
108-82-239-122.lightspeed.clmboh.sbcglobal.net,Columbus,Ohio,US,"39.9952,-83.0047","AS7018 AT&T Enterprises, LLC",43201,America/New_York,
,Los Angeles,California,US,"34.0522,-118.2437",,90009,America/Los_Angeles,
,Paris,Île-de-France,FR,"48.8534,2.3488",AS212238 Datacamp Limited,75000,Europe/Paris,
96-18-197-143.cpe.sparklight.net,Pascagoula,Mississippi,US,"30.3658,-88.5561","AS11492 CABLE ONE, INC.",39567,America/Chicago,
,Land O' Lakes,Florida,US,"28.2189,-82.4576",AS23314 Summit Broadband,34639,America/New_York,
c-76-105-93-250.hsd1.ga.comcast.net,Atlanta,Georgia,US,"33.7490,-84.3880","AS7922 Comcast Cable Communications, LLC",30302,America/New_York,
dynamic.libertypr.net,Bayamón,Bayamón,PR,"18.3986,-66.1557",AS14638 Liberty Communications of Puerto Rico LLC,00956,America/Puerto_Rico,
,Naperville,Illinois,US,"41.7859,-88.1473","AS23338 DCS Pacific Star, LLC",60567,America/Chicago,
ip68-100-77-17.dc.dc.cox.net,Fairfax,Virginia,US,"38.8462,-77.3064",AS22773 Cox Communications Inc.,22038,America/New_York,
,Calgary,Alberta,CA,"51.0501,-114.0853",AS6327 Shaw Communications Inc.,T3S,America/Edmonton,
host-66-103-57-42.public.eastlink.ca,Norfolk County,Ontario,CA,"42.8334,-80.3830",AS11260 EastLink,N3Y,America/Toronto,
94-58-143-63.static.reverse.lstn.net,Dallas,Texas,US,"32.7831,-96.8067","AS46475 Limestone Networks, Inc.",75201,America/Chicago,
95.66.244.24.dhcp.ftth.trrc-ktmt-purg.citywest.ca,Terrace,British Columbia,CA,"54.5163,-128.6035",AS18988 City West Cable & Telephone Corp.,V8G,America/Vancouver,
23-124-135-238.lightspeed.hstntx.sbcglobal.net,Houston,Texas,US,"29.9796,-95.4625","AS7018 AT&T Enterprises, LLC",77014,America/Chicago,
ec2-54-147-119-92.compute-1.amazonaws.com,Ashburn,Virginia,US,"39.0437,-77.4875","AS14618 Amazon.com, Inc.",20147,America/New_York,
ool-2f12a91e.dyn.optonline.net,New York City,New York,US,"40.7143,-74.0060",AS6128 Cablevision Systems Corp.,10001,America/New_York,
47-196-177-22.fdr01.crwd.fl.ip.frontiernet.net,Carrollwood Village,Florida,US,"28.0675,-82.5209","AS5650 Frontier Communications of America, Inc.",33624,America/New_York,
,Miami,Florida,US,"25.7743,-80.1937","AS7922 Comcast Cable Communications, LLC",33101,America/New_York,
238.139.198.35.bc.googleusercontent.com,Frankfurt am Main,Hesse,DE,"50.1155,8.6842",AS396982 Google LLC,60306,Europe/Berlin,
251.73.240.35.bc.googleusercontent.com,Brussels,Brussels Capital,BE,"50.8505,4.3488",AS396982 Google LLC,1000,Europe/Brussels,
246.189.241.35.bc.googleusercontent.com,Brussels,Brussels Capital,BE,"50.8505,4.3488",AS396982 Google LLC,1000,Europe/Brussels,
,North Bergen,New Jersey,US,"40.8043,-74.0121","AS14061 DigitalOcean, LLC",07047,America/New_York,
,Paris,Île-de-France,FR,"48.8534,2.3488",AS212238 Datacamp Limited,75000,Europe/Paris,
192-121-246-78.cust.pvdatanet.com,New York City,New York,US,"40.7143,-74.0060",AS42201 PVDataNet AB,10001,America/New_York,
76-219-191-88.lightspeed.irvnca.sbcglobal.net,Hidden Hills,California,US,"34.1993,-118.5983","AS7018 AT&T Enterprises, LLC",91303,America/Los_Angeles,
c-73-233-60-85.hsd1.pa.comcast.net,Philadelphia,Pennsylvania,US,"39.9524,-75.1636","AS7922 Comcast Cable Communications, LLC",19099,America/New_York,
c-73-35-168-122.hsd1.wa.comcast.net,Bellingham,Washington,US,"48.7595,-122.4882","AS7922 Comcast Cable Communications, LLC",98227,America/Los_Angeles,
26-227-63-74.static.reverse.lstn.net,Dallas,Texas,US,"32.7831,-96.8067","AS46475 Limestone Networks, Inc.",75201,America/Chicago,
,Phoenix,Arizona,US,"33.4484,-112.0740","AS26496 GoDaddy.com, LLC",85001,America/Phoenix,
syn-065-185-156-202.res.spectrum.com,Grove City,Ohio,US,"39.8815,-83.0930",AS10796 Charter Communications Inc,43123,America/New_York,
66-228-34-20.ip.linodeusercontent.com,Cedar Knolls,New Jersey,US,"40.8220,-74.4488",AS63949 Akamai Connected Cloud,07927,America/New_York,
79-58-143-63.static.reverse.lstn.net,Dallas,Texas,US,"32.7831,-96.8067","AS46475 Limestone Networks, Inc.",75201,America/Chicago,
,Feldkirchen bei Graz,Styria,AT,"47.0167,15.4500",AS57878 Prager Connect GmbH,8073,Europe/Vienna,
172-245-157-117-host.colocrossing.com,Buffalo,New York,US,"42.8865,-78.8784",AS36352 HostPapa,14202,America/New_York,
syn-174-111-041-245.res.spectrum.com,Kernersville,North Carolina,US,"36.1199,-80.0737",AS11426 Charter Communications Inc,27284,America/New_York,
syn-108-167-124-184.res.spectrum.com,Enterprise,Alabama,US,"31.3152,-85.8552",AS11955 Charter Communications Inc,36330,America/Chicago,
157.232.72.148.host.secureserver.net,Singapore,Singapore,SG,"1.2897,103.8501","AS26496 GoDaddy.com, LLC",018989,Asia/Singapore,
plsk-bnt-tr1-009.myinfotel.com,Toronto,Ontario,CA,"43.7064,-79.3986","AS14061 DigitalOcean, LLC",M5A,America/Toronto,
,Washington,District of Columbia,US,"38.8951,-77.0364","AS30633 Leaseweb USA, Inc.",20004,America/New_York,
216-131-127-69.sfo.as22781.net,San Francisco,California,US,"37.7309,-122.3886","AS22781 Strong Technology, LLC.",94124,America/Los_Angeles,
ool-4575d856.dyn.optonline.net,New York City,New York,US,"40.7143,-74.0060",AS6128 Cablevision Systems Corp.,10001,America/New_York,
neo.baldgeek.com,Cedar Knolls,New Jersey,US,"40.8220,-74.4488",AS63949 Akamai Connected Cloud,07927,America/New_York,
ec2-3-89-254-124.compute-1.amazonaws.com,Ashburn,Virginia,US,"39.0437,-77.4875","AS14618 Amazon.com, Inc.",20147,America/New_York,
ec2-18-220-244-6.us-east-2.compute.amazonaws.com,Columbus,Ohio,US,"39.9612,-82.9988","AS16509 Amazon.com, Inc.",43215,America/New_York,
23-127-240-150.lightspeed.elpstx.sbcglobal.net,El Paso,Texas,US,"31.8218,-106.5732","AS7018 AT&T Enterprises, LLC",79922,America/Denver,
,Los Angeles,California,US,"34.0522,-118.2437",AS40065 CNSERVERS LLC,90009,America/Los_Angeles,
208.223.241.35.bc.googleusercontent.com,Brussels,Brussels Capital,BE,"50.8505,4.3488",AS396982 Google LLC,1000,Europe/Brussels,
20.21.240.35.bc.googleusercontent.com,Brussels,Brussels Capital,BE,"50.8505,4.3488",AS396982 Google LLC,1000,Europe/Brussels,
249.14.240.35.bc.googleusercontent.com,Brussels,Brussels Capital,BE,"50.8505,4.3488",AS396982 Google LLC,1000,Europe/Brussels,
c-24-13-92-96.hsd1.il.comcast.net,Chicago,Illinois,US,"41.8500,-87.6500","AS7922 Comcast Cable Communications, LLC",60666,America/Chicago,
syn-024-182-116-092.res.spectrum.com,Cleburne,Texas,US,"32.3485,-97.3311",AS20115 Charter Communications LLC,76031,America/Chicago,
,Carolina,Carolina,PR,"18.3808,-65.9574",AS14638 Liberty Communications of Puerto Rico LLC,00983,America/Puerto_Rico,
,Montréal,Quebec,CA,"45.5088,-73.5878",AS395965 Carrytel,H3H,America/Toronto,
r74-193-250-135.rstncmta01.rstnla.by.dh.suddenlink.net,Lake Charles,Louisiana,US,"30.2131,-93.2044",AS19108 Optimum,70601,America/Chicago,
c-73-46-39-32.hsd1.fl.comcast.net,Glenvar Heights,Florida,US,"25.7076,-80.3256","AS7922 Comcast Cable Communications, LLC",33143,America/New_York,
,Houston,Texas,US,"29.7633,-95.3633","AS7922 Comcast Cable Communications, LLC",77002,America/Chicago,
c-76-21-34-193.hsd1.ca.comcast.net,Fairfield,California,US,"38.2494,-122.0400","AS7922 Comcast Cable Communications, LLC",94533,America/Los_Angeles,
dsl-pool02-216.startelco.net,Delcambre,Louisiana,US,"29.9483,-91.9887",,70528,America/Chicago,
adsl-72-50-61-91.prtc.net,San Juan,San Juan,PR,"18.4663,-66.1057","AS10396 DATACOM CARIBE, INC.",00901,America/Puerto_Rico,
c-73-124-159-231.hsd1.fl.comcast.net,Hialeah,Florida,US,"25.8576,-80.2781","AS7922 Comcast Cable Communications, LLC",33002,America/New_York,
203-91-178-69.gci.net,Fairbanks,Alaska,US,"64.8378,-147.7164","AS8047 GENERAL COMMUNICATION, INC.",99701,America/Anchorage,
dhcp-70-128.bektel.com,Steele,North Dakota,US,"46.8547,-99.9159",AS11138 BEK Communications Cooperative,58482,America/Chicago,
dynamic.libertypr.net,San Juan,San Juan,PR,"18.4663,-66.1057",AS14638 Liberty Communications of Puerto Rico LLC,00901,America/Puerto_Rico,
c-71-194-254-213.hsd1.il.comcast.net,Grayslake,Illinois,US,"42.3445,-88.0417","AS7922 Comcast Cable Communications, LLC",60030,America/Chicago,
ironport.rpncsystems.com,New York City,New York,US,"40.7143,-74.0060",AS1828 Unitas Global,10001,America/New_York,
,Spanish Town,Saint Catherine Parish,JM,"17.9911,-76.9574",AS33576 Digicel Jamaica,,America/Jamaica,
64-58-198-80.indco.net,Oil Trough,Arkansas,US,"35.6309,-91.4604","AS32458 IND. CO. CABLE TV, INC.",72564,America/Chicago,
c-69-243-106-52.hsd1.va.comcast.net,Lake Ridge,Virginia,US,"38.6879,-77.2978","AS7922 Comcast Cable Communications, LLC",22192,America/New_York,
ip-64-66-226-164.xplore.ca,Chatham,Ontario,CA,"42.4122,-82.1849",,N7L,America/Toronto,
syn-068-185-230-160.res.spectrum.com,Hammond,Louisiana,US,"30.4911,-90.4697",AS20115 Charter Communications LLC,70403,America/Chicago,
47-149-130-113.fdr01.rdbh.ca.ip.frontiernet.net,Torrance,California,US,"33.8359,-118.3406","AS5650 Frontier Communications of America, Inc.",90503,America/Los_Angeles,
47-190-18-35.static.irng.tx.ip.frontiernet.net,Irving,Texas,US,"32.8140,-96.9489","AS5650 Frontier Communications of America, Inc.",75059,America/Chicago,
,Ottawa,Ontario,CA,"45.4112,-75.6981",AS577 Bell Canada,K1R,America/Toronto,
bras-base-clbaon0201w-grc-97-70-54-84-227.dsl.bell.ca,Orillia,Ontario,CA,"44.6087,-79.4207",AS577 Bell Canada,L3V,America/Toronto,
1436831.cloudwaysapps.com,Clifton,New Jersey,US,"40.8344,-74.1377","AS14061 DigitalOcean, LLC",07014,America/New_York,
,Tseung Kwan O,Sai Kung,HK,"22.3279,114.2499","AS53587 AZURE TECHNOLOGY CO., LIMITED",999077,Asia/Hong_Kong,
pool-98-109-123-45.nwrknj.fios.verizon.net,Kearny,New Jersey,US,"40.7684,-74.1454",AS701 Verizon Business,07032,America/New_York,
syn-098-144-136-160.res.spectrum.com,Brookfield,Wisconsin,US,"43.0668,-88.1469",AS10796 Charter Communications Inc,53045,America/Chicago,
syn-098-151-011-003.res.spectrum.com,Pearl City,Hawaii,US,"21.3973,-157.9752",AS20001 Charter Communications Inc,96782,Pacific/Honolulu,
h86.133.17.98.static.ip.windstream.net,Thomasville,Georgia,US,"30.8366,-83.9788",AS7029 Windstream Communications LLC,31758,America/New_York,
23-cx.avetria.com,San Francisco,California,US,"37.7621,-122.3971","AS209242 Cloudflare London, LLC",94107,America/Los_Angeles,True
db2.rationalwiki.org,Cedar Knolls,New Jersey,US,"40.8220,-74.4488",AS63949 Akamai Connected Cloud,07927,America/New_York,
pool-173-67-182-11.hrbgpa.fios.verizon.net,Campbelltown,Pennsylvania,US,"40.2776,-76.5853",AS701 Verizon Business,17010,America/New_York,
,Hidalgo,Texas,US,"26.1003,-98.2631",AS55025 BLUEZONE INTERNET INC,78557,America/Chicago,
wnpgmb0592w-ds02-161-187-140.dynamic.bellmts.net,Selkirk,Manitoba,CA,"50.1436,-96.8845",AS7122 Bell Canada,R1A,America/Winnipeg,
syn-198-255-201-095.res.spectrum.com,Hilton,New York,US,"43.2881,-77.7933",AS11351 Charter Communications Inc,14468,America/New_York,
207.246.93.147.vultrusercontent.com,Piscataway,New Jersey,US,"40.4993,-74.3990","AS20473 The Constant Company, LLC",08854,America/New_York,
208-58-216-15.s7181.c3-0.161-cbr1.lnh-161.md.cable.rcncustomer.com,Washington,District of Columbia,US,"38.8951,-77.0364",AS6079 RCN,20004,America/New_York,
syn-096-041-163-007.res.spectrum.com,Lincoln City,Oregon,US,"44.9582,-124.0179",AS20115 Charter Communications LLC,97367,America/Los_Angeles,
107-213-44-164.lightspeed.milwwi.sbcglobal.net,Waukesha,Wisconsin,US,"42.9993,-88.2196","AS7018 AT&T Enterprises, LLC",53186,America/Chicago,
162-246-206-127.cpe.lrc.ninja,Rock Springs,Wyoming,US,"41.5875,-109.2029","AS55044 LR Communications, Inc.",82902,America/Denver,
,Bend,Oregon,US,"44.0223,-121.2985",AS397423 Tier.Net Technologies LLC,97702,America/Los_Angeles,
137-119-86-96.peoplescom.net,Alba,Texas,US,"32.7929,-95.6344",AS40317 Peoples Communications Inc.,75410,America/Chicago,
,New York City,New York,US,"40.7143,-74.0060","AS36007 Kamatera, Inc.",10001,America/New_York,
,Los Angeles,California,US,"34.0522,-118.2437",AS36352 HostPapa,90009,America/Los_Angeles,
,Moses Lake,Washington,US,"47.1301,-119.2781","AS46392 Grant County Powernet, Inc.",98837,America/Los_Angeles,
45.63.17.135.vultrusercontent.com,Piscataway,New Jersey,US,"40.4993,-74.3990","AS20473 The Constant Company, LLC",08854,America/New_York,
47-195-18-62.tamp.fl.frontiernet.net,Lakeland Highlands,Florida,US,"27.9597,-81.9501","AS5650 Frontier Communications of America, Inc.",33813,America/New_York,
ip68-228-35-119.tc.ph.cox.net,Phoenix,Arizona,US,"33.4484,-112.0740",AS22773 Cox Communications Inc.,85001,America/Phoenix,
c-73-245-126-95.hsd1.fl.comcast.net,South Miami Heights,Florida,US,"25.5976,-80.3806","AS7922 Comcast Cable Communications, LLC",33177,America/New_York,
static-74-41-251-130.dsl1.rva.az.frontiernet.net,Bullhead City,Arizona,US,"35.1478,-114.5683","AS7011 Frontier Communications of America, Inc.",86439,America/Phoenix,
,North Bergen,New Jersey,US,"40.8043,-74.0121","AS14061 DigitalOcean, LLC",07047,America/New_York,
,London,England,GB,"51.5085,-0.1257",AS205544 Leaseweb UK Limited,E1W,Europe/London,
24-111-248-49-dynamic.midco.net,Bismarck,North Dakota,US,"46.8083,-100.7837",AS11232 Midcontinent Communications,58501,America/Chicago,
178.44.247.35.bc.googleusercontent.com,The Dalles,Oregon,US,"45.5946,-121.1787",AS396982 Google LLC,97058,America/Los_Angeles,
syn-047-034-045-246.res.spectrum.com,West Bend,Wisconsin,US,"43.4253,-88.1834",AS20115 Charter Communications LLC,53095,America/Chicago,
47-59-186-131.red-acceso.airtel.net,Chiclana de la Frontera,Andalusia,ES,"36.4198,-6.1437",AS12430 VODAFONE ESPANA S.A.U.,11130,Europe/Madrid,
64-139-90-38.cdnt02a.flint01.mi.hfc.comcastbusiness.net,Barboursville,West Virginia,US,"38.4095,-82.2946","AS7922 Comcast Cable Communications, LLC",25504,America/New_York,
c-66-176-92-12.hsd1.fl.comcast.net,Doral,Florida,US,"25.8195,-80.3553","AS7922 Comcast Cable Communications, LLC",33178,America/New_York,
syn-066-168-014-238.res.spectrum.com,West Bend,Wisconsin,US,"43.4253,-88.1834",AS20115 Charter Communications LLC,53095,America/Chicago,
47-149-108-186.fdr01.rdld.ca.ip.frontiernet.net,Redlands,California,US,"34.0556,-117.1825","AS5650 Frontier Communications of America, Inc.",92375,America/Los_Angeles,
,Montréal,Quebec,CA,"45.5005,-73.5684",,H3B,America/Toronto,
,North Bergen,New Jersey,US,"40.8043,-74.0121","AS14061 DigitalOcean, LLC",07047,America/New_York,
syn-097-081-099-067.res.spectrum.com,Athens,Georgia,US,"33.9461,-83.4180",AS20115 Charter Communications LLC,30606,America/New_York,
1194942.cloudwaysapps.com,Clifton,New Jersey,US,"40.8344,-74.1377","AS14061 DigitalOcean, LLC",07014,America/New_York,
pool-96-234-36-141.nwrknj.fios.verizon.net,Paterson,New Jersey,US,"40.9168,-74.1718",AS701 Verizon Business,07501,America/New_York,
,Houston,Texas,US,"29.7633,-95.3633","AS7922 Comcast Cable Communications, LLC",77002,America/Chicago,
syn-097-079-002-003.biz.spectrum.com,Tampa,Florida,US,"28.0790,-82.5268","AS33363 Charter Communications, Inc",33624,America/New_York,
,Kingston,Kingston,JM,"17.9970,-76.7936",AS30689 FLOW,,America/Jamaica,
,Dubai,Dubai,AE,"25.0772,55.3093",AS212660 WHG Hosting Services Ltd,28506 74783,Asia/Dubai,
,San Jose,California,US,"37.3394,-121.8950","AS7018 AT&T Enterprises, LLC",95025,America/Los_Angeles,
syn-184-152-093-240.res.spectrum.com,Pine Bush,New York,US,"41.6082,-74.2990",AS12271 Charter Communications Inc,12566,America/New_York,
s01066c55e886ab01.ss.shawcable.net,Saskatoon,Saskatchewan,CA,"52.1324,-106.6689",AS6327 Shaw Communications Inc.,S7W,America/Regina,
,New Bern,North Carolina,US,"35.1085,-77.0441",AS19108 Optimum,28563,America/New_York,
75-145-85-146-washingtondc.hfc.comcastbusiness.net,Bel Air,Maryland,US,"39.5359,-76.3483","AS7922 Comcast Cable Communications, LLC",21014,America/New_York,
76-10-164-4.dsl.teksavvy.com,Willowdale,Ontario,CA,"43.7667,-79.3991","AS5645 TekSavvy Solutions, Inc.",M2N,America/Toronto,
c-76-110-161-235.hsd1.fl.comcast.net,Sebastian,Florida,US,"27.8164,-80.4706","AS7922 Comcast Cable Communications, LLC",32958,America/New_York,
syn-076-187-194-101.res.spectrum.com,Plano,Texas,US,"33.0250,-96.7397",AS11427 Charter Communications Inc,75075,America/Chicago,
74-36-102-127.dr02.apvy.mn.frontiernet.net,Apple Valley,Minnesota,US,"44.7319,-93.2177","AS5650 Frontier Communications of America, Inc.",55124,America/Chicago,
71-135-204-59.lightspeed.tukrga.sbcglobal.net,Jonesboro,Georgia,US,"33.5215,-84.3538","AS7018 AT&T Enterprises, LLC",30236,America/New_York,
ip68-229-62-107.lv.lv.cox.net,Las Vegas,Nevada,US,"36.1750,-115.1372",AS22773 Cox Communications Inc.,89111,America/Los_Angeles,
syn-070-115-188-038.res.spectrum.com,Pharr,Texas,US,"26.1948,-98.1836",AS11427 Charter Communications Inc,78577,America/Chicago,
dynamic.libertypr.net,San Juan,San Juan,PR,"18.4663,-66.1057",AS14638 Liberty Communications of Puerto Rico LLC,00901,America/Puerto_Rico,
ec2-13-56-164-52.us-west-1.compute.amazonaws.com,San Jose,California,US,"37.3394,-121.8950","AS16509 Amazon.com, Inc.",95025,America/Los_Angeles,
ec2-18-222-94-248.us-east-2.compute.amazonaws.com,Columbus,Ohio,US,"39.9612,-82.9988","AS16509 Amazon.com, Inc.",43215,America/New_York,
,Cayey,Cayey,PR,"18.1119,-66.1660",AS14638 Liberty Communications of Puerto Rico LLC,00736,America/Puerto_Rico,
syn-024-159-003-165.res.spectrum.com,Morristown,Tennessee,US,"36.1957,-83.2755",AS20115 Charter Communications LLC,37813,America/New_York,
,Cayey,Cayey,PR,"18.1119,-66.1660",AS14638 Liberty Communications of Puerto Rico LLC,00736,America/Puerto_Rico,
wsip-70-183-218-48.br.br.cox.net,Baton Rouge,Louisiana,US,"30.4433,-91.1875",AS22773 Cox Communications Inc.,70801,America/Chicago,
explores.pleasty.org,Los Angeles,California,US,"34.0522,-118.2437",AS35908 Krypt Technologies,90009,America/Los_Angeles,
,North Bergen,New Jersey,US,"40.8043,-74.0121","AS14061 DigitalOcean, LLC",07047,America/New_York,
,Nassau,New Providence,BS,"25.0582,-77.3431",AS15146 Cable Bahamas,,America/Nassau,
syn-068-112-217-037.res.spectrum.com,Slidell,Louisiana,US,"30.2916,-89.8129",AS20115 Charter Communications LLC,70460,America/Chicago,
,Nassau,New Providence,BS,"25.0582,-77.3431",AS15146 Cable Bahamas,,America/Nassau,
,Kingsport,Tennessee,US,"36.5484,-82.5618","AS26479 Point Broadband Fiber Holding, LLC",37660,America/New_York,
,Montréal,Quebec,CA,"45.5005,-73.5684",,H3B,America/Toronto,
173-10-46-114-michigan.hfc.comcastbusiness.net,Taylor,Michigan,US,"42.2409,-83.2696","AS7922 Comcast Cable Communications, LLC",48180,America/Detroit,
173-18-30-218.client.mchsi.com,Herrin,Illinois,US,"37.8031,-89.0276",AS30036 Mediacom Communications Corp,62948,America/Chicago,
96-86-235-78-static.hfc.comcastbusiness.net,Atlanta,Georgia,US,"33.7490,-84.3880","AS7922 Comcast Cable Communications, LLC",30302,America/New_York,
,San Jose,California,US,"37.3394,-121.8950","AS7018 AT&T Enterprises, LLC",95025,America/Los_Angeles,
,Seattle,Washington,US,"47.6062,-122.3321","AS16509 Amazon.com, Inc.",98101,America/Los_Angeles,
,New York City,New York,US,"40.7143,-74.0060","AS36007 Kamatera, Inc.",10001,America/New_York,
adsl-108-201-219-16.dsl.scrm01.sbcglobal.net,Alta Sierra,California,US,"39.1416,-121.0538","AS7018 AT&T Enterprises, LLC",95949,America/Los_Angeles,
syn-070-123-028-028.res.spectrum.com,Austin,Texas,US,"30.2960,-97.6396",AS11427 Charter Communications Inc,78724,America/Chicago,
,Santa Clara,California,US,"37.3483,-121.9844","AS14061 DigitalOcean, LLC",95051,America/Los_Angeles,
,North Bergen,New Jersey,US,"40.8043,-74.0121","AS14061 DigitalOcean, LLC",07047,America/New_York,
99-105-239-136.lightspeed.tukrga.sbcglobal.net,Lawrenceville,Georgia,US,"33.9562,-83.9880","AS7018 AT&T Enterprises, LLC",30046,America/New_York,
,Nassau,New Providence,BS,"25.0582,-77.3431",AS15146 Cable Bahamas,,America/Nassau,
ool-182e6344.dyn.optonline.net,New York City,New York,US,"40.7143,-74.0060",AS6128 Cablevision Systems Corp.,10001,America/New_York,
191.92.187.35.bc.googleusercontent.com,Brussels,Brussels Capital,BE,"50.8505,4.3488",AS396982 Google LLC,1000,Europe/Brussels,
,North Bergen,New Jersey,US,"40.8043,-74.0121","AS14061 DigitalOcean, LLC",07047,America/New_York,
,Tulsa,Oklahoma,US,"36.1540,-95.9928",AS22747 TulsaConnect,74102,America/Chicago,
syn-067-079-107-100.biz.spectrum.com,San Antonio,Texas,US,"29.5334,-98.4975",AS11427 Charter Communications Inc,78216,America/Chicago,
,Irvine,California,US,"33.6829,-117.8298","AS7018 AT&T Enterprises, LLC",92614,America/Los_Angeles,
188.215.190.35.bc.googleusercontent.com,Brussels,Brussels Capital,BE,"50.8505,4.3488",AS396982 Google LLC,1000,Europe/Brussels,
140.41.233.35.bc.googleusercontent.com,Brussels,Brussels Capital,BE,"50.8505,4.3488",AS396982 Google LLC,1000,Europe/Brussels,
182.55.233.35.bc.googleusercontent.com,Brussels,Brussels Capital,BE,"50.8505,4.3488",AS396982 Google LLC,1000,Europe/Brussels,
22.75.233.35.bc.googleusercontent.com,Brussels,Brussels Capital,BE,"50.8505,4.3488",AS396982 Google LLC,1000,Europe/Brussels,
82.135.237.35.bc.googleusercontent.com,North Charleston,South Carolina,US,"32.8546,-79.9748",AS396982 Google LLC,29415,America/New_York,
81.109.240.35.bc.googleusercontent.com,Brussels,Brussels Capital,BE,"50.8505,4.3488",AS396982 Google LLC,1000,Europe/Brussels,
68.113.76.34.bc.googleusercontent.com,Brussels,Brussels Capital,BE,"50.8505,4.3488",AS396982 Google LLC,1000,Europe/Brussels,
206.174.76.34.bc.googleusercontent.com,Brussels,Brussels Capital,BE,"50.8505,4.3488",AS396982 Google LLC,1000,Europe/Brussels,
233.184.76.34.bc.googleusercontent.com,Brussels,Brussels Capital,BE,"50.8505,4.3488",AS396982 Google LLC,1000,Europe/Brussels,
169.26.76.34.bc.googleusercontent.com,Brussels,Brussels Capital,BE,"50.8505,4.3488",AS396982 Google LLC,1000,Europe/Brussels,
48.122.187.35.bc.googleusercontent.com,Brussels,Brussels Capital,BE,"50.8505,4.3488",AS396982 Google LLC,1000,Europe/Brussels,
ool-44c181a3.dyn.optonline.net,Titusville,New York,US,"41.6676,-73.8740",AS6128 Cablevision Systems Corp.,12603,America/New_York,
c-75-67-29-248.hsd1.ma.comcast.net,North Pembroke,Massachusetts,US,"42.0932,-70.7925","AS7922 Comcast Cable Communications, LLC",02358,America/New_York,
,North Bergen,New Jersey,US,"40.8043,-74.0121","AS14061 DigitalOcean, LLC",07047,America/New_York,
,Gilroy,California,US,"37.0058,-121.5683","AS30640 Etheric Networks, Inc.",95021,America/Los_Angeles,
,Hilo,Hawaii,US,"19.7299,-155.0907",AS6360 University of Hawaii,96721,Pacific/Honolulu,
c-76-107-100-27.hsd1.la.comcast.net,Shreveport,Louisiana,US,"32.5251,-93.7502","AS7922 Comcast Cable Communications, LLC",71101,America/Chicago,
syn-072-175-120-015.res.spectrum.com,Billings,Montana,US,"45.7813,-108.5727",AS33588 Charter Communications LLC,59102,America/Denver,
c-73-176-166-119.hsd1.il.comcast.net,Chicago,Illinois,US,"41.8500,-87.6500","AS7922 Comcast Cable Communications, LLC",60666,America/Chicago,
30.115.155.104.bc.googleusercontent.com,Brussels,Brussels Capital,BE,"50.8505,4.3488",AS396982 Google LLC,1000,Europe/Brussels,
172.16.155.104.bc.googleusercontent.com,Brussels,Brussels Capital,BE,"50.8505,4.3488",AS396982 Google LLC,1000,Europe/Brussels,
d104-205-11-120.abhsia.telus.net,Coaldale,Alberta,CA,"49.7167,-112.6185",AS852 TELUS Communications Inc.,T1M,America/Edmonton,
pool-100-2-134-102.nycmny.fios.verizon.net,New York City,New York,US,"40.7143,-74.0060",AS701 Verizon Business,10001,America/New_York,
,Singapore,Singapore,SG,"1.2897,103.8501",AS59253 LEASEWEB SINGAPORE PTE. LTD.,018989,Asia/Singapore,
,Singapore,Singapore,SG,"1.2897,103.8501",AS59253 LEASEWEB SINGAPORE PTE. LTD.,018989,Asia/Singapore,
,Singapore,Singapore,SG,"1.2897,103.8501",AS59253 LEASEWEB SINGAPORE PTE. LTD.,018989,Asia/Singapore,
,Singapore,Singapore,SG,"1.2897,103.8501",AS59253 LEASEWEB SINGAPORE PTE. LTD.,018989,Asia/Singapore,
host-198-57-91-177.midolt3.epbfi.com,Chattanooga,Tennessee,US,"35.0456,-85.3097",AS26827 EPB Fiber Optics,37401,America/New_York,
,Seattle,Washington,US,"47.5413,-122.3129","AS16509 Amazon.com, Inc.",98108,America/Los_Angeles,
pool-72-69-178-199.nycmny.fios.verizon.net,North Amityville,New York,US,"40.6976,-73.4251",AS701 Verizon Business,11701,America/New_York,
syn-075-135-235-111.res.spectrum.com,Scottsbluff,Nebraska,US,"41.8666,-103.6672",AS20115 Charter Communications LLC,69361,America/Denver,
184-155-163-16.cpe.sparklight.net,Anniston,Alabama,US,"33.6598,-85.8316","AS11492 CABLE ONE, INC.",36201,America/Chicago,
host-192-199-188-12.twlakes.net,Jefferson City,Tennessee,US,"36.1223,-83.4924",AS19331 Twin Lakes Telephone Cooperative Corporation,37760,America/New_York,
,Los Angeles,California,US,"34.0443,-118.2509",AS36352 HostPapa,90014,America/Los_Angeles,
ec2-3-95-229-152.compute-1.amazonaws.com,Ashburn,Virginia,US,"39.0437,-77.4875","AS14618 Amazon.com, Inc.",20147,America/New_York,
24-155-91-80.static.grandenetworks.net,Frisco,Texas,US,"33.1507,-96.8236","AS7459 Grande Communications Networks, LLC",75034,America/Chicago,
151.13.203.35.bc.googleusercontent.com,Montréal,Quebec,CA,"45.5088,-73.5878",AS396982 Google LLC,H3H,America/Toronto,
syn-035-141-146-225.res.spectrum.com,New Port Richey,Florida,US,"28.2326,-82.7327","AS33363 Charter Communications, Inc",34652,America/New_York,
8.9.76.34.bc.googleusercontent.com,Brussels,Brussels Capital,BE,"50.8505,4.3488",AS396982 Google LLC,1000,Europe/Brussels,
23-227-201-94.static.hvvc.us,Chicago,Illinois,US,"41.8426,-87.6306","AS29802 HIVELOCITY, Inc.",60616,America/Chicago,
,Guayama,Guayama,PR,"17.9841,-66.1138",AS14638 Liberty Communications of Puerto Rico LLC,00784,America/Puerto_Rico,
syn-024-167-236-187.res.spectrum.com,Milwaukee,Wisconsin,US,"43.1122,-87.9932",AS10796 Charter Communications Inc,53218,America/Chicago,
174-29-1-127.hlrn.qwest.net,Arvada,Colorado,US,"39.8028,-105.0875","AS209 CenturyLink Communications, LLC",80001,America/Denver,
38-128.206.104.serverhubrdns.in-addr.arpa,Seattle,Washington,US,"47.6062,-122.3321",AS62904 Eonix Corporation,98101,America/Los_Angeles,
42-128.206.104.serverhubrdns.in-addr.arpa,Seattle,Washington,US,"47.6062,-122.3321",AS62904 Eonix Corporation,98101,America/Los_Angeles,
34-128.206.104.serverhubrdns.in-addr.arpa,Seattle,Washington,US,"47.6062,-122.3321",AS62904 Eonix Corporation,98101,America/Los_Angeles,
70-128.206.104.serverhubrdns.in-addr.arpa,Seattle,Washington,US,"47.6062,-122.3321",AS62904 Eonix Corporation,98101,America/Los_Angeles,
78-128.206.104.serverhubrdns.in-addr.arpa,Seattle,Washington,US,"47.6062,-122.3321",AS62904 Eonix Corporation,98101,America/Los_Angeles,
66-128.206.104.serverhubrdns.in-addr.arpa,Seattle,Washington,US,"47.6062,-122.3321",AS62904 Eonix Corporation,98101,America/Los_Angeles,
18-128.206.104.serverhubrdns.in-addr.arpa,Seattle,Washington,US,"47.6062,-122.3321",AS62904 Eonix Corporation,98101,America/Los_Angeles,
30-128.206.104.serverhubrdns.in-addr.arpa,Seattle,Washington,US,"47.6062,-122.3321",AS62904 Eonix Corporation,98101,America/Los_Angeles,
26-128.206.104.serverhubrdns.in-addr.arpa,Seattle,Washington,US,"47.6062,-122.3321",AS62904 Eonix Corporation,98101,America/Los_Angeles,
173-162-186-9-newengland.hfc.comcastbusiness.net,Nashua,New Hampshire,US,"42.7654,-71.4676","AS7922 Comcast Cable Communications, LLC",03060,America/New_York,
683b217.rederatural.com,Frankfurt am Main,Hesse,DE,"50.1155,8.6842",AS49532 Eonix Corporation,60306,Europe/Berlin,
,Seattle,Washington,US,"47.4889,-122.3012",AS27323 Wowrack.com,98168,America/Los_Angeles,
10-128.206.104.serverhubrdns.in-addr.arpa,Seattle,Washington,US,"47.6062,-122.3321",AS62904 Eonix Corporation,98101,America/Los_Angeles,
4bc4d.rederatural.com,Frankfurt am Main,Hesse,DE,"50.1155,8.6842",AS49532 Eonix Corporation,60306,Europe/Berlin,
74-128.206.104.serverhubrdns.in-addr.arpa,Seattle,Washington,US,"47.6062,-122.3321",AS62904 Eonix Corporation,98101,America/Los_Angeles,
cbfd1.rederatural.com,Frankfurt am Main,Hesse,DE,"50.1155,8.6842",AS49532 Eonix Corporation,60306,Europe/Berlin,
ip-192-24-217-177.dynamic.fuse.net,Florence,Kentucky,US,"38.9990,-84.6266",AS6181 Cincinnati Bell Telephone Company LLC,41042,America/New_York,
apps32c5.applied8lunch.space,Frankfurt am Main,Hesse,DE,"50.1155,8.6842",AS49532 Eonix Corporation,60306,Europe/Berlin,
35.182.143.198.unassigned.ord.singlehop.net,Chicago,Illinois,US,"41.8500,-87.6500",AS32475 Internap Holding LLC,60666,America/Chicago,
50-128.206.104.serverhubrdns.in-addr.arpa,Seattle,Washington,US,"47.6062,-122.3321",AS62904 Eonix Corporation,98101,America/Los_Angeles,
62-128.206.104.serverhubrdns.in-addr.arpa,Seattle,Washington,US,"47.6062,-122.3321",AS62904 Eonix Corporation,98101,America/Los_Angeles,
108-91-153-57.lightspeed.frokca.sbcglobal.net,North Highlands,California,US,"38.6857,-121.3722","AS7018 AT&T Enterprises, LLC",95660,America/Los_Angeles,
ool-6c3a33ca.static.optonline.net,New York City,New York,US,"40.7143,-74.0060",AS6128 Cablevision Systems Corp.,10001,America/New_York,
108-243-82-33.lightspeed.bcvloh.sbcglobal.net,Massillon,Ohio,US,"40.7967,-81.5215","AS7018 AT&T Enterprises, LLC",44646,America/New_York,
2-128.206.104.serverhubrdns.in-addr.arpa,Seattle,Washington,US,"47.6062,-122.3321",AS62904 Eonix Corporation,98101,America/Los_Angeles,
c5486.rederatural.com,Frankfurt am Main,Hesse,DE,"50.1155,8.6842",AS49532 Eonix Corporation,60306,Europe/Berlin,
,Togoshi,Tokyo,JP,"35.6170,139.7486",AS20326 TeraSwitch Networks Inc.,140-0002,Asia/Tokyo,
,Togoshi,Tokyo,JP,"35.6170,139.7486",AS20326 TeraSwitch Networks Inc.,140-0002,Asia/Tokyo,
,Macon,Georgia,US,"32.8407,-83.6324","AS53959 Public Service Data, Inc.",31202,America/New_York,
vmi1959826.contaboserver.net,Düsseldorf,North Rhine-Westphalia,DE,"51.2217,6.7762",AS51167 Contabo GmbH,40210,Europe/Berlin,
static-184-11-126-250.dsl1.clbg.wv.frontiernet.net,Clarksburg,West Virginia,US,"39.2807,-80.3445","AS5650 Frontier Communications of America, Inc.",26301,America/New_York,
,Santa Clara,California,US,"37.3483,-121.9844","AS14061 DigitalOcean, LLC",95051,America/Los_Angeles,
,Los Angeles,California,US,"34.0522,-118.2437",AS62904 Eonix Corporation,90009,America/Los_Angeles,
,Los Angeles,California,US,"34.0522,-118.2437",AS62904 Eonix Corporation,90009,America/Los_Angeles,
,Los Angeles,California,US,"34.0522,-118.2437",AS62904 Eonix Corporation,90009,America/Los_Angeles,
,Los Angeles,California,US,"34.0522,-118.2437",AS62904 Eonix Corporation,90009,America/Los_Angeles,
,Los Angeles,California,US,"34.0522,-118.2437",AS62904 Eonix Corporation,90009,America/Los_Angeles,
,Los Angeles,California,US,"34.0522,-118.2437",AS62904 Eonix Corporation,90009,America/Los_Angeles,
,Los Angeles,California,US,"34.0522,-118.2437",AS62904 Eonix Corporation,90009,America/Los_Angeles,
,Los Angeles,California,US,"34.0522,-118.2437",AS62904 Eonix Corporation,90009,America/Los_Angeles,
,Los Angeles,California,US,"34.0522,-118.2437",AS62904 Eonix Corporation,90009,America/Los_Angeles,
,Los Angeles,California,US,"34.0522,-118.2437",AS62904 Eonix Corporation,90009,America/Los_Angeles,
server.liderem.com.mx,Los Angeles,California,US,"34.0522,-118.2437",AS62904 Eonix Corporation,90009,America/Los_Angeles,
,Los Angeles,California,US,"34.0522,-118.2437",AS62904 Eonix Corporation,90009,America/Los_Angeles,
,Los Angeles,California,US,"34.0522,-118.2437",AS62904 Eonix Corporation,90009,America/Los_Angeles,
,Los Angeles,California,US,"34.0522,-118.2437",AS62904 Eonix Corporation,90009,America/Los_Angeles,
,North Bergen,New Jersey,US,"40.8043,-74.0121","AS14061 DigitalOcean, LLC",07047,America/New_York,
cli-952216e7.wholesale.adamo.es,Washington,District of Columbia,US,"38.8951,-77.0364",AS174 Cogent Communications,20004,America/New_York,
,New York City,New York,US,"40.7143,-74.0060","AS36007 Kamatera, Inc.",10001,America/New_York,
,Vaudreuil-Dorion,Quebec,CA,"45.4001,-74.0325",AS16276 OVH SAS,J7V,America/Toronto,
,Ashburn,Virginia,US,"39.0437,-77.4875",AS31898 Oracle Corporation,20147,America/New_York,
,Frankfurt am Main,Hesse,DE,"50.1155,8.6842","AS14061 DigitalOcean, LLC",60306,Europe/Berlin,
c-75-74-174-243.hsd1.fl.comcast.net,Fort Lauderdale,Florida,US,"26.1223,-80.1434","AS7922 Comcast Cable Communications, LLC",33302,America/New_York,
c-73-34-4-193.hsd1.co.comcast.net,Aurora,Colorado,US,"39.7294,-104.8319","AS7922 Comcast Cable Communications, LLC",80040,America/Denver,
c-73-48-155-76.hsd1.ca.comcast.net,Merced,California,US,"37.3022,-120.4830","AS7922 Comcast Cable Communications, LLC",95343,America/Los_Angeles,
c-73-92-116-135.hsd1.ca.comcast.net,Concord,California,US,"37.9780,-122.0311","AS7922 Comcast Cable Communications, LLC",94520,America/Los_Angeles,
74-207-230-196.ip.linodeusercontent.com,Atlanta,Georgia,US,"33.7490,-84.3880",AS63949 Akamai Connected Cloud,30302,America/New_York,
syn-074-072-002-107.res.spectrum.com,University Gardens,New York,US,"40.7536,-73.8226",AS12271 Charter Communications Inc,11355,America/New_York,
69-235-245-33.lightspeed.hstntx.sbcglobal.net,Houston,Texas,US,"29.8324,-95.4720","AS7018 AT&T Enterprises, LLC",77092,America/Chicago,
s01063c82c0f7a4fa.ss.shawcable.net,Saskatoon,Saskatchewan,CA,"52.1324,-106.6689",AS6327 Shaw Communications Inc.,S7W,America/Regina,
46-128.206.104.serverhubrdns.in-addr.arpa,Seattle,Washington,US,"47.6062,-122.3321",AS62904 Eonix Corporation,98101,America/Los_Angeles,
,Seattle,Washington,US,"47.6062,-122.3321",AS62904 Eonix Corporation,98101,America/Los_Angeles,
3c2e01.rederatural.com,Frankfurt am Main,Hesse,DE,"50.1155,8.6842",AS49532 Eonix Corporation,60306,Europe/Berlin,
428bb.rederatural.com,Frankfurt am Main,Hesse,DE,"50.1155,8.6842",AS49532 Eonix Corporation,60306,Europe/Berlin,
d755e.rederatural.com,Frankfurt am Main,Hesse,DE,"50.1155,8.6842",AS49532 Eonix Corporation,60306,Europe/Berlin,
gal1a3l.galacticmouse.press,Frankfurt am Main,Hesse,DE,"50.1155,8.6842",AS49532 Eonix Corporation,60306,Europe/Berlin,
732659.rederatural.com,Frankfurt am Main,Hesse,DE,"50.1155,8.6842",AS49532 Eonix Corporation,60306,Europe/Berlin,
bea1a3l.beastone.website,Frankfurt am Main,Hesse,DE,"50.1155,8.6842",AS49532 Eonix Corporation,60306,Europe/Berlin,
53c3b9.rederatural.com,Frankfurt am Main,Hesse,DE,"50.1155,8.6842",AS49532 Eonix Corporation,60306,Europe/Berlin,
ac8ce.rederatural.com,Frankfurt am Main,Hesse,DE,"50.1155,8.6842",AS49532 Eonix Corporation,60306,Europe/Berlin,
53f774.rederatural.com,Frankfurt am Main,Hesse,DE,"50.1155,8.6842",AS49532 Eonix Corporation,60306,Europe/Berlin,
54-128.206.104.serverhubrdns.in-addr.arpa,Seattle,Washington,US,"47.6062,-122.3321",AS62904 Eonix Corporation,98101,America/Los_Angeles,
,Herāt,Herat,AF,"34.3482,62.1997",AS135376 Rahanet Internet Service Provider,,Asia/Kabul,
hrt106.rahanet.af,Herāt,Herat,AF,"34.3482,62.1997",AS135376 Rahanet Internet Service Provider,,Asia/Kabul,
99-198-236-73.googlefiber.net,Palo Alto,California,US,"37.4419,-122.1430",AS16591 Google Fiber Inc.,94301,America/Los_Angeles,
99-29-61-84.lightspeed.sntcca.sbcglobal.net,Antioch,California,US,"38.0049,-121.8058","AS7018 AT&T Enterprises, LLC",94509,America/Los_Angeles,
pool-100-2-216-186.nycmny.fios.verizon.net,New York City,New York,US,"40.7143,-74.0060",AS701 Verizon Business,10001,America/New_York,
58-128.206.104.serverhubrdns.in-addr.arpa,Seattle,Washington,US,"47.6062,-122.3321",AS62904 Eonix Corporation,98101,America/Los_Angeles,
6-128.206.104.serverhubrdns.in-addr.arpa,Seattle,Washington,US,"47.6062,-122.3321",AS62904 Eonix Corporation,98101,America/Los_Angeles,
f5bf5e2.rederatural.com,Frankfurt am Main,Hesse,DE,"50.1155,8.6842",AS49532 Eonix Corporation,60306,Europe/Berlin,
pool-98-116-57-97.nycmny.fios.verizon.net,New York City,New York,US,"40.7143,-74.0060",AS701 Verizon Business,10001,America/New_York,
pool-100-33-130-195.nycmny.fios.verizon.net,New York City,New York,US,"40.7143,-74.0060",AS701 Verizon Business,10001,America/New_York,
pool-71-105-64-30.nycmny.fios.verizon.net,New York City,New York,US,"40.7143,-74.0060",AS701 Verizon Business,10001,America/New_York,
ool-44c0a5f3.dyn.optonline.net,New York City,New York,US,"40.7143,-74.0060",AS6128 Cablevision Systems Corp.,10001,America/New_York,
c-71-233-224-205.hsd1.ma.comcast.net,Methuen,Massachusetts,US,"42.7262,-71.1909","AS7922 Comcast Cable Communications, LLC",01844,America/New_York,
,Frankfort,Indiana,US,"40.2795,-86.5108","AS7922 Comcast Cable Communications, LLC",46041,America/Indiana/Indianapolis,
c-68-83-199-135.hsd1.mi.comcast.net,New Baltimore,Michigan,US,"42.6811,-82.7369","AS7922 Comcast Cable Communications, LLC",48047,America/Detroit,
c-66-176-94-16.hsd1.fl.comcast.net,Doral,Florida,US,"25.8195,-80.3553","AS7922 Comcast Cable Communications, LLC",33178,America/New_York,
syn-066-215-161-204.res.spectrum.com,Los Angeles,California,US,"34.1121,-118.2594",AS20115 Charter Communications LLC,90039,America/Los_Angeles,
,San Jose,California,US,"37.3394,-121.8950","AS7922 Comcast Cable Communications, LLC",95025,America/Los_Angeles,
ool-2f12b057.dyn.optonline.net,Long Beach,New York,US,"40.5884,-73.6579",AS6128 Cablevision Systems Corp.,11561,America/New_York,
,Montréal,Quebec,CA,"45.5005,-73.5684",,H3B,America/Toronto,
,Tseung Kwan O,Sai Kung,HK,"22.3279,114.2499",AS138415 Yancy Limited,999077,Asia/Hong_Kong,
dynamic.libertypr.net,Humacao,Humacao,PR,"18.1497,-65.8274",AS14638 Liberty Communications of Puerto Rico LLC,00791,America/Puerto_Rico,
dynamic-acs-24-154-197-24.zoominternet.net,Butler,Pennsylvania,US,"40.8612,-79.8953",AS27364 Armstrong,16003,America/New_York,
syn-024-193-111-167.res.spectrum.com,Elmont,New York,US,"40.7090,-73.7401",AS12271 Charter Communications Inc,11429,America/New_York,
,New York City,New York,US,"40.7143,-74.0060",AS9009 M247 Europe SRL,10001,America/New_York,
170.79.222.35.bc.googleusercontent.com,Council Bluffs,Iowa,US,"41.2619,-95.8608",AS396982 Google LLC,51502,America/Chicago,
,Djibouti,Djibouti,DJ,"11.5890,43.1450",AS30990 DJIBOUTI TELECOM S.A.,,Africa/Djibouti,
syn-047-038-186-116.res.spectrum.com,Fort Worth,Texas,US,"32.7233,-97.2690",AS20115 Charter Communications LLC,76105,America/Chicago,
syn-050-074-178-158.biz.spectrum.com,New York City,New York,US,"40.7339,-74.0054",AS12271 Charter Communications Inc,10014,America/New_York,
,Salinas,California,US,"36.6777,-121.6555","AS7922 Comcast Cable Communications, LLC",93902,America/Los_Angeles,
ec2-54-191-209-194.us-west-2.compute.amazonaws.com,Boardman,Oregon,US,"45.8399,-119.7006","AS16509 Amazon.com, Inc.",97818,America/Los_Angeles,
c-98-221-27-108.hsd1.nj.comcast.net,Long Branch,New Jersey,US,"40.3043,-73.9924","AS7922 Comcast Cable Communications, LLC",07740,America/New_York,
syn-174-087-088-031.res.spectrum.com,San Luis Obispo,California,US,"35.2635,-120.6509",AS20115 Charter Communications LLC,93401,America/Los_Angeles,
syn-172-115-230-235.res.spectrum.com,Temecula,California,US,"33.5217,-117.1286",AS20001 Charter Communications Inc,92591,America/Los_Angeles,
,Frankfort,Indiana,US,"40.2795,-86.5108","AS63060 ALTIUS Broadband, LLC",46041,America/Indiana/Indianapolis,
162-238-38-108.lightspeed.mmphtn.sbcglobal.net,Memphis,Tennessee,US,"35.0303,-90.0123","AS7018 AT&T Enterprises, LLC",38116,America/Chicago,
,Frankfurt am Main,Hesse,DE,"50.1155,8.6842","AS14061 DigitalOcean, LLC",60306,Europe/Berlin,
,North Bergen,New Jersey,US,"40.8043,-74.0121","AS14061 DigitalOcean, LLC",07047,America/New_York,
,Frankfurt am Main,Hesse,DE,"50.1155,8.6842","AS14061 DigitalOcean, LLC",60306,Europe/Berlin,
,Nassau,New Providence,BS,"25.0582,-77.3431",AS8014 Bahamas Telecommunications Corporation,,America/Nassau,
in-184-1-114-161.dhcp.embarqhsd.net,Monroe,Louisiana,US,"32.5286,-92.1061","AS209 CenturyLink Communications, LLC",71201,America/Chicago,
asylum.sapphyre.org,Las Vegas,Nevada,US,"36.1750,-115.1372",AS53667 FranTech Solutions,89111,America/Los_Angeles,
107-216-104-94.lightspeed.crchtx.sbcglobal.net,Corpus Christi,Texas,US,"27.7061,-97.3537","AS7018 AT&T Enterprises, LLC",78412,America/Chicago,
c-107-3-215-174.hsd1.ky.comcast.net,Campbellsville,Kentucky,US,"37.3434,-85.3419","AS7922 Comcast Cable Communications, LLC",42718,America/New_York,
pool-108-14-97-127.nycmny.fios.verizon.net,Oceanside,New York,US,"40.6387,-73.6401",AS701 Verizon Business,11572,America/New_York,
,Elk Grove Village,Illinois,US,"42.0076,-87.9931","AS20473 The Constant Company, LLC",60007,America/Chicago,
syn-104-172-221-048.res.spectrum.com,Carson,California,US,"33.7855,-118.2645",AS20001 Charter Communications Inc,90744,America/Los_Angeles,
ip-104-249-228-110.xplore.ca,Calgary,Alberta,CA,"51.0501,-114.0853",AS22995 Xplore Inc.,T3S,America/Edmonton,
syn-098-152-027-122.biz.spectrum.com,Hidden Hills,California,US,"34.2353,-118.5188",AS20001 Charter Communications Inc,91325,America/Los_Angeles,
,Ashburn,Virginia,US,"39.0437,-77.4875",AS3257 GTT Communications Inc.,20147,America/New_York,
c-76-108-199-153.hsd1.fl.comcast.net,Westchester,Florida,US,"25.7548,-80.3273","AS7922 Comcast Cable Communications, LLC",33144,America/New_York,
syn-076-084-135-048.res.spectrum.com,Lincoln,Nebraska,US,"40.8510,-96.7110",AS11427 Charter Communications Inc,68521,America/Chicago,
70-235-69-49.lightspeed.irvnca.sbcglobal.net,Los Angeles,California,US,"33.9551,-118.2901","AS7018 AT&T Enterprises, LLC",90044,America/Los_Angeles,
c-68-62-124-7.hsd1.al.comcast.net,Birmingham,Alabama,US,"33.5207,-86.8025","AS7922 Comcast Cable Communications, LLC",35201,America/Chicago,
c-69-136-158-39.hsd1.mi.comcast.net,Milford,Michigan,US,"42.5936,-83.5994","AS7922 Comcast Cable Communications, LLC",48381,America/Detroit,
,Princeton,British Columbia,CA,"49.4580,-120.5108",AS6327 Shaw Communications Inc.,V0X,America/Vancouver,
bras-base-drmbon3601w-grc-04-70-48-34-136.dsl.bell.ca,Oakville,Ontario,CA,"43.4501,-79.6829",AS577 Bell Canada,L6K,America/Toronto,
cbl-45-2-193-236.yhz.frontiernetworks.ca,Greenwood,Nova Scotia,CA,"44.9741,-64.9317",AS7311 Frontier Networks Inc,B0S,America/Halifax,
ec2-13-56-237-249.us-west-1.compute.amazonaws.com,San Jose,California,US,"37.3394,-121.8950","AS16509 Amazon.com, Inc.",95025,America/Los_Angeles,
,Washington,Virginia,US,"38.7135,-78.1594",AS8075 Microsoft Corporation,22747,America/New_York,
ec2-18-221-150-76.us-east-2.compute.amazonaws.com,Columbus,Ohio,US,"39.9612,-82.9988","AS16509 Amazon.com, Inc.",43215,America/New_York,
,Tseung Kwan O,Sai Kung,HK,"22.3279,114.2499",AS138415 Yancy Limited,999077,Asia/Hong_Kong,
,New York City,New York,US,"40.7143,-74.0060",,10001,America/New_York,
dynamic-acs-24-154-197-41.zoominternet.net,Butler,Pennsylvania,US,"40.8612,-79.8953",AS27364 Armstrong,16003,America/New_York,
119.167.90.34.bc.googleusercontent.com,Groningen,Groningen,NL,"53.2192,6.5667",AS396982 Google LLC,9711,Europe/Amsterdam,
syn-071-092-237-090.res.spectrum.com,Gilroy,California,US,"37.0139,-121.5773",AS20115 Charter Communications LLC,95020,America/Los_Angeles,
72-36-3-230.dynamic.range.net,Sheridan,Wyoming,US,"44.7972,-106.9562",AS30110 Advanced Communications Technology,82801,America/Denver,
hm-esr1-74-215-6-54.fuse.net,Cincinnati,Ohio,US,"39.1271,-84.5144",AS6181 Cincinnati Bell Telephone Company LLC,45219,America/New_York,
,Okotoks,Alberta,CA,"50.7289,-113.9828",AS6327 Shaw Communications Inc.,T1S,America/Edmonton,
,New York City,New York,US,"40.7143,-74.0060","AS19318 Interserver, Inc",10001,America/New_York,
ool-44c15a9c.dyn.optonline.net,New York City,New York,US,"40.7143,-74.0060",AS6128 Cablevision Systems Corp.,10001,America/New_York,
s153-248-68-64.ssvec.az.wi-power.com,Sierra Vista,Arizona,US,"31.5545,-110.3037",AS13904 Cherryland Services Inc,85671,America/Phoenix,
,Oistins,Christ Church,BB,"13.0707,-59.5464",AS14813 Columbus Telecommunications (Barbados) Limited,,America/Barbados,
,Nassau,New Providence,BS,"25.0582,-77.3431",AS15146 Cable Bahamas,,America/Nassau,
c-66-176-155-65.hsd1.fl.comcast.net,Cutler Bay,Florida,US,"25.5783,-80.3377","AS7922 Comcast Cable Communications, LLC",33189,America/New_York,
,Beckett,New Jersey,US,"39.7540,-75.3574","AS7922 Comcast Cable Communications, LLC",08085,America/New_York,
47-157-96-160.fdr01.covn.ca.ip.frontiernet.net,Covina,California,US,"34.0900,-117.8903","AS5650 Frontier Communications of America, Inc.",91723,America/Los_Angeles,
,Toronto,Ontario,CA,"43.7064,-79.3986","AS14061 DigitalOcean, LLC",M5A,America/Toronto,
pool-98-114-217-55.phlapa.fios.verizon.net,Philadelphia,Pennsylvania,US,"39.9524,-75.1636",AS701 Verizon Business,19099,America/New_York,
51.109.180.107.host.secureserver.net,Ashburn,Virginia,US,"39.0437,-77.4875","AS26496 GoDaddy.com, LLC",20147,America/New_York,
108-198-83-49.lightspeed.miamfl.sbcglobal.net,Miami,Florida,US,"25.7763,-80.2919","AS7018 AT&T Enterprises, LLC",33126,America/New_York,
,Toronto,Ontario,CA,"43.7064,-79.3986","AS14061 DigitalOcean, LLC",M5A,America/Toronto,
syn-172-101-225-121.res.spectrum.com,Rochester,New York,US,"43.1685,-77.6845",AS11351 Charter Communications Inc,14606,America/New_York,
wiseextol.com,Boston,Massachusetts,US,"42.3492,-71.0768","AS16509 Amazon.com, Inc.",02116,America/New_York,
,Laurens,South Carolina,US,"34.4990,-82.0143","AS19212 Piedmont Rural Telephone Cooperative, Incorporated",29360,America/New_York,
,Las Vegas,Nevada,US,"36.1750,-115.1372",AS53667 FranTech Solutions,89111,America/Los_Angeles,
modemcable002.12-202-24.mc.videotron.ca,Montréal,Quebec,CA,"45.5088,-73.5878",AS5769 Videotron Ltee,H3H,America/Toronto,
244.33.76.34.bc.googleusercontent.com,Brussels,Brussels Capital,BE,"50.8505,4.3488",AS396982 Google LLC,1000,Europe/Brussels,
36.21.240.35.bc.googleusercontent.com,Brussels,Brussels Capital,BE,"50.8505,4.3488",AS396982 Google LLC,1000,Europe/Brussels,
63.12.187.35.bc.googleusercontent.com,Brussels,Brussels Capital,BE,"50.8505,4.3488",AS396982 Google LLC,1000,Europe/Brussels,
33.22.240.35.bc.googleusercontent.com,Brussels,Brussels Capital,BE,"50.8505,4.3488",AS396982 Google LLC,1000,Europe/Brussels,
,Vega Baja,Vega Baja,PR,"18.4444,-66.3877",AS14638 Liberty Communications of Puerto Rico LLC,00693,America/Puerto_Rico,
dynamic.libertypr.net,San Juan,San Juan,PR,"18.4663,-66.1057",AS14638 Liberty Communications of Puerto Rico LLC,00901,America/Puerto_Rico,
36.87.76.34.bc.googleusercontent.com,Brussels,Brussels Capital,BE,"50.8505,4.3488",AS396982 Google LLC,1000,Europe/Brussels,
39.58.76.34.bc.googleusercontent.com,Brussels,Brussels Capital,BE,"50.8505,4.3488",AS396982 Google LLC,1000,Europe/Brussels,
,Sidon,Mississippi,US,"33.4082,-90.2040","AS7018 AT&T Enterprises, LLC",38954,America/Chicago,
21.225.241.35.bc.googleusercontent.com,Brussels,Brussels Capital,BE,"50.8505,4.3488",AS396982 Google LLC,1000,Europe/Brussels,
104-169-191-204.adr02.drhm.nc.ip.frontiernet.net,Durham,North Carolina,US,"35.9940,-78.8986","AS5650 Frontier Communications of America, Inc.",27701,America/New_York,
cpe-180-136.valp.net,Valparaiso,Florida,US,"30.5085,-86.5027",AS394859 Valparaiso Broadband Communication Systems,32580,America/Chicago,
cuscon44238.tstt.net.tt,Sangre Grande,Sangre Grande Regional Corporation,TT,"10.5870,-61.1301",AS5639 Telecommunication Services of Trinidad and Tobago,,America/Port_of_Spain,
,North Bergen,New Jersey,US,"40.8043,-74.0121","AS14061 DigitalOcean, LLC",07047,America/New_York,
,North Bergen,New Jersey,US,"40.8043,-74.0121","AS14061 DigitalOcean, LLC",07047,America/New_York,
repository.adv-tech.com,North Bergen,New Jersey,US,"40.8043,-74.0121","AS14061 DigitalOcean, LLC",07047,America/New_York,
,Singapore,Singapore,SG,"1.3215,103.6957","AS14061 DigitalOcean, LLC",627753,Asia/Singapore,
,North Bergen,New Jersey,US,"40.8043,-74.0121","AS14061 DigitalOcean, LLC",07047,America/New_York,
,North Bergen,New Jersey,US,"40.8043,-74.0121","AS14061 DigitalOcean, LLC",07047,America/New_York,
,North Bergen,New Jersey,US,"40.8043,-74.0121","AS14061 DigitalOcean, LLC",07047,America/New_York,
media.stevesoltys.com,North Bergen,New Jersey,US,"40.8043,-74.0121","AS14061 DigitalOcean, LLC",07047,America/New_York,
130-45-83-53.dyn.grandenetworks.net,Waco,Texas,US,"31.5493,-97.1467","AS7459 Grande Communications Networks, LLC",76701,America/Chicago,
,Paris,Île-de-France,FR,"48.8534,2.3488",AS212238 Datacamp Limited,75000,Europe/Paris,
exchange.hcde.org,Cleveland,Tennessee,US,"35.1595,-84.8766",AS11686 Education Networks of America,37320,America/New_York,
,Singapore,Singapore,SG,"1.2897,103.8501",AS59253 LEASEWEB SINGAPORE PTE. LTD.,018989,Asia/Singapore,
,Singapore,Singapore,SG,"1.2897,103.8501",AS59253 LEASEWEB SINGAPORE PTE. LTD.,018989,Asia/Singapore,
,Singapore,Singapore,SG,"1.2897,103.8501",AS59253 LEASEWEB SINGAPORE PTE. LTD.,018989,Asia/Singapore,
c-98-232-65-161.hsd1.wa.comcast.net,Bothell,Washington,US,"47.7623,-122.2054","AS7922 Comcast Cable Communications, LLC",98041,America/Los_Angeles,
,Honolulu,Hawaii,US,"21.3069,-157.8583",AS6360 University of Hawaii,96802,Pacific/Honolulu,
syn-068-113-090-097.res.spectrum.com,Northport,Alabama,US,"33.2723,-87.5825",AS20115 Charter Communications LLC,35473,America/Chicago,
,San Jose,California,US,"37.3394,-121.8950",AS54600 PEG TECH INC,95025,America/Los_Angeles,
c-75-71-193-116.hsd1.co.comcast.net,Thornton,Colorado,US,"39.8680,-104.9719","AS7922 Comcast Cable Communications, LLC",80241,America/Denver,
c-71-193-198-31.hsd1.or.comcast.net,Portland,Oregon,US,"45.5234,-122.6762","AS7922 Comcast Cable Communications, LLC",97204,America/Los_Angeles,
c-68-33-144-127.hsd1.de.comcast.net,Dover,Delaware,US,"39.1582,-75.5244","AS7922 Comcast Cable Communications, LLC",19905,America/New_York,
,Washington,Virginia,US,"38.7135,-78.1594",AS8075 Microsoft Corporation,22747,America/New_York,
47-149-140-33.fdr01.rdbh.ca.ip.frontiernet.net,Torrance,California,US,"33.8359,-118.3406","AS5650 Frontier Communications of America, Inc.",90503,America/Los_Angeles,
c-73-213-240-189.hsd1.md.comcast.net,Dale City,Virginia,US,"38.6371,-77.3111","AS7922 Comcast Cable Communications, LLC",22191,America/New_York,
syn-098-006-236-242.biz.spectrum.com,Round Rock,Texas,US,"30.5145,-97.6680",AS11427 Charter Communications Inc,78664,America/Chicago,
162-230-72-9.lightspeed.mssnks.sbcglobal.net,Marshall,Missouri,US,"39.1231,-93.1969","AS7018 AT&T Enterprises, LLC",65340,America/Chicago,
d173-183-240-51.abhsia.telus.net,Airdrie,Alberta,CA,"51.3001,-114.0353",AS852 TELUS Communications Inc.,T4B,America/Edmonton,
45-33-19-168.ip.linodeusercontent.com,Richardson,Texas,US,"32.9482,-96.7297",AS63949 Akamai Connected Cloud,75080,America/Chicago,
218.120.76.34.bc.googleusercontent.com,Brussels,Brussels Capital,BE,"50.8505,4.3488",AS396982 Google LLC,1000,Europe/Brussels,
ec2-3-16-192-5.us-east-2.compute.amazonaws.com,Columbus,Ohio,US,"39.9612,-82.9988","AS16509 Amazon.com, Inc.",43215,America/New_York,
ec2-18-191-36-2.us-east-2.compute.amazonaws.com,Columbus,Ohio,US,"39.9612,-82.9988","AS16509 Amazon.com, Inc.",43215,America/New_York,
23-125-223-93.lightspeed.irvnca.sbcglobal.net,Los Angeles,California,US,"34.0529,-118.2549","AS7018 AT&T Enterprises, LLC",90071,America/Los_Angeles,
d24-150-64-138.home.cgocable.net,Oakville,Ontario,CA,"43.4501,-79.6829",AS7992 Cogeco Connexion Inc.,L6K,America/Toronto,
syn-024-175-205-240.res.spectrum.com,El Paso,Texas,US,"31.8623,-106.5932",AS11427 Charter Communications Inc,79932,America/Denver,
syn-024-193-157-107.res.spectrum.com,University Gardens,New York,US,"40.7536,-73.8226",AS12271 Charter Communications Inc,11355,America/New_York,
,San Juan,San Juan,PR,"18.4663,-66.1057",AS14638 Liberty Communications of Puerto Rico LLC,00901,America/Puerto_Rico,
219.34.244.35.bc.googleusercontent.com,Mumbai,Maharashtra,IN,"19.0728,72.8826",AS396982 Google LLC,400017,Asia/Kolkata,
,Des Moines,Iowa,US,"41.6005,-93.6091",AS8075 Microsoft Corporation,50307,America/Chicago,
47-200-91-87.fdr01.venc.fl.ip.frontiernet.net,Plantation,Florida,US,"27.0681,-82.3729","AS5650 Frontier Communications of America, Inc.",33388,America/New_York,
47-198-231-117.tamp.fl.frontiernet.net,Ruskin,Florida,US,"27.7209,-82.4331","AS5650 Frontier Communications of America, Inc.",33575,America/New_York,
,Beverly,Massachusetts,US,"42.5584,-70.8800","AS7922 Comcast Cable Communications, LLC",01915,America/New_York,
d139-60-50-196.allwest.net,Rock Springs,Wyoming,US,"41.5875,-109.2029","AS13614 All West Communications, Inc.",82902,America/Denver,
c-73-214-214-250.hsd1.pa.comcast.net,Somerset,Pennsylvania,US,"40.0084,-79.0781","AS7922 Comcast Cable Communications, LLC",15501,America/New_York,
,Frankfurt am Main,Hesse,DE,"50.1155,8.6842","AS14061 DigitalOcean, LLC",60306,Europe/Berlin,
,Singapore,Singapore,SG,"1.3215,103.6957","AS14061 DigitalOcean, LLC",627753,Asia/Singapore,
host-71-7-251-107.public.eastlink.ca,Marystown,Newfoundland and Labrador,CA,"47.1666,-55.1483",AS11260 EastLink,,America/St_Johns,
c-73-44-78-29.hsd1.il.comcast.net,Palatine,Illinois,US,"42.1103,-88.0342","AS7922 Comcast Cable Communications, LLC",60067,America/Chicago,
syn-072-185-157-073.res.spectrum.com,Lakeland,Florida,US,"28.1479,-82.0372","AS33363 Charter Communications, Inc",33810,America/New_York,
c-73-0-162-194.hsd1.fl.comcast.net,Greenacres City,Florida,US,"26.6237,-80.1253","AS7922 Comcast Cable Communications, LLC",33454,America/New_York,
,Ashburn,Virginia,US,"39.0437,-77.4875",AS31898 Oracle Corporation,20147,America/New_York,
,Frankfurt am Main,Hesse,DE,"50.1155,8.6842","AS14061 DigitalOcean, LLC",60306,Europe/Berlin,
,Frankfurt am Main,Hesse,DE,"50.1155,8.6842","AS14061 DigitalOcean, LLC",60306,Europe/Berlin,
static.162.217.84.102.cyberlynk.net,Wauwatosa,Wisconsin,US,"43.0495,-88.0076","AS21554 Wisconsin CyberLynk Network, Inc.",53213,America/Chicago,
,Frankfurt am Main,Hesse,DE,"50.1155,8.6842","AS14061 DigitalOcean, LLC",60306,Europe/Berlin,
174-26-191-133.phnx.qwest.net,Phoenix,Arizona,US,"33.4484,-112.0740","AS209 CenturyLink Communications, LLC",85001,America/Phoenix,
d172-219-139-182.abhsia.telus.net,Brooks,Alberta,CA,"50.5834,-111.8851",AS852 TELUS Communications Inc.,T1R,America/Edmonton,
,Singapore,Singapore,SG,"1.2897,103.8501","AS16509 Amazon.com, Inc.",018989,Asia/Singapore,
157-131-100-32.fiber.dynamic.sonic.net,San Francisco,California,US,"37.7749,-122.4194",AS46375 Sonic Telecom LLC,94102,America/Los_Angeles,
,Seattle,Washington,US,"47.6062,-122.3321","AS10557 Connect Northwest Internet Services, LLC",98101,America/Los_Angeles,
,New York City,New York,US,"40.7143,-74.0060",AS55081 24 SHELLS,10001,America/New_York,
syn-065-034-076-156.res.spectrum.com,Largo,Florida,US,"27.8802,-82.7534","AS33363 Charter Communications, Inc",33773,America/New_York,
ip68-10-236-83.hr.hr.cox.net,Norfolk,Virginia,US,"36.8468,-76.2852",AS22773 Cox Communications Inc.,23510,America/New_York,
,Compton,California,US,"33.8959,-118.2201","AS29930 Towerstream I, Inc.",90223,America/Los_Angeles,
syn-066-068-242-051.res.spectrum.com,Dallas,Texas,US,"32.8250,-96.6784",AS11427 Charter Communications Inc,75228,America/Chicago,
syn-066-215-018-037.biz.spectrum.com,Pasadena,California,US,"34.1478,-118.1445",AS20115 Charter Communications LLC,91101,America/Los_Angeles,
static-71-120-84-46.frstil.dsl-w.verizon.net,Wilkes-Barre,Pennsylvania,US,"41.2459,-75.8813",AS701 Verizon Business,18701,America/New_York,
modemcable048.99-82-70.mc.videotron.ca,Longueuil,Quebec,CA,"45.5152,-73.4682",AS5769 Videotron Ltee,J4L,America/Toronto,
dynamic.libertypr.net,Bayamón,Bayamón,PR,"18.3986,-66.1557",AS14638 Liberty Communications of Puerto Rico LLC,00956,America/Puerto_Rico,
pool-70-20-53-146.man.east.myfairpoint.net,East Merrimack,New Hampshire,US,"42.8681,-71.4834","AS13977 Consolidated Communications, Inc.",03054,America/New_York,
c-73-2-221-170.hsd1.ms.comcast.net,Laurel,Mississippi,US,"31.6941,-89.1306","AS7922 Comcast Cable Communications, LLC",39440,America/Chicago,
c-73-121-3-79.hsd1.tn.comcast.net,Bulls Gap,Tennessee,US,"36.2570,-83.0860","AS7922 Comcast Cable Communications, LLC",37711,America/New_York,
c-71-202-168-224.hsd1.ca.comcast.net,Orcutt,California,US,"34.8653,-120.4360","AS7922 Comcast Cable Communications, LLC",93455,America/Los_Angeles,
216-24-70-24.access.naxs.com,Clifton Forge,Virginia,US,"37.8162,-79.8245","AS7795 LUMOS Networks, Inc.",24422,America/New_York,
host58.lan.jcnth.naxs.com,Lynchburg,Virginia,US,"37.3610,-79.0544","AS7795 LUMOS Networks, Inc.",24504,America/New_York,
m106.datasoft.ws,Boston,Massachusetts,US,"42.3492,-71.0768","AS16509 Amazon.com, Inc.",02116,America/New_York,
host-108-174-108-146.vabolt2.epbfi.com,Middle Valley,Tennessee,US,"35.1959,-85.1847",AS26827 EPB Fiber Optics,37384,America/New_York,
108-65-74-160.lightspeed.sntcca.sbcglobal.net,Palo Alto,California,US,"37.4419,-122.1430","AS7018 AT&T Enterprises, LLC",94301,America/Los_Angeles,
108-86-105-218.lightspeed.tukrga.sbcglobal.net,Atlanta,Georgia,US,"33.7278,-84.4232","AS7018 AT&T Enterprises, LLC",30310,America/New_York,
107-172-198-242-host.colocrossing.com,Elk Grove Village,Illinois,US,"42.0039,-87.9703",AS36352 HostPapa,60009,America/Chicago,
107-200-129-143.lightspeed.irvnca.sbcglobal.net,Torrance,California,US,"33.8268,-118.3118","AS7018 AT&T Enterprises, LLC",90501,America/Los_Angeles,
syn-107-011-046-037.res.spectrum.com,Powell,Ohio,US,"40.1578,-83.0752",AS10796 Charter Communications Inc,43065,America/New_York,
pool-98-113-174-231.nycmny.fios.verizon.net,New York City,New York,US,"40.7143,-74.0060",AS701 Verizon Business,10001,America/New_York,
99-190-101-159.lightspeed.irvnca.sbcglobal.net,Orange,California,US,"33.7877,-117.8423","AS7018 AT&T Enterprises, LLC",92866,America/Los_Angeles,
pool-99-235-142-241.cpe.net.cable.rogers.com,Brampton,Ontario,CA,"43.6834,-79.7663",AS812 Rogers Communications Canada Inc.,L6V,America/Toronto,
,Miami,Florida,US,"25.7743,-80.1937","AS7922 Comcast Cable Communications, LLC",33101,America/New_York,
,Rancho Cordova,California,US,"38.5891,-121.3027","AS7922 Comcast Cable Communications, LLC",95741,America/Los_Angeles,
,Coral Gables,Florida,US,"25.7215,-80.2684","AS7922 Comcast Cable Communications, LLC",33114,America/New_York,
,Helsinki,Uusimaa,FI,"60.1695,24.9354",AS207137 PacketHub S.A.,00100,Europe/Helsinki,
23-125-41-90.lightspeed.miamfl.sbcglobal.net,Miami,Florida,US,"25.7664,-80.2317","AS7018 AT&T Enterprises, LLC",33135,America/New_York,
47-149-56-185.fdr01.upld.ca.ip.frontiernet.net,Upland,California,US,"34.0975,-117.6484","AS5650 Frontier Communications of America, Inc.",91785,America/Los_Angeles,
149.28.195.250.vultrusercontent.com,Santa Clara,California,US,"37.3924,-121.9623","AS20473 The Constant Company, LLC",95054,America/Los_Angeles,
drmons0560w-142-134-66-181.dhcp-dynamic.fibreop.ns.bellaliant.net,Lower Sackville,Nova Scotia,CA,"44.7760,-63.6786",AS855 Bell Canada,B4C,America/Halifax,
,North Bergen,New Jersey,US,"40.8043,-74.0121","AS14061 DigitalOcean, LLC",07047,America/New_York,
,Frankfurt am Main,Hesse,DE,"50.1155,8.6842","AS14061 DigitalOcean, LLC",60306,Europe/Berlin,
syn-108-189-171-074.biz.spectrum.com,Wekiwa Springs,Florida,US,"28.6986,-81.4256","AS33363 Charter Communications, Inc",32779,America/New_York,
108-65-193-254.lightspeed.sntcca.sbcglobal.net,Milpitas,California,US,"37.4352,-121.8950","AS7018 AT&T Enterprises, LLC",95035,America/Los_Angeles,
108-74-200-87.lightspeed.iplsin.sbcglobal.net,Greenfield,Indiana,US,"39.7850,-85.7694","AS7018 AT&T Enterprises, LLC",46140,America/Indiana/Indianapolis,
108-89-144-77.lightspeed.cicril.sbcglobal.net,Plainfield,Illinois,US,"41.6270,-88.2040","AS7018 AT&T Enterprises, LLC",60544,America/Chicago,
syn-097-084-224-043.res.spectrum.com,Coldwater,Michigan,US,"41.9403,-85.0005",AS20115 Charter Communications LLC,49036,America/Detroit,
host2.technologylux.org,Las Vegas,Nevada,US,"36.1750,-115.1372",AS53667 FranTech Solutions,89111,America/Los_Angeles,
braveandstunning.com,Las Vegas,Nevada,US,"36.1750,-115.1372",AS53667 FranTech Solutions,89111,America/Los_Angeles,
mail.aliceimagina.com,Las Vegas,Nevada,US,"36.1725,-115.1414",AS53667 FranTech Solutions,89162,America/Los_Angeles,
smtp16.mib360realestate.com,Las Vegas,Nevada,US,"36.1750,-115.1372",AS53667 FranTech Solutions,89111,America/Los_Angeles,
server.hostingzero.cloud,Los Angeles,California,US,"34.0522,-118.2437","AS22611 InMotion Hosting, Inc.",90009,America/Los_Angeles,
1267379.cloudwaysapps.com,Toronto,Ontario,CA,"43.7064,-79.3986","AS14061 DigitalOcean, LLC",M5A,America/Toronto,
pool-173-50-123-34.nrflva.fios.verizon.net,Virginia Beach,Virginia,US,"36.8529,-75.9780",AS701 Verizon Business,23458,America/New_York,
syn-173-091-226-064.res.spectrum.com,Youngstown,Ohio,US,"41.1257,-80.6277",AS10796 Charter Communications Inc,44505,America/New_York,
c-174-54-253-63.hsd1.pa.comcast.net,Harrisburg,Pennsylvania,US,"40.2737,-76.8844","AS7922 Comcast Cable Communications, LLC",17102,America/New_York,
,Frankfurt am Main,Hesse,DE,"50.1155,8.6842","AS14061 DigitalOcean, LLC",60306,Europe/Berlin,
173-167-70-222-centralpennsylvania.hfc.comcastbusiness.net,Shillington,Pennsylvania,US,"40.3079,-75.9655","AS7922 Comcast Cable Communications, LLC",19607,America/New_York,
c-73-125-209-55.hsd1.fl.comcast.net,Tamarac,Florida,US,"26.2129,-80.2498","AS7922 Comcast Cable Communications, LLC",33321,America/New_York,
75-165-83-137.crls.qwest.net,Shippensburg,Pennsylvania,US,"40.0506,-77.5203",AS19901 Brightspeed,17257,America/New_York,
c-73-110-156-53.hsd1.il.comcast.net,Matteson,Illinois,US,"41.5039,-87.7131","AS7922 Comcast Cable Communications, LLC",60443,America/Chicago,
c-73-245-248-153.hsd1.fl.comcast.net,Port Saint Lucie,Florida,US,"27.2939,-80.3503","AS7922 Comcast Cable Communications, LLC",34985,America/New_York,
pool-74-108-100-253.nycmny.fios.verizon.net,Elmont,New York,US,"40.7009,-73.7129",AS701 Verizon Business,11003,America/New_York,
,Toronto,Ontario,CA,"43.7064,-79.3986",AS577 Bell Canada,M5A,America/Toronto,
syn-074-139-198-095.res.spectrum.com,Columbus,Ohio,US,"39.9444,-82.8903",AS10796 Charter Communications Inc,43227,America/New_York,
syn-072-188-149-196.biz.spectrum.com,Orlando,Florida,US,"28.5801,-81.4846","AS33363 Charter Communications, Inc",32818,America/New_York,
me-ss2-7bltoe.mailengine1.com,Montréal,Quebec,CA,"45.5088,-73.5878","AS16509 Amazon.com, Inc.",H3H,America/Toronto,
syn-070-060-104-243.biz.spectrum.com,Winston-Salem,North Carolina,US,"36.0425,-80.2609",AS11426 Charter Communications Inc,27127,America/New_York,
pool-96-253-22-76.prvdri.fios.verizon.net,South Kingstown,Rhode Island,US,"41.4472,-71.5249",AS701 Verizon Business,02879,America/New_York,
107-172-89-237-host.colocrossing.com,Santa Clara,California,US,"37.3541,-121.9552",AS36352 HostPapa,95050,America/Los_Angeles,
d23-17-115-84.abhsia.telus.net,Calgary,Alberta,CA,"51.0501,-114.0853",AS852 TELUS Communications Inc.,T3S,America/Edmonton,
,Nassau,New Providence,BS,"25.0582,-77.3431",AS15146 Cable Bahamas,,America/Nassau,
,Los Angeles,California,US,"34.0522,-118.2437",AS32945 Tekwerks Internet,90009,America/Los_Angeles,
ool-18bc2f8a.dyn.optonline.net,Brookville,New York,US,"40.8132,-73.5674",AS6128 Cablevision Systems Corp.,11545,America/New_York,
ip68-1-113-58.pn.at.cox.net,Pensacola,Florida,US,"30.4213,-87.2169",AS22773 Cox Communications Inc.,32501,America/Chicago,
,Santa Clara,California,US,"37.3483,-121.9844","AS14061 DigitalOcean, LLC",95051,America/Los_Angeles,
,Hillsborough,New Jersey,US,"40.4776,-74.6268","AS7922 Comcast Cable Communications, LLC",08844,America/New_York,
syn-074-136-241-025.res.spectrum.com,Geneva,Ohio,US,"39.6620,-82.4335",AS10796 Charter Communications Inc,44041,America/New_York,
pool-100-1-73-240.nwrknj.fios.verizon.net,Newark,New Jersey,US,"40.7357,-74.1724",AS701 Verizon Business,07102,America/New_York,
,Tseung Kwan O,Sai Kung,HK,"22.3279,114.2499",AS134548 DXTL Tseung Kwan O Service,999077,Asia/Hong_Kong,
,Clifton,New Jersey,US,"40.8344,-74.1377","AS14061 DigitalOcean, LLC",07014,America/New_York,
followizaddons.com,Toronto,Ontario,CA,"43.7064,-79.3986","AS14061 DigitalOcean, LLC",M5A,America/Toronto,
,Santa Clara,California,US,"37.3483,-121.9844","AS14061 DigitalOcean, LLC",95051,America/Los_Angeles,
,San Jose,California,US,"37.3394,-121.8950","AS7018 AT&T Enterprises, LLC",95025,America/Los_Angeles,
,San Juan,San Juan,PR,"18.4663,-66.1057",AS14979 Aeronet Wireless,00901,America/Puerto_Rico,
,Santa Clara,California,US,"37.3483,-121.9844","AS14061 DigitalOcean, LLC",95051,America/Los_Angeles,
,Northbrook,Illinois,US,"42.1275,-87.8290","AS7018 AT&T Enterprises, LLC",60065,America/Chicago,
,Santa Clara,California,US,"37.3541,-121.9552","AS132203 Tencent Building, Kejizhongyi Avenue",95050,America/Los_Angeles,
,Santa Clara,California,US,"37.3541,-121.9552","AS132203 Tencent Building, Kejizhongyi Avenue",95050,America/Los_Angeles,
syn-045-050-217-164.res.spectrum.com,Los Angeles,California,US,"34.0298,-118.3528",AS20001 Charter Communications Inc,90016,America/Los_Angeles,
,Toronto,Ontario,CA,"43.7064,-79.3986","AS54913 Kamatera, Inc.",M5A,America/Toronto,
ec2-54-83-93-226.compute-1.amazonaws.com,Ashburn,Virginia,US,"39.0437,-77.4875","AS14618 Amazon.com, Inc.",20147,America/New_York,
147.109.233.35.bc.googleusercontent.com,Brussels,Brussels Capital,BE,"50.8505,4.3488",AS396982 Google LLC,1000,Europe/Brussels,
60.53.240.35.bc.googleusercontent.com,Brussels,Brussels Capital,BE,"50.8505,4.3488",AS396982 Google LLC,1000,Europe/Brussels,
60.229.241.35.bc.googleusercontent.com,Brussels,Brussels Capital,BE,"50.8505,4.3488",AS396982 Google LLC,1000,Europe/Brussels,
79.32.187.35.bc.googleusercontent.com,Brussels,Brussels Capital,BE,"50.8505,4.3488",AS396982 Google LLC,1000,Europe/Brussels,
237.70.76.34.bc.googleusercontent.com,Brussels,Brussels Capital,BE,"50.8505,4.3488",AS396982 Google LLC,1000,Europe/Brussels,
h184-60-188-238.stgrut.dedicated.static.tds.net,Dammeron Valley,Utah,US,"37.3053,-113.6706",AS4181 TDS TELECOM,84783,America/Denver,
s0106a84e3f708f83.cg.shawcable.net,Calgary,Alberta,CA,"51.0501,-114.0853",AS6327 Shaw Communications Inc.,T3S,America/Edmonton,
,Jacksonville,Florida,US,"30.3322,-81.6556","AS7922 Comcast Cable Communications, LLC",32202,America/New_York,
syn-173-095-146-225.res.spectrum.com,Wake Forest,North Carolina,US,"35.9799,-78.5097",AS11426 Charter Communications Inc,27587,America/New_York,
pool-108-29-151-17.nycmny.fios.verizon.net,New York City,New York,US,"40.7143,-74.0060",AS701 Verizon Business,10001,America/New_York,
syn-098-150-068-080.res.spectrum.com,Palm Desert,California,US,"33.7225,-116.3770",AS20001 Charter Communications Inc,92260,America/Los_Angeles,
99-121-197-26.lightspeed.dybhfl.sbcglobal.net,Bunnell,Florida,US,"29.4661,-81.2578","AS7018 AT&T Enterprises, LLC",32110,America/New_York,
pool-100-37-52-138.nycmny.fios.verizon.net,New York City,New York,US,"40.7143,-74.0060",AS701 Verizon Business,10001,America/New_York,
207-224-35-130.hlrn.qwest.net,Golden,Colorado,US,"39.7555,-105.2211","AS209 CenturyLink Communications, LLC",80402,America/Denver,
,Kansas City,Missouri,US,"39.0997,-94.5786","AS32097 WholeSale Internet, Inc.",64170,America/Chicago,
,North Bergen,New Jersey,US,"40.8043,-74.0121","AS14061 DigitalOcean, LLC",07047,America/New_York,
syn-076-174-032-075.res.spectrum.com,Los Angeles,California,US,"34.1121,-118.2594",AS20001 Charter Communications Inc,90039,America/Los_Angeles,
syn-072-189-127-213.res.spectrum.com,Orlando,Florida,US,"28.4637,-81.3948","AS33363 Charter Communications, Inc",32809,America/New_York,
ip72-197-86-236.sd.sd.cox.net,San Diego,California,US,"32.7157,-117.1647",AS22773 Cox Communications Inc.,92101,America/Los_Angeles,
c-71-194-95-19.hsd1.in.comcast.net,East Chicago,Indiana,US,"41.6392,-87.4548","AS7922 Comcast Cable Communications, LLC",46312,America/Chicago,
71-208-83-75.ftmy.qwest.net,Charlotte Park,Florida,US,"26.9101,-82.0540","AS209 CenturyLink Communications, LLC",33950,America/New_York,
c-68-39-94-155.hsd1.in.comcast.net,Indianapolis,Indiana,US,"39.7684,-86.1580","AS7922 Comcast Cable Communications, LLC",46204,America/Indiana/Indianapolis,
209-36-178-69.gci.net,Anchorage,Alaska,US,"61.2181,-149.9003","AS8047 GENERAL COMMUNICATION, INC.",99509,America/Anchorage,
69-9-199-123-dynamic.midco.net,Saint Joseph,Minnesota,US,"45.5650,-94.3183",AS11232 Midcontinent Communications,56374,America/Chicago,
static-72-69-49-35.nycmny.fios.verizon.net,New York City,New York,US,"40.7143,-74.0060",AS701 Verizon Business,10001,America/New_York,
c-73-13-243-2.hsd1.pa.comcast.net,Philadelphia,Pennsylvania,US,"39.9524,-75.1636","AS7922 Comcast Cable Communications, LLC",19099,America/New_York,
66.220.176.169.rose.net,Moultrie,Georgia,US,"31.1799,-83.7891",AS16700 CNSNext,31776,America/New_York,
66-252-214-165.dhcp.fivearea.com,Muleshoe,Texas,US,"34.2265,-102.7238","AS29843 Five Area Systems, LLC",79347,America/Chicago,
66.42.108.151.vultrusercontent.com,Los Angeles,California,US,"34.0614,-118.2385","AS20473 The Constant Company, LLC",90012,America/Los_Angeles,
c-67-181-23-144.hsd1.ca.comcast.net,Roseville,California,US,"38.7521,-121.2880","AS7922 Comcast Cable Communications, LLC",95678,America/Los_Angeles,
,Calgary,Alberta,CA,"51.0823,-113.9578",AS6327 Shaw Communications Inc.,T1Y,America/Edmonton,
125.109-30-64.ftth.swbr.surewest.net,Sacramento,California,US,"38.5816,-121.4944","AS14051 Consolidated Communications, Inc.",94203,America/Los_Angeles,
87.86.199.104.bc.googleusercontent.com,Brussels,Brussels Capital,BE,"50.8505,4.3488",AS396982 Google LLC,1000,Europe/Brussels,
41-43-27-72-br2-dynamic-dsl.cwjamaica.com,Runaway Bay,Saint Ann Parish,JM,"18.4596,-77.3357",AS30689 FLOW,,America/Jamaica,
,Frankfurt am Main,Hesse,DE,"50.1155,8.6842","AS14061 DigitalOcean, LLC",60306,Europe/Berlin,
202.11.148.146.bc.googleusercontent.com,Brussels,Brussels Capital,BE,"50.8505,4.3488",AS396982 Google LLC,1000,Europe/Brussels,
,Toronto,Ontario,CA,"43.7064,-79.3986",AS396338 Altima Telecom,M5A,America/Toronto,
server.tfa18news.club,New York City,New York,US,"40.7143,-74.0060","AS19318 Interserver, Inc",10001,America/New_York,
,Seattle,Washington,US,"47.6151,-122.3447","AS29802 HIVELOCITY, Inc.",98121,America/Los_Angeles,
c-24-14-35-133.hsd1.il.comcast.net,Evanston,Illinois,US,"42.0411,-87.6901","AS7922 Comcast Cable Communications, LLC",60204,America/Chicago,
24-53-151-240.telesystem.us,Toledo,Ohio,US,"41.6028,-83.6292","AS26076 Block Line Systems, LLC",43614,America/New_York,
c-24-125-63-148.hsd1.ga.comcast.net,Atlanta,Georgia,US,"33.7490,-84.3880","AS7922 Comcast Cable Communications, LLC",30302,America/New_York,
client-23-254-217-239.hostwindsdns.com,Dallas,Texas,US,"32.7831,-96.8067",AS54290 Hostwinds LLC.,75201,America/Chicago,
ec2-54-193-70-208.us-west-1.compute.amazonaws.com,San Jose,California,US,"37.3394,-121.8950","AS16509 Amazon.com, Inc.",95025,America/Los_Angeles,
,Vaughan,Ontario,CA,"43.8361,-79.4983","AS30406 Think On, Inc.",L6A,America/Toronto,
syn-131-150-112-178.res.spectrum.com,Klamath Falls,Oregon,US,"42.2249,-121.7817",AS20115 Charter Communications LLC,97602,America/Los_Angeles,
25.96.211.130.bc.googleusercontent.com,Brussels,Brussels Capital,BE,"50.8505,4.3488",AS396982 Google LLC,1000,Europe/Brussels,
,Santa Clara,California,US,"37.3541,-121.9552","AS132203 Tencent Building, Kejizhongyi Avenue",95050,America/Los_Angeles,
,Santa Clara,California,US,"37.3541,-121.9552","AS132203 Tencent Building, Kejizhongyi Avenue",95050,America/Los_Angeles,
,Santa Clara,California,US,"37.3541,-121.9552","AS132203 Tencent Building, Kejizhongyi Avenue",95050,America/Los_Angeles,
,Quezon City,Metro Manila,PH,"14.6488,121.0509",AS17639 Converge ICT Solutions Inc.,1100,Asia/Manila,
,San Juan,San Juan,PR,"18.4663,-66.1057",AS14638 Liberty Communications of Puerto Rico LLC,00901,America/Puerto_Rico,
dynamic.libertypr.net,San Juan,San Juan,PR,"18.4663,-66.1057",AS14638 Liberty Communications of Puerto Rico LLC,00901,America/Puerto_Rico,
,San Sebastián,San Sebastián,PR,"18.3366,-66.9902",AS14638 Liberty Communications of Puerto Rico LLC,00685,America/Puerto_Rico,
,Jurong Town,Singapore,SG,"1.3342,103.7228",AS174 Cogent Communications,610063,Asia/Singapore,
syn-050-075-198-219.biz.spectrum.com,Inwood,New York,US,"40.6769,-73.8448",AS12271 Charter Communications Inc,11417,America/New_York,
,Santa Clara,California,US,"37.3541,-121.9552","AS132203 Tencent Building, Kejizhongyi Avenue",95050,America/Los_Angeles,
syn-071-015-127-214.biz.spectrum.com,Fort Worth,Texas,US,"32.7254,-97.3208",AS20115 Charter Communications LLC,76104,America/Chicago,
75-150-74-133-newengland.hfc.comcastbusiness.net,Cambridge,Massachusetts,US,"42.3751,-71.1056","AS7922 Comcast Cable Communications, LLC",02238,America/New_York,
,Sunbury,Pennsylvania,US,"40.8626,-76.7944",AS3737 PenTeleData Inc.,17801,America/New_York,
c-76-111-206-123.hsd1.fl.comcast.net,Country Club,Florida,US,"25.9481,-80.3170","AS7922 Comcast Cable Communications, LLC",33015,America/New_York,
d72-38-24-235.commercial1.cgocable.net,Hamilton,Ontario,CA,"43.2501,-79.8496",AS7992 Cogeco Connexion Inc.,L8M,America/Toronto,
c-73-32-167-33.hsd1.tx.comcast.net,Houston,Texas,US,"29.7633,-95.3633","AS7922 Comcast Cable Communications, LLC",77002,America/Chicago,
dsl-pool02-137.startelco.net,Delcambre,Louisiana,US,"29.9483,-91.9887",,70528,America/Chicago,
dynamic.libertypr.net,San Juan,San Juan,PR,"18.4663,-66.1057",AS14638 Liberty Communications of Puerto Rico LLC,00901,America/Puerto_Rico,
,Laval,Quebec,CA,"45.5699,-73.6920",AS577 Bell Canada,H7G,America/Toronto,
pool-71-163-44-79.washdc.fios.verizon.net,Beltsville,Maryland,US,"39.0348,-76.9075",AS701 Verizon Business,20704,America/New_York,
ool-43577893.dyn.optonline.net,New York City,New York,US,"40.7143,-74.0060",AS6128 Cablevision Systems Corp.,10001,America/New_York,
c-68-39-111-32.hsd1.in.comcast.net,Greenwood,Indiana,US,"39.6137,-86.1067","AS7922 Comcast Cable Communications, LLC",46143,America/Indiana/Indianapolis,
bras-base-sdbron9872w-grc-61-64-231-86-199.dsl.bell.ca,Cache Bay,Ontario,CA,"46.3668,-79.9830",AS577 Bell Canada,P2B,America/Toronto,
,Las Vegas,Nevada,US,"36.1008,-115.1365","AS53340 VegasNAP, LLC",89119,America/Los_Angeles,
,Tofino,British Columbia,CA,"49.1531,-125.9074",AS852 TELUS Communications Inc.,,America/Vancouver,
,Dallas,Texas,US,"32.8152,-96.8703",,75247,America/Chicago,
hargray-71.16.144.207.in-addr.arpa,Savannah,Georgia,US,"32.0835,-81.0998",AS400511 Clearwave Communications,31402,America/New_York,
,Omaha,Nebraska,US,"41.2563,-95.9404",AS14174 North Central Kansas Community Network Co.,68101,America/Chicago,
,Paris,Île-de-France,FR,"48.8534,2.3488",AS212238 Datacamp Limited,75000,Europe/Paris,
,Hidden Hills,California,US,"34.1993,-118.5983","AS7018 AT&T Enterprises, LLC",91303,America/Los_Angeles,
99-30-254-27.uvs.bkfdca.sbcglobal.net,Bakersfield,California,US,"35.3866,-119.0171","AS7018 AT&T Enterprises, LLC",93301,America/Los_Angeles,
104-10-180-238.lightspeed.sntcca.sbcglobal.net,Union City,California,US,"37.5958,-122.0191","AS7018 AT&T Enterprises, LLC",94587,America/Los_Angeles,
84.pool107-183-230.dynamic.orange.es,Madrid,Madrid,ES,"40.4133,-3.6939",AS12479 Orange Espagne SA,28014,Europe/Madrid,
pool-108-41-11-169.nycmny.fios.verizon.net,Kings Point,New York,US,"40.8198,-73.7351",AS701 Verizon Business,11024,America/New_York,
173-11-20-42-oregon.hfc.comcastbusiness.net,Salem,Oregon,US,"44.9429,-123.0351","AS7922 Comcast Cable Communications, LLC",97308,America/Los_Angeles,
,Santa Clara,California,US,"37.3541,-121.9552","AS132203 Tencent Building, Kejizhongyi Avenue",95050,America/Los_Angeles,
,Santa Clara,California,US,"37.3541,-121.9552","AS132203 Tencent Building, Kejizhongyi Avenue",95050,America/Los_Angeles,
,Frankfurt am Main,Hesse,DE,"50.1155,8.6842","AS14061 DigitalOcean, LLC",60306,Europe/Berlin,
,Kingston,Kingston,JM,"17.9970,-76.7936",AS30689 FLOW,,America/Jamaica,
,North Bergen,New Jersey,US,"40.8043,-74.0121","AS14061 DigitalOcean, LLC",07047,America/New_York,
ec2-54-208-125-189.compute-1.amazonaws.com,Ashburn,Virginia,US,"39.0437,-77.4875","AS14618 Amazon.com, Inc.",20147,America/New_York,
syn-047-007-066-094.res.spectrum.com,Thibodaux,Louisiana,US,"29.7992,-90.8096",AS20115 Charter Communications LLC,70301,America/Chicago,
syn-045-050-078-095.res.spectrum.com,Cypress,California,US,"33.8170,-118.0373",AS20001 Charter Communications Inc,90630,America/Los_Angeles,
ec2-18-188-202-119.us-east-2.compute.amazonaws.com,Columbus,Ohio,US,"39.9612,-82.9988","AS16509 Amazon.com, Inc.",43215,America/New_York,
,Portland,Oregon,US,"45.5234,-122.6762",AS40065 CNSERVERS LLC,97204,America/Los_Angeles,
91.68.easefunds.com,Seattle,Washington,US,"47.6062,-122.3321","AS16509 Amazon.com, Inc.",98101,America/Los_Angeles,
dynamic-acs-24-112-162-148.zoominternet.net,Proctorville,Ohio,US,"38.4370,-82.3771",AS27364 Armstrong,45669,America/New_York,
,Carolina,Carolina,PR,"18.3808,-65.9574",AS14638 Liberty Communications of Puerto Rico LLC,00983,America/Puerto_Rico,
c-24-14-194-133.hsd1.il.comcast.net,Dolton,Illinois,US,"41.6389,-87.6073","AS7922 Comcast Cable Communications, LLC",60419,America/Chicago,
,Nassau,New Providence,BS,"25.0582,-77.3431",AS15146 Cable Bahamas,,America/Nassau,
,Nassau,New Providence,BS,"25.0582,-77.3431",AS15146 Cable Bahamas,,America/Nassau,
,Seattle,Washington,US,"47.6062,-122.3321",AS174 Cogent Communications,98101,America/Los_Angeles,
,Santa Clara,California,US,"37.3541,-121.9552","AS132203 Tencent Building, Kejizhongyi Avenue",95050,America/Los_Angeles,
pool-100-38-253-177.nycmny.fios.verizon.net,New York City,New York,US,"40.7143,-74.0060",AS701 Verizon Business,10001,America/New_York,
c-73-151-100-25.hsd1.ca.comcast.net,Elk Grove,California,US,"38.4088,-121.3716","AS7922 Comcast Cable Communications, LLC",95759,America/Los_Angeles,
c-73-170-91-128.hsd1.ca.comcast.net,Rio Del Mar,California,US,"36.9683,-121.9002","AS7922 Comcast Cable Communications, LLC",95001,America/Los_Angeles,
72-34-118-193.lsanca.static.bb.race.com,Los Angeles,California,US,"34.0522,-118.2437","AS30041 Race Tech, LLC",90009,America/Los_Angeles,
72-34-118-195.lsanca.static.bb.race.com,Los Angeles,California,US,"34.0522,-118.2437","AS30041 Race Tech, LLC",90009,America/Los_Angeles,
bras-base-ssvlon3943w-grc-12-70-27-138-34.dsl.bell.ca,Leamington,Ontario,CA,"42.0501,-82.5998",AS577 Bell Canada,N8H,America/Toronto,
72-34-118-198.lsanca.static.bb.race.com,Los Angeles,California,US,"34.0522,-118.2437","AS30041 Race Tech, LLC",90009,America/Los_Angeles,
c-71-196-50-185.hsd1.fl.comcast.net,Miami,Florida,US,"25.7743,-80.1937","AS7922 Comcast Cable Communications, LLC",33101,America/New_York,
syn-068-114-090-111.res.spectrum.com,Oxford,Massachusetts,US,"42.1655,-71.8860",AS20115 Charter Communications LLC,01537,America/New_York,
d14-69-87-251.try.wideopenwest.com,Troy,Michigan,US,"42.6056,-83.1499",AS12083 WideOpenWest Finance LLC,48085,America/Detroit,
b32.idukkigolds.com,New York City,New York,US,"40.7143,-74.0060","AS19318 Interserver, Inc",10001,America/New_York,
cli-952219cf.wholesale.adamo.es,Washington,District of Columbia,US,"38.8951,-77.0364",AS174 Cogent Communications,20004,America/New_York,
,Portland,Oregon,US,"45.5234,-122.6762",AS40065 CNSERVERS LLC,97204,America/Los_Angeles,
pms.thermalhost.net,Las Vegas,Nevada,US,"36.1750,-115.1372",AS53667 FranTech Solutions,89111,America/Los_Angeles,
ip-206-123-203-218.static.fasttrackcomm.net,Durango,Colorado,US,"37.2753,-107.8801",AS30688 FastTrack Communications Inc.,81302,America/Denver,
modemcable094.47-179-173.mc.videotron.ca,Saint-Constant,Quebec,CA,"45.3668,-73.5659",AS5769 Videotron Ltee,J5A,America/Toronto,
,Las Vegas,Nevada,US,"36.1008,-115.1365","AS53340 VegasNAP, LLC",89119,America/Los_Angeles,
,Santa Clara,California,US,"37.3541,-121.9552","AS132203 Tencent Building, Kejizhongyi Avenue",95050,America/Los_Angeles,
,Santa Clara,California,US,"37.3541,-121.9552","AS132203 Tencent Building, Kejizhongyi Avenue",95050,America/Los_Angeles,
,Frankfurt am Main,Hesse,DE,"50.1155,8.6842","AS14061 DigitalOcean, LLC",60306,Europe/Berlin,
,Frankfurt am Main,Hesse,DE,"50.1155,8.6842","AS14061 DigitalOcean, LLC",60306,Europe/Berlin,
,North Bergen,New Jersey,US,"40.8043,-74.0121","AS14061 DigitalOcean, LLC",07047,America/New_York,
,Tseung Kwan O,Sai Kung,HK,"22.3279,114.2499",AS142403 YISU CLOUD LTD,999077,Asia/Hong_Kong,
cli-9522101d.wholesale.adamo.es,Washington,District of Columbia,US,"38.8951,-77.0364",AS174 Cogent Communications,20004,America/New_York,
cli-952218e7.wholesale.adamo.es,Washington,District of Columbia,US,"38.8951,-77.0364",AS174 Cogent Communications,20004,America/New_York,
,North Bergen,New Jersey,US,"40.8043,-74.0121","AS14061 DigitalOcean, LLC",07047,America/New_York,
db-mongodb-nyc1-vscan-66d82058.mongo.ondigitalocean.com,North Bergen,New Jersey,US,"40.8043,-74.0121","AS14061 DigitalOcean, LLC",07047,America/New_York,
,Gijón,Asturias,ES,"43.5357,-5.6615",AS174 Cogent Communications,33200,Europe/Madrid,
108-233-107-129.lightspeed.cicril.sbcglobal.net,Chicago,Illinois,US,"41.9209,-87.7043","AS7018 AT&T Enterprises, LLC",60647,America/Chicago,
pool-108-41-153-231.nycmny.fios.verizon.net,Holbrook,New York,US,"40.8123,-73.0784",AS701 Verizon Business,11741,America/New_York,
,North Bergen,New Jersey,US,"40.8043,-74.0121","AS14061 DigitalOcean, LLC",07047,America/New_York,
,North Bergen,New Jersey,US,"40.8043,-74.0121","AS14061 DigitalOcean, LLC",07047,America/New_York,
,Clifton,New Jersey,US,"40.8344,-74.1377","AS14061 DigitalOcean, LLC",07014,America/New_York,
,Moscow,Moscow,RU,"55.7522,37.6156",AS47913 Moshonkin Ilia Sergeevich,101000,Europe/Moscow,
,Spring City,Tennessee,US,"35.6920,-84.8608","AS54816 Spring City Cable TV, Inc",37381,America/New_York,
luan18.luanova.biz,Seattle,Washington,US,"47.6062,-122.3321",,98101,America/Los_Angeles,
64-253-28-64-253-28-51.cpe.sparklight.net,Perry,Georgia,US,"32.4582,-83.7316","AS22646 Hargray Communications Group, Inc.",31069,America/New_York,
ec2-54-177-128-174.us-west-1.compute.amazonaws.com,San Jose,California,US,"37.3394,-121.8950","AS16509 Amazon.com, Inc.",95025,America/Los_Angeles,
239.16.87.34.bc.googleusercontent.com,Singapore,Singapore,SG,"1.2897,103.8501",AS396982 Google LLC,018989,Asia/Singapore,
ec2-34-230-76-112.compute-1.amazonaws.com,Ashburn,Virginia,US,"39.0437,-77.4875","AS14618 Amazon.com, Inc.",20147,America/New_York,
87.23.199.35.bc.googleusercontent.com,Washington,District of Columbia,US,"38.8951,-77.0364",AS396982 Google LLC,20004,America/New_York,
static-96-226-245-202.dllstx.fios.frontiernet.net,Ashburn,Virginia,US,"39.0437,-77.4875",,20147,America/New_York,
,Santa Clara,California,US,"37.3541,-121.9552","AS132203 Tencent Building, Kejizhongyi Avenue",95050,America/Los_Angeles,
,Kansas City,Missouri,US,"39.0997,-94.5786",AS8560 IONOS SE,64106,America/Chicago,
76-219-229-25.lightspeed.irvnca.sbcglobal.net,Pasadena,California,US,"34.1478,-118.1445","AS7018 AT&T Enterprises, LLC",91101,America/Los_Angeles,
we.love.servers.at.ioflood.net,Phoenix,Arizona,US,"33.4484,-112.0740",AS53755 Input Output Flood LLC,85001,America/Phoenix,
219.235.169.192.host.secureserver.net,Phoenix,Arizona,US,"33.4484,-112.0740","AS26496 GoDaddy.com, LLC",85001,America/Phoenix,
,Frankfurt am Main,Hesse,DE,"50.1155,8.6842","AS14061 DigitalOcean, LLC",60306,Europe/Berlin,
db-mongodb-ad8327c6.mongo.ondigitalocean.com,Frankfurt am Main,Hesse,DE,"50.1155,8.6842","AS14061 DigitalOcean, LLC",60306,Europe/Berlin,
,Frankfurt am Main,Hesse,DE,"50.1155,8.6842","AS14061 DigitalOcean, LLC",60306,Europe/Berlin,
,Santa Clara,California,US,"37.3541,-121.9552","AS132203 Tencent Building, Kejizhongyi Avenue",95050,America/Los_Angeles,
,Santa Clara,California,US,"37.3541,-121.9552","AS132203 Tencent Building, Kejizhongyi Avenue",95050,America/Los_Angeles,
,Lelystad,Flevoland,NL,"52.5083,5.4750",AS57043 HOSTKEY B.V.,8224,Europe/Amsterdam,
149.248.60.58.vultrusercontent.com,Toronto,Ontario,CA,"43.7064,-79.3986","AS20473 The Constant Company, LLC",M5A,America/Toronto,
,Frankfurt am Main,Hesse,DE,"50.1155,8.6842","AS14061 DigitalOcean, LLC",60306,Europe/Berlin,
170-250-144-216.static.reverse.impreza.host,Dallas,Texas,US,"32.7831,-96.8067","AS46475 Limestone Networks, Inc.",75201,America/Chicago,
,Los Angeles,California,US,"34.0522,-118.2437","AS7018 AT&T Enterprises, LLC",90009,America/Los_Angeles,
,Ede,Gelderland,NL,"52.0409,5.6758",,6711,Europe/Amsterdam,
23-24-196-134-static.hfc.comcastbusiness.net,San Francisco,California,US,"37.7749,-122.4194","AS7922 Comcast Cable Communications, LLC",94102,America/Los_Angeles,
,San Germán,San Germán,PR,"18.0816,-67.0449",AS14638 Liberty Communications of Puerto Rico LLC,00683,America/Puerto_Rico,
80.17.233.35.bc.googleusercontent.com,Brussels,Brussels Capital,BE,"50.8505,4.3488",AS396982 Google LLC,1000,Europe/Brussels,
213.18.233.35.bc.googleusercontent.com,Brussels,Brussels Capital,BE,"50.8505,4.3488",AS396982 Google LLC,1000,Europe/Brussels,
11.46.240.35.bc.googleusercontent.com,Brussels,Brussels Capital,BE,"50.8505,4.3488",AS396982 Google LLC,1000,Europe/Brussels,
173.54.240.35.bc.googleusercontent.com,Brussels,Brussels Capital,BE,"50.8505,4.3488",AS396982 Google LLC,1000,Europe/Brussels,
145.64.226.35.bc.googleusercontent.com,Council Bluffs,Iowa,US,"41.2619,-95.8608",AS396982 Google LLC,51502,America/Chicago,
218.75.240.35.bc.googleusercontent.com,Brussels,Brussels Capital,BE,"50.8505,4.3488",AS396982 Google LLC,1000,Europe/Brussels,
249.203.241.35.bc.googleusercontent.com,Brussels,Brussels Capital,BE,"50.8505,4.3488",AS396982 Google LLC,1000,Europe/Brussels,
68.225.241.35.bc.googleusercontent.com,Brussels,Brussels Capital,BE,"50.8505,4.3488",AS396982 Google LLC,1000,Europe/Brussels,
104.180.187.35.bc.googleusercontent.com,Brussels,Brussels Capital,BE,"50.8505,4.3488",AS396982 Google LLC,1000,Europe/Brussels,
160.202.190.35.bc.googleusercontent.com,Brussels,Brussels Capital,BE,"50.8505,4.3488",AS396982 Google LLC,1000,Europe/Brussels,
22.124.202.35.bc.googleusercontent.com,Council Bluffs,Iowa,US,"41.2619,-95.8608",AS396982 Google LLC,51502,America/Chicago,
43.73.74.34.bc.googleusercontent.com,North Charleston,South Carolina,US,"32.8546,-79.9748",AS396982 Google LLC,29415,America/New_York,
127.244.76.34.bc.googleusercontent.com,Brussels,Brussels Capital,BE,"50.8505,4.3488",AS396982 Google LLC,1000,Europe/Brussels,
syn-024-175-198-016.res.spectrum.com,El Paso,Texas,US,"31.8623,-106.5932",AS11427 Charter Communications Inc,79932,America/Denver,
155.133.76.34.bc.googleusercontent.com,Brussels,Brussels Capital,BE,"50.8505,4.3488",AS396982 Google LLC,1000,Europe/Brussels,
205.119.233.35.bc.googleusercontent.com,Brussels,Brussels Capital,BE,"50.8505,4.3488",AS396982 Google LLC,1000,Europe/Brussels,
,Kingston,Ontario,CA,"44.2298,-76.4810",AS31983 Queen's University at Kingston,K7K,America/Toronto,
24-148-100-52.ip.mhcable.com,Oakdale,New York,US,"42.2512,-73.7801","AS32953 Mid-Hudson Cablevision, Inc.",11769,America/New_York,
c-76-114-101-81.hsd1.tn.comcast.net,Brentwood,Tennessee,US,"36.0331,-86.7828","AS7922 Comcast Cable Communications, LLC",37024,America/Chicago,
syn-076-176-057-246.res.spectrum.com,San Diego,California,US,"32.9652,-117.1213",AS20001 Charter Communications Inc,92129,America/Los_Angeles,
syn-098-014-067-044.res.spectrum.com,Middletown,New York,US,"41.4886,-74.3450",AS12271 Charter Communications Inc,10941,America/New_York,
ip72-211-200-153.oc.oc.cox.net,Rancho Santa Margarita,California,US,"33.6409,-117.6031",AS22773 Cox Communications Inc.,92688,America/Los_Angeles,
syn-072-031-020-250.res.spectrum.com,Livonia,Michigan,US,"42.3958,-83.3772","AS33363 Charter Communications, Inc",48154,America/Detroit,
72-34-118-203.lsanca.static.bb.race.com,Los Angeles,California,US,"34.0522,-118.2437","AS30041 Race Tech, LLC",90009,America/Los_Angeles,
pool-72-80-92-230.nycmny.fios.verizon.net,Woodmere,New York,US,"40.6320,-73.7126",AS701 Verizon Business,11598,America/New_York,
ool-44c33167.dyn.optonline.net,New York City,New York,US,"40.7143,-74.0060",AS6128 Cablevision Systems Corp.,10001,America/New_York,
ip-64-66-226-235.xplore.ca,Chatham,Ontario,CA,"42.4122,-82.1849",,N7L,America/Toronto,
c-66-229-72-188.hsd1.fl.comcast.net,Margate,Florida,US,"26.2445,-80.2064","AS7922 Comcast Cable Communications, LLC",33093,America/New_York,
173-15-58-166-illinois.hfc.comcastbusiness.net,Rockford,Illinois,US,"42.2711,-89.0940","AS7922 Comcast Cable Communications, LLC",61105,America/Chicago,
,Washington,Virginia,US,"38.7135,-78.1594",AS8075 Microsoft Corporation,22747,America/New_York,
c-67-169-245-230.hsd1.ut.comcast.net,Salt Lake City,Utah,US,"40.7608,-111.8911","AS7922 Comcast Cable Communications, LLC",84101,America/Denver,
pool-71-105-116-44.nycmny.fios.verizon.net,New York City,New York,US,"40.7143,-74.0060",AS701 Verizon Business,10001,America/New_York,
c-73-142-31-136.hsd1.ma.comcast.net,Brockton,Massachusetts,US,"42.0834,-71.0184","AS7922 Comcast Cable Communications, LLC",02303,America/New_York,
c-73-246-172-204.hsd1.il.comcast.net,Chicago,Illinois,US,"41.8500,-87.6500","AS7922 Comcast Cable Communications, LLC",60666,America/Chicago,
216-229-124-17.dhcp.sptc.net,Wolfforth,Texas,US,"33.5059,-102.0091","AS46694 South Plains Telephone Cooperative, Inc.",79382,America/Chicago,
ip-216-59-195-202.oneringnetworks.net,Dallas,Texas,US,"32.7831,-96.8067","AS35985 One Ring Networks, Inc.",75201,America/Chicago,
216-194-45-87.ny.ny.metconnect.net,Atlanta,Georgia,US,"33.7490,-84.3880",AS16524 MetTel,30302,America/New_York,
demmtsk.com,Ashburn,Virginia,US,"39.0437,-77.4875","AS26347 New Dream Network, LLC",20147,America/New_York,
,Houston,Texas,US,"29.7633,-95.3633","AS7922 Comcast Cable Communications, LLC",77002,America/Chicago,
ec2-54-187-3-168.us-west-2.compute.amazonaws.com,Boardman,Oregon,US,"45.8399,-119.7006","AS16509 Amazon.com, Inc.",97818,America/Los_Angeles,
,Ashburn,Virginia,US,"39.0437,-77.4875",AS31898 Oracle Corporation,20147,America/New_York,
,North Bergen,New Jersey,US,"40.8043,-74.0121","AS14061 DigitalOcean, LLC",07047,America/New_York,
,Singapore,Singapore,SG,"1.3215,103.6957","AS14061 DigitalOcean, LLC",627753,Asia/Singapore,
cbcsussexcommunity.com,London,England,GB,"51.5085,-0.1257","AS14061 DigitalOcean, LLC",E1W,Europe/London,
pool-98-109-154-92.nwrknj.fios.verizon.net,Jersey City,New Jersey,US,"40.7282,-74.0776",AS701 Verizon Business,07097,America/New_York,
host-173-252-19-0.public.eastlink.ca,Halifax,Nova Scotia,CA,"44.6427,-63.5769",AS11260 EastLink,B3J,America/Halifax,
,Lelystad,Flevoland,NL,"52.5083,5.4750",AS57043 HOSTKEY B.V.,8224,Europe/Amsterdam,
,Santa Clara,California,US,"37.3541,-121.9552","AS132203 Tencent Building, Kejizhongyi Avenue",95050,America/Los_Angeles,
,Santa Clara,California,US,"37.3483,-121.9844","AS14061 DigitalOcean, LLC",95051,America/Los_Angeles,
,Frankfurt am Main,Hesse,DE,"50.1155,8.6842","AS14061 DigitalOcean, LLC",60306,Europe/Berlin,
,Los Angeles,California,US,"34.0522,-118.2437",AS174 Cogent Communications,90009,America/Los_Angeles,
syn-047-036-062-085.res.spectrum.com,Athens,Georgia,US,"33.9461,-83.4180",AS20115 Charter Communications LLC,30606,America/New_York,
66.29.161.190.static.utbb.net,Salt Lake City,Utah,US,"40.7608,-111.8911",AS32808 Utah Broadband LLC,84101,America/Denver,
pool-96-247-193-211.clppva.fios.verizon.net,Falmouth,Virginia,US,"38.3240,-77.4683",AS701 Verizon Business,22405,America/New_York,
99-188-221-4.lightspeed.milwwi.sbcglobal.net,West Bend,Wisconsin,US,"43.4253,-88.1834","AS7018 AT&T Enterprises, LLC",53095,America/Chicago,
,Charlotte,North Carolina,US,"35.2271,-80.8431","AS7018 AT&T Enterprises, LLC",28202,America/New_York,
104-57-101-243.lightspeed.jcsnms.sbcglobal.net,DeRidder,Louisiana,US,"30.8463,-93.2891","AS7018 AT&T Enterprises, LLC",70634,America/Chicago,
,San Francisco,California,US,"37.7309,-122.3886","AS14061 DigitalOcean, LLC",94124,America/Los_Angeles,
65.74.199.104.bc.googleusercontent.com,Brussels,Brussels Capital,BE,"50.8505,4.3488",AS396982 Google LLC,1000,Europe/Brussels,
104-181-109-82.lightspeed.mssnks.sbcglobal.net,Bonner Springs,Kansas,US,"39.0597,-94.8836","AS7018 AT&T Enterprises, LLC",66012,America/Chicago,
client-104-168-253-203.hostwindsdns.com,Seattle,Washington,US,"47.6062,-122.3321",AS54290 Hostwinds LLC.,98101,America/Los_Angeles,
246.80.155.104.bc.googleusercontent.com,Brussels,Brussels Capital,BE,"50.8505,4.3488",AS396982 Google LLC,1000,Europe/Brussels,
108-92-168-130.lightspeed.crchtx.sbcglobal.net,Corpus Christi,Texas,US,"27.7262,-97.4078","AS7018 AT&T Enterprises, LLC",78415,America/Chicago,
108-250-69-164.lightspeed.irvnca.sbcglobal.net,Irvine,California,US,"33.6829,-117.8298","AS7018 AT&T Enterprises, LLC",92614,America/Los_Angeles,
,Bardstown,Kentucky,US,"37.8092,-85.4669","AS27202 City of Bardstown, Kentucky",40004,America/New_York,
ec2-18-224-20-69.us-east-2.compute.amazonaws.com,Columbus,Ohio,US,"39.9612,-82.9988","AS16509 Amazon.com, Inc.",43215,America/New_York,
unknown.ip-xfer.net,Chicago,Illinois,US,"41.8500,-87.6500",AS397270 NetInformatik Inc.,60666,America/Chicago,
,Austin,Texas,US,"30.2971,-97.8181","AS396365 DFI Resources, LLC.",78746,America/Chicago,
c-24-1-222-216.hsd1.il.comcast.net,Buffalo Grove,Illinois,US,"42.1514,-87.9598","AS7922 Comcast Cable Communications, LLC",60089,America/Chicago,
ool-18bc0234.dyn.optonline.net,New York City,New York,US,"40.7143,-74.0060",AS6128 Cablevision Systems Corp.,10001,America/New_York,
dynamic.libertypr.net,San Juan,San Juan,PR,"18.4663,-66.1057",AS14638 Liberty Communications of Puerto Rico LLC,00901,America/Puerto_Rico,
118.72.238.35.bc.googleusercontent.com,Council Bluffs,Iowa,US,"41.2619,-95.8608",AS396982 Google LLC,51502,America/Chicago,
138.72.240.35.bc.googleusercontent.com,Brussels,Brussels Capital,BE,"50.8505,4.3488",AS396982 Google LLC,1000,Europe/Brussels,
,Humacao,Humacao,PR,"18.1497,-65.8274",AS21559 OSNET Wireless,00791,America/Puerto_Rico,
,Enon,Virginia,US,"37.3307,-77.3228","AS7922 Comcast Cable Communications, LLC",23836,America/New_York,
448633.cloudwaysapps.com,Toronto,Ontario,CA,"43.7064,-79.3986","AS14061 DigitalOcean, LLC",M5A,America/Toronto,
,Westville,Nova Scotia,CA,"45.5669,-62.7153",AS22423 Altima Telecom,B2H,America/Halifax,
,Buffalo,New York,US,"42.8865,-78.8784","AS20278 Nexeon Technologies, Inc.",14202,America/New_York,
104-189-151-14.lightspeed.rcsntx.sbcglobal.net,Trophy Club,Texas,US,"32.9979,-97.1836","AS7018 AT&T Enterprises, LLC",76262,America/Chicago,
,Frankfurt am Main,Hesse,DE,"50.1155,8.6842","AS14061 DigitalOcean, LLC",60306,Europe/Berlin,
,Singapore,Singapore,SG,"1.3215,103.6957","AS14061 DigitalOcean, LLC",627753,Asia/Singapore,
173-27-224-128.client.mchsi.com,Cedar Rapids,Iowa,US,"42.0083,-91.6441",AS30036 Mediacom Communications Corp,52406,America/Chicago,
jvmanenos0.partnerwithroger.ga,Dallas,Texas,US,"32.7831,-96.8067",AS63018 Dedicated.com,75201,America/Chicago,
,Clifton,New Jersey,US,"40.8344,-74.1377","AS14061 DigitalOcean, LLC",07014,America/New_York,
dsl216-179.progressivetel.com,Phoenix,Arizona,US,"33.4484,-112.0740",AS6461 Zayo Bandwidth,85001,America/Phoenix,
192.227.121.233.hosted.at.cloudsouth.com,Miami,Florida,US,"25.7743,-80.1937",AS13886 Sipbound Corporation,33101,America/New_York,
mail5.jianshenbar.com,Buffalo,New York,US,"42.8865,-78.8784",AS36352 HostPapa,14202,America/New_York,
,Santa Clara,California,US,"37.3483,-121.9844","AS14061 DigitalOcean, LLC",95051,America/Los_Angeles,
216.199.68.5.nw.nuvox.net,Johns Creek,Georgia,US,"34.0289,-84.1986",AS7029 Windstream Communications LLC,30022,America/New_York,
,New York City,New York,US,"40.7143,-74.0060","AS36007 Kamatera, Inc.",10001,America/New_York,
mrtg-server.rahanet.af,Herāt,Herat,AF,"34.3482,62.1997",AS135376 Rahanet Internet Service Provider,,Asia/Kabul,
,Paris,Île-de-France,FR,"48.8534,2.3488",AS212238 Datacamp Limited,75000,Europe/Paris,
,New York City,New York,US,"40.7143,-74.0060",AS9009 M247 Europe SRL,10001,America/New_York,
syn-098-151-006-071.res.spectrum.com,Pearl City,Hawaii,US,"21.3973,-157.9752",AS20001 Charter Communications Inc,96782,Pacific/Honolulu,
ip98-183-255-17.hr.hr.cox.net,Norfolk,Virginia,US,"36.8468,-76.2852",AS22773 Cox Communications Inc.,23510,America/New_York,
c-98-225-166-49.hsd1.pa.comcast.net,Philadelphia,Pennsylvania,US,"39.9524,-75.1636","AS7922 Comcast Cable Communications, LLC",19099,America/New_York,
,Port Saint Lucie,Florida,US,"27.2939,-80.3503","AS7922 Comcast Cable Communications, LLC",34985,America/New_York,
syn-104-033-055-156.res.spectrum.com,Monrovia,California,US,"34.1481,-117.9989",AS20001 Charter Communications Inc,91016,America/Los_Angeles,
host-76-11-0-164.public.eastlink.ca,Charlottetown,Prince Edward Island,CA,"46.2346,-63.1256",AS11260 EastLink,C1C,America/Halifax,
,Kingston,Kingston,JM,"17.9970,-76.7936","AS23520 Columbus Networks USA, Inc.",,America/Jamaica,
72-34-118-197.lsanca.static.bb.race.com,Los Angeles,California,US,"34.0522,-118.2437","AS30041 Race Tech, LLC",90009,America/Los_Angeles,
c-73-19-208-41.hsd1.tn.comcast.net,Oak Ridge,Tennessee,US,"36.0104,-84.2696","AS7922 Comcast Cable Communications, LLC",37830,America/New_York,
c-73-204-83-156.hsd1.fl.comcast.net,Miami,Florida,US,"25.7743,-80.1937","AS7922 Comcast Cable Communications, LLC",33101,America/New_York,
syn-074-134-035-001.res.spectrum.com,Akron,Ohio,US,"41.1552,-81.6314",AS10796 Charter Communications Inc,44333,America/New_York,
69-209-2-124.lightspeed.sntcca.sbcglobal.net,San Bruno,California,US,"37.6305,-122.4111","AS7018 AT&T Enterprises, LLC",94066,America/Los_Angeles,
67-158-179-114.xhsi.kndrny.ccidns.net,Kinderhook,New York,US,"42.3954,-73.6979",AS14671 FairPoint Communications,12106,America/New_York,
,North Bergen,New Jersey,US,"40.8043,-74.0121","AS14061 DigitalOcean, LLC",07047,America/New_York,
67-211-142-187.unassigned.ntelos.net,Clifton Forge,Virginia,US,"37.8162,-79.8245","AS7795 LUMOS Networks, Inc.",24422,America/New_York,
,Los Angeles,California,US,"34.0522,-118.2437","AS23316 Bel Air Internet, LLC",90009,America/Los_Angeles,
ip68-8-68-34.sd.sd.cox.net,San Diego,California,US,"32.7157,-117.1647",AS22773 Cox Communications Inc.,92101,America/Los_Angeles,
66-102-87-140.cable.wtccommunications.net,Kingston,Ontario,CA,"44.2298,-76.4810",AS23252 WTC Communications,K7K,America/Toronto,
,Santa Clara,California,US,"37.3541,-121.9552","AS132203 Tencent Building, Kejizhongyi Avenue",95050,America/Los_Angeles,
47-148-102-39.fdr02.nrwl.ca.ip.frontiernet.net,Norwalk,California,US,"33.9022,-118.0817","AS5650 Frontier Communications of America, Inc.",90650,America/Los_Angeles,
8-19-245-25.level3.net,Oviedo,Florida,US,"28.6700,-81.2081","AS3356 Level 3 Parent, LLC",32765,America/New_York,
,Los Angeles,California,US,"34.0522,-118.2437",AS40065 CNSERVERS LLC,90009,America/Los_Angeles,
123.41.232.35.bc.googleusercontent.com,Council Bluffs,Iowa,US,"41.2619,-95.8608",AS396982 Google LLC,51502,America/Chicago,
,Sunny Isles Beach,Florida,US,"25.9506,-80.1228",AS23089 Hotwire Communications,33160,America/New_York,
hrt104.rahanet.af,Herāt,Herat,AF,"34.3482,62.1997",AS135376 Rahanet Internet Service Provider,,Asia/Kabul,
c-98-243-251-130.hsd1.mi.comcast.net,Sterling Heights,Michigan,US,"42.5803,-83.0302","AS7922 Comcast Cable Communications, LLC",48311,America/Detroit,
,Los Angeles,California,US,"34.0522,-118.2437",AS212238 Datacamp Limited,90009,America/Los_Angeles,
,Lake Butler,Florida,US,"28.5017,-81.5409",AS23314 Summit Broadband,32054,America/New_York,
72-34-118-196.lsanca.static.bb.race.com,Los Angeles,California,US,"34.0522,-118.2437","AS30041 Race Tech, LLC",90009,America/Los_Angeles,
c-73-115-12-86.hsd1.tx.comcast.net,Houston,Texas,US,"29.7633,-95.3633","AS7922 Comcast Cable Communications, LLC",77002,America/Chicago,
69-164-217-73.ip.linodeusercontent.com,Cedar Knolls,New Jersey,US,"40.8220,-74.4488",AS63949 Akamai Connected Cloud,07927,America/New_York,
c-73-166-249-137.hsd1.tx.comcast.net,Houston,Texas,US,"29.7633,-95.3633","AS7922 Comcast Cable Communications, LLC",77002,America/Chicago,
,Sharon,Massachusetts,US,"42.1237,-71.1787","AS7922 Comcast Cable Communications, LLC",02067,America/New_York,
syn-072-184-205-119.res.spectrum.com,Bradenton,Florida,US,"27.4394,-82.5778","AS33363 Charter Communications, Inc",34207,America/New_York,
syn-068-114-082-114.res.spectrum.com,Chicopee,Massachusetts,US,"42.1764,-72.5761",AS20115 Charter Communications LLC,01020,America/New_York,
,Secaucus,New Jersey,US,"40.7895,-74.0565",,07094,America/New_York,
ool-457a5861.dyn.optonline.net,East Northport,New York,US,"40.8768,-73.3246",AS6128 Cablevision Systems Corp.,11731,America/New_York,
ec2-54-185-185-244.us-west-2.compute.amazonaws.com,Boardman,Oregon,US,"45.8399,-119.7006","AS16509 Amazon.com, Inc.",97818,America/Los_Angeles,
,Miami,Florida,US,"25.7743,-80.1937","AS7922 Comcast Cable Communications, LLC",33101,America/New_York,
,Naples Park,Florida,US,"26.2617,-81.8093",AS23314 Summit Broadband,34108,America/New_York,
,North Bergen,New Jersey,US,"40.8043,-74.0121","AS14061 DigitalOcean, LLC",07047,America/New_York,
,Telluride,Colorado,US,"37.9375,-107.8123",AS394195 Clearnetworx,81435,America/Denver,
,Dallas,Texas,US,"32.7831,-96.8067",AS54994 Meteverse Limited.,75201,America/Chicago,
,Ashburn,Virginia,US,"39.0437,-77.4875",AS54994 Meteverse Limited.,20147,America/New_York,
,Los Angeles,California,US,"34.0522,-118.2437",AS54994 Meteverse Limited.,90009,America/Los_Angeles,
,Manila,Metro Manila,PH,"14.6042,120.9822",AS54994 Meteverse Limited.,1001,Asia/Manila,
,Chicago,Illinois,US,"41.8500,-87.6500",AS54994 Meteverse Limited.,60666,America/Chicago,
,Seattle,Washington,US,"47.6062,-122.3321",AS54994 Meteverse Limited.,98101,America/Los_Angeles,
,Warsaw,Mazovia,PL,"52.2298,21.0118",AS54994 Meteverse Limited.,00-002,Europe/Warsaw,
,Stockholm,Stockholm,SE,"59.3294,18.0687",AS54994 Meteverse Limited.,195 87,Europe/Stockholm,
,Madrid,Madrid,ES,"40.4165,-3.7026",AS54994 Meteverse Limited.,28004,Europe/Madrid,
,Milan,Lombardy,IT,"45.4643,9.1895",AS54994 Meteverse Limited.,20121,Europe/Rome,
,Paris,Île-de-France,FR,"48.8534,2.3488",AS54994 Meteverse Limited.,75000,Europe/Paris,
,Frankfurt am Main,Hesse,DE,"50.1155,8.6842","AS14061 DigitalOcean, LLC",60306,Europe/Berlin,
,Lelystad,Flevoland,NL,"52.5083,5.4750",AS54994 Meteverse Limited.,8224,Europe/Amsterdam,
,Montréal,Quebec,CA,"45.5088,-73.5878",AS54994 Meteverse Limited.,H3H,America/Toronto,
syn-172-249-254-016.res.spectrum.com,Compton,California,US,"33.8796,-118.2168",AS20001 Charter Communications Inc,90221,America/Los_Angeles,
ip-173-247-151-39.user.start.ca,Burlington,Ontario,CA,"43.3862,-79.8371",AS40788 Start Communications,L7R,America/Toronto,
wgqg.workpen.org,Chicago,Illinois,US,"41.8500,-87.6500",AS202015 HZ Hosting Ltd,60666,America/Chicago,
122-135-7-199.prinetime.com,Prineville,Oregon,US,"44.2998,-120.8345","AS53536 Prinetime Internet Solutions, LLC",97754,America/Los_Angeles,
237.63.233.35.bc.googleusercontent.com,Brussels,Brussels Capital,BE,"50.8505,4.3488",AS396982 Google LLC,1000,Europe/Brussels,
161.183.76.34.bc.googleusercontent.com,Brussels,Brussels Capital,BE,"50.8505,4.3488",AS396982 Google LLC,1000,Europe/Brussels,
18.224.76.34.bc.googleusercontent.com,Brussels,Brussels Capital,BE,"50.8505,4.3488",AS396982 Google LLC,1000,Europe/Brussels,
ec2-18-217-97-136.us-east-2.compute.amazonaws.com,Columbus,Ohio,US,"39.9612,-82.9988","AS16509 Amazon.com, Inc.",43215,America/New_York,
ip-24-54-83-29.user.start.ca,London,Ontario,CA,"42.9834,-81.2330",AS40788 Start Communications,N6B,America/Toronto,
,Brookdale,South Carolina,US,"33.5068,-80.8234","AS7018 AT&T Enterprises, LLC",29116,America/New_York,
231.186.241.35.bc.googleusercontent.com,Brussels,Brussels Capital,BE,"50.8505,4.3488",AS396982 Google LLC,1000,Europe/Brussels,
,San Sebastián,San Sebastián,PR,"18.3366,-66.9902",AS14638 Liberty Communications of Puerto Rico LLC,00685,America/Puerto_Rico,
c-73-229-49-163.hsd1.co.comcast.net,Denver,Colorado,US,"39.7392,-104.9847","AS7922 Comcast Cable Communications, LLC",80203,America/Denver,
,Cape Coral,Florida,US,"26.5629,-81.9495","AS7922 Comcast Cable Communications, LLC",33910,America/New_York,
72-34-118-185.lsanca.static.bb.race.com,Los Angeles,California,US,"34.0522,-118.2437","AS30041 Race Tech, LLC",90009,America/Los_Angeles,
dynamic.libertypr.net,Ponce,Ponce,PR,"18.0103,-66.6240",AS14638 Liberty Communications of Puerto Rico LLC,00716,America/Puerto_Rico,
69-161-16-185-radius.dynamic.acsalaska.net,Juneau,Alaska,US,"58.3019,-134.4197","AS7782 Alaska Communications Systems Group, Inc.",99802,America/Juneau,
,Oistins,Christ Church,BB,"13.0707,-59.5464",AS14813 Columbus Telecommunications (Barbados) Limited,,America/Barbados,
63-140-77-93-radius.dynamic.acsalaska.net,Anchorage,Alaska,US,"61.1900,-149.8938","AS7782 Alaska Communications Systems Group, Inc.",99503,America/Anchorage,
ip-64-66-226-234.xplore.ca,Chatham,Ontario,CA,"42.4122,-82.1849",,N7L,America/Toronto,
,Tulsa,Oklahoma,US,"36.1540,-95.9928",AS22747 TulsaConnect,74102,America/Chicago,
mindset-app.com,Los Angeles,California,US,"34.0559,-118.2666","AS29802 HIVELOCITY, Inc.",90017,America/Los_Angeles,
ip-66-186-232-209.dynamic.eatel.net,Baton Rouge,Louisiana,US,"30.4066,-91.1468",AS5009 REV,70808,America/Chicago,
,Moses Lake,Washington,US,"47.1301,-119.2781",AS8075 Microsoft Corporation,98837,America/Los_Angeles,
s0106f8a097eff9a8.vn.shawcable.net,North Vancouver,British Columbia,CA,"49.3164,-123.0693",AS6327 Shaw Communications Inc.,V7L,America/Vancouver,
syn-074-068-081-090.res.spectrum.com,New York City,New York,US,"40.7143,-74.0060",AS12271 Charter Communications Inc,10001,America/New_York,
,Clifton,New Jersey,US,"40.8344,-74.1377","AS14061 DigitalOcean, LLC",07014,America/New_York,
173-248-210-57.truvista.net,Chester,South Carolina,US,"34.7049,-81.2143",AS12208 TruVista Communications,29706,America/New_York,
,Newington,England,GB,"51.4988,-0.0930","AS16509 Amazon.com, Inc.",SE1,Europe/London,
pool-108-21-3-211.nycmny.east.verizon.net,New York City,New York,US,"40.7143,-74.0060",AS701 Verizon Business,10001,America/New_York,
syn-104-137-051-250.res.spectrum.com,Millbrook,Alabama,US,"32.4799,-86.3619","AS33363 Charter Communications, Inc",36054,America/Chicago,
58.102.155.104.bc.googleusercontent.com,Brussels,Brussels Capital,BE,"50.8505,4.3488",AS396982 Google LLC,1000,Europe/Brussels,
,Atlanta,Georgia,US,"33.7490,-84.3880","AS20141 Quality Technology Services, LLC",30302,America/New_York,
pool-100-35-223-152.nwrknj.fios.verizon.net,Jersey City,New Jersey,US,"40.7282,-74.0776",AS701 Verizon Business,07097,America/New_York,
,Atlanta,Georgia,US,"33.7490,-84.3880",AS212238 Datacamp Limited,30302,America/New_York,
,London,England,GB,"51.5085,-0.1257","AS14061 DigitalOcean, LLC",E1W,Europe/London,
,North Bergen,New Jersey,US,"40.8043,-74.0121","AS14061 DigitalOcean, LLC",07047,America/New_York,
,Singapore,Singapore,SG,"1.3215,103.6957","AS14061 DigitalOcean, LLC",627753,Asia/Singapore,
207.246.109.103.vultrusercontent.com,Los Angeles,California,US,"34.0614,-118.2385","AS20473 The Constant Company, LLC",90012,America/Los_Angeles,
412969.cloudwaysapps.com,London,England,GB,"51.5085,-0.1257","AS14061 DigitalOcean, LLC",E1W,Europe/London,
,Hong Kong,Hong Kong,HK,"22.2783,114.1747","AS150706 Hong Kong Zhengxing Technology Co., Ltd.",999077,Asia/Hong_Kong,
,North Bergen,New Jersey,US,"40.8043,-74.0121","AS14061 DigitalOcean, LLC",07047,America/New_York,
ec2-3-14-71-148.us-east-2.compute.amazonaws.com,Columbus,Ohio,US,"39.9612,-82.9988","AS16509 Amazon.com, Inc.",43215,America/New_York,
syn-024-107-241-143.res.spectrum.com,Dalton,Georgia,US,"34.7635,-84.9875",AS20115 Charter Communications LLC,30720,America/New_York,
24-119-182-246.cpe.sparklight.net,Sioux City,Iowa,US,"42.5000,-96.4003","AS11492 CABLE ONE, INC.",51101,America/Chicago,
120.208.190.35.bc.googleusercontent.com,Brussels,Brussels Capital,BE,"50.8505,4.3488",AS396982 Google LLC,1000,Europe/Brussels,
251.197.190.35.bc.googleusercontent.com,Brussels,Brussels Capital,BE,"50.8505,4.3488",AS396982 Google LLC,1000,Europe/Brussels,
17.196.190.35.bc.googleusercontent.com,Brussels,Brussels Capital,BE,"50.8505,4.3488",AS396982 Google LLC,1000,Europe/Brussels,
49.18.187.35.bc.googleusercontent.com,Brussels,Brussels Capital,BE,"50.8505,4.3488",AS396982 Google LLC,1000,Europe/Brussels,
68.127.187.35.bc.googleusercontent.com,Brussels,Brussels Capital,BE,"50.8505,4.3488",AS396982 Google LLC,1000,Europe/Brussels,
85.248.241.35.bc.googleusercontent.com,Brussels,Brussels Capital,BE,"50.8505,4.3488",AS396982 Google LLC,1000,Europe/Brussels,
210.211.241.35.bc.googleusercontent.com,Brussels,Brussels Capital,BE,"50.8505,4.3488",AS396982 Google LLC,1000,Europe/Brussels,
3.161.241.35.bc.googleusercontent.com,Brussels,Brussels Capital,BE,"50.8505,4.3488",AS396982 Google LLC,1000,Europe/Brussels,
229.23.240.35.bc.googleusercontent.com,Brussels,Brussels Capital,BE,"50.8505,4.3488",AS396982 Google LLC,1000,Europe/Brussels,
31.2.240.35.bc.googleusercontent.com,Brussels,Brussels Capital,BE,"50.8505,4.3488",AS396982 Google LLC,1000,Europe/Brussels,
199.98.233.35.bc.googleusercontent.com,Brussels,Brussels Capital,BE,"50.8505,4.3488",AS396982 Google LLC,1000,Europe/Brussels,
129.81.233.35.bc.googleusercontent.com,Brussels,Brussels Capital,BE,"50.8505,4.3488",AS396982 Google LLC,1000,Europe/Brussels,
12.39.233.35.bc.googleusercontent.com,Brussels,Brussels Capital,BE,"50.8505,4.3488",AS396982 Google LLC,1000,Europe/Brussels,
,San Juan,San Juan,PR,"18.4663,-66.1057",AS14638 Liberty Communications of Puerto Rico LLC,00901,America/Puerto_Rico,
108-193-6-103.lightspeed.sntcca.sbcglobal.net,San Mateo,California,US,"37.5395,-122.2998","AS7018 AT&T Enterprises, LLC",94403,America/Los_Angeles,
syn-074-139-240-244.res.spectrum.com,Louisville,Kentucky,US,"38.3045,-85.5815",AS10796 Charter Communications Inc,40241,America/Kentucky/Louisville,
72-34-118-187.lsanca.static.bb.race.com,Los Angeles,California,US,"34.0522,-118.2437","AS30041 Race Tech, LLC",90009,America/Los_Angeles,
c-73-144-155-21.hsd1.mi.comcast.net,Ann Arbor,Michigan,US,"42.2776,-83.7409","AS7922 Comcast Cable Communications, LLC",48109,America/Detroit,
c-73-212-135-211.hsd1.md.comcast.net,Clinton,Maryland,US,"38.7651,-76.8983","AS7922 Comcast Cable Communications, LLC",20735,America/New_York,
c-73-25-216-49.hsd1.or.comcast.net,Portland,Oregon,US,"45.5234,-122.6762","AS7922 Comcast Cable Communications, LLC",97204,America/Los_Angeles,
host-152-73.paphevo.philadelphia.pa.us.clients.pavlovmedia.net,Philadelphia,Pennsylvania,US,"39.9524,-75.1636",AS23473 PAVLOV MEDIA INC,19099,America/New_York,
ip68-5-202-169.oc.oc.cox.net,Rancho Santa Margarita,California,US,"33.6409,-117.6031",AS22773 Cox Communications Inc.,92688,America/Los_Angeles,
ip68-5-58-68.oc.oc.cox.net,Rancho Santa Margarita,California,US,"33.6409,-117.6031",AS22773 Cox Communications Inc.,92688,America/Los_Angeles,
ai01207217.gondtc.com,Devils Lake,North Dakota,US,"48.1128,-98.8651",AS14090 North Dakota Telephone Co.,58301,America/Chicago,
syn-065-026-048-043.res.spectrum.com,Smithville,Missouri,US,"39.3869,-94.5811",AS11427 Charter Communications Inc,64089,America/Chicago,
162-204-179-52.lightspeed.sndgca.sbcglobal.net,San Diego,California,US,"32.7157,-117.1647","AS7018 AT&T Enterprises, LLC",92101,America/Los_Angeles,
,Frankfurt am Main,Hesse,DE,"50.1155,8.6842",AS54994 Meteverse Limited.,60306,Europe/Berlin,
,Port Louis,Port Louis,MU,"-20.1619,57.4989",,,Indian/Mauritius,
,San Jose,California,US,"37.3394,-121.8950","AS7018 AT&T Enterprises, LLC",95025,America/Los_Angeles,
,San Jose,California,US,"37.3394,-121.8950","AS7018 AT&T Enterprises, LLC",95025,America/Los_Angeles,
oc-129-150-171-66.compute.oraclecloud.com,Phoenix,Arizona,US,"33.4665,-111.9984",AS31898 Oracle Corporation,85008,America/Phoenix,
,Seattle,Washington,US,"47.6062,-122.3321",AS43641 SOLLUTIUM EU Sp z.o.o.,98101,America/Los_Angeles,
syn-156-019-055-202.biz.spectrum.com,Anderson,South Carolina,US,"34.5261,-82.6304",AS20115 Charter Communications LLC,29621,America/New_York,
host-216-116-7-34.coastcommunications.com,Ocean Shores,Washington,US,"46.9737,-124.1563",AS55214 Coast Communications Company,98569,America/Los_Angeles,
ip147.ip-147-135-125.us,Ashburn,Virginia,US,"39.0437,-77.4875",AS16276 OVH SAS,20147,America/New_York,
,London,England,GB,"51.5085,-0.1257","AS14061 DigitalOcean, LLC",E1W,Europe/London,
,North Bergen,New Jersey,US,"40.8043,-74.0121","AS14061 DigitalOcean, LLC",07047,America/New_York,
,Albany,Georgia,US,"31.5785,-84.1557",AS31877 Accelecom,31703,America/New_York,
66-230-113-238-radius.dynamic.acsalaska.net,Soldotna,Alaska,US,"60.4878,-151.0583","AS7782 Alaska Communications Systems Group, Inc.",99669,America/Anchorage,
ool-43503933.dyn.optonline.net,New York City,New York,US,"40.7143,-74.0060",AS6128 Cablevision Systems Corp.,10001,America/New_York,
pool-68-134-144-45.bltmmd.fios.verizon.net,Owings Mills,Maryland,US,"39.4196,-76.7802",AS701 Verizon Business,21117,America/New_York,
,North Bergen,New Jersey,US,"40.8043,-74.0121","AS14061 DigitalOcean, LLC",07047,America/New_York,
syn-068-205-225-012.res.spectrum.com,Winter Park,Florida,US,"28.5974,-81.3036","AS33363 Charter Communications, Inc",32792,America/New_York,
,Aurora,Colorado,US,"39.7294,-104.8319","AS209 CenturyLink Communications, LLC",80040,America/Denver,
,Miami,Florida,US,"25.7743,-80.1937","AS23520 Columbus Networks USA, Inc.",33101,America/New_York,
50-192-35-134-static.hfc.comcastbusiness.net,Atlanta,Georgia,US,"33.7490,-84.3880","AS7922 Comcast Cable Communications, LLC",30302,America/New_York,
ool-2f107970.dyn.optonline.net,Hicksville,New York,US,"40.7684,-73.5251",AS6128 Cablevision Systems Corp.,11801,America/New_York,
47-185-134-40.fdr04.lwvl.tx.ip.frontiernet.net,Flower Mound,Texas,US,"33.0146,-97.0970","AS5650 Frontier Communications of America, Inc.",75022,America/Chicago,
250-218-245-216.static.reverse.lstn.net,Dallas,Texas,US,"32.7831,-96.8067","AS46475 Limestone Networks, Inc.",75201,America/Chicago,
syn-047-039-141-069.res.spectrum.com,Stockbridge,Georgia,US,"33.5443,-84.2338",AS20115 Charter Communications LLC,30281,America/New_York,
96-196-27-72-br2-static-dsl.cwjamaica.com,Kingston,Kingston,JM,"17.9970,-76.7936",AS30689 FLOW,,America/Jamaica,
,Mount Laurel,New Jersey,US,"39.9340,-74.8910","AS7922 Comcast Cable Communications, LLC",08054,America/New_York,
,Houston,Texas,US,"29.7633,-95.3633",AS174 Cogent Communications,77002,America/Chicago,
114.92.76.34.bc.googleusercontent.com,Brussels,Brussels Capital,BE,"50.8505,4.3488",AS396982 Google LLC,1000,Europe/Brussels,
130.78.76.34.bc.googleusercontent.com,Brussels,Brussels Capital,BE,"50.8505,4.3488",AS396982 Google LLC,1000,Europe/Brussels,
224.65.76.34.bc.googleusercontent.com,Brussels,Brussels Capital,BE,"50.8505,4.3488",AS396982 Google LLC,1000,Europe/Brussels,
32-215-113-254.lio03.mrdn.ct.ip.frontiernet.net,Norwich,Connecticut,US,"41.5243,-72.0759","AS46690 Southern New England Telephone Company and SNET America, Inc.",06360,America/New_York,
60.40.76.34.bc.googleusercontent.com,Brussels,Brussels Capital,BE,"50.8505,4.3488",AS396982 Google LLC,1000,Europe/Brussels,
55.38.76.34.bc.googleusercontent.com,Brussels,Brussels Capital,BE,"50.8505,4.3488",AS396982 Google LLC,1000,Europe/Brussels,
182.249.76.34.bc.googleusercontent.com,Brussels,Brussels Capital,BE,"50.8505,4.3488",AS396982 Google LLC,1000,Europe/Brussels,
224.243.76.34.bc.googleusercontent.com,Brussels,Brussels Capital,BE,"50.8505,4.3488",AS396982 Google LLC,1000,Europe/Brussels,
18.188.76.34.bc.googleusercontent.com,Brussels,Brussels Capital,BE,"50.8505,4.3488",AS396982 Google LLC,1000,Europe/Brussels,
211.155.76.34.bc.googleusercontent.com,Brussels,Brussels Capital,BE,"50.8505,4.3488",AS396982 Google LLC,1000,Europe/Brussels,
48.122.76.34.bc.googleusercontent.com,Brussels,Brussels Capital,BE,"50.8505,4.3488",AS396982 Google LLC,1000,Europe/Brussels,
syn-024-090-124-165.res.spectrum.com,Inwood,New York,US,"40.6769,-73.8448",AS12271 Charter Communications Inc,11417,America/New_York,
ool-182e9040.dyn.optonline.net,Tenafly,New Jersey,US,"40.9254,-73.9629",AS6128 Cablevision Systems Corp.,07670,America/New_York,
cnq33-241.cablevision.qc.ca,Val-d'Or,Quebec,CA,"48.0974,-77.7974",AS35911 Telebec,J9P,America/Toronto,
99-52-188-213.lightspeed.covlil.sbcglobal.net,Collinsville,Illinois,US,"38.6703,-89.9845","AS7018 AT&T Enterprises, LLC",62234,America/Chicago,
syn-098-015-120-054.res.spectrum.com,New York City,New York,US,"40.7239,-73.8997",AS12271 Charter Communications Inc,11378,America/New_York,
syn-097-093-103-093.res.spectrum.com,Glendale,California,US,"34.1425,-118.2551",AS20115 Charter Communications LLC,91204,America/Los_Angeles,
64.75.199.104.bc.googleusercontent.com,Brussels,Brussels Capital,BE,"50.8505,4.3488",AS396982 Google LLC,1000,Europe/Brussels,
95.22.155.104.bc.googleusercontent.com,Brussels,Brussels Capital,BE,"50.8505,4.3488",AS396982 Google LLC,1000,Europe/Brussels,
39.146.155.104.bc.googleusercontent.com,Council Bluffs,Iowa,US,"41.2619,-95.8608",AS396982 Google LLC,51502,America/Chicago,
244.12.148.146.bc.googleusercontent.com,Brussels,Brussels Capital,BE,"50.8505,4.3488",AS396982 Google LLC,1000,Europe/Brussels,
bras-base-london1502w-grc-06-142-122-109-28.dsl.bell.ca,London,Ontario,CA,"42.9834,-81.2330",AS577 Bell Canada,N6B,America/Toronto,
syn-173-088-216-094.res.spectrum.com,North Canton,Ohio,US,"40.8759,-81.4023",AS10796 Charter Communications Inc,44720,America/New_York,
pool-173-76-219-13.bstnma.fios.verizon.net,Methuen,Massachusetts,US,"42.7262,-71.1909",AS701 Verizon Business,01844,America/New_York,
syn-172-090-037-142.res.spectrum.com,La Mirada,California,US,"33.9067,-118.0101",AS20001 Charter Communications Inc,90638,America/Los_Angeles,
172-5-145-98.lightspeed.tukrga.sbcglobal.net,Hampton,Georgia,US,"33.3871,-84.2830","AS7018 AT&T Enterprises, LLC",30228,America/New_York,
172-245-135-210-host.colocrossing.com,Buffalo,New York,US,"42.8865,-78.8784",AS36352 HostPapa,14202,America/New_York,
184-98-157-148.phnx.qwest.net,Phoenix,Arizona,US,"33.4484,-112.0740","AS209 CenturyLink Communications, LLC",85001,America/Phoenix,
modemcable148.133-161-184.mc.videotron.ca,Gatineau,Quebec,CA,"45.4772,-75.7016",AS5769 Videotron Ltee,J8T,America/Toronto,
,Caguas,Caguas,PR,"18.2341,-66.0485",AS14638 Liberty Communications of Puerto Rico LLC,00725,America/Puerto_Rico,
227.6.187.35.bc.googleusercontent.com,Brussels,Brussels Capital,BE,"50.8505,4.3488",AS396982 Google LLC,1000,Europe/Brussels,
,Washington,Virginia,US,"38.7135,-78.1594",AS8075 Microsoft Corporation,22747,America/New_York,
syn-050-075-163-158.biz.spectrum.com,Rochester,New York,US,"43.1548,-77.6156",AS11351 Charter Communications Inc,14604,America/New_York,
host.prisvr3.com,Lansing,Michigan,US,"42.7325,-84.5555","AS32244 Liquid Web, L.L.C",48901,America/Detroit,
,San Jose,California,US,"37.3394,-121.8950","AS7922 Comcast Cable Communications, LLC",95025,America/Los_Angeles,
,Washington,Virginia,US,"38.7135,-78.1594",AS8075 Microsoft Corporation,22747,America/New_York,
ool-6039931a.static.optonline.net,Woodbury,New York,US,"41.3645,-74.1060",AS6128 Cablevision Systems Corp.,11797,America/New_York,
syn-097-068-162-170.biz.spectrum.com,Orlando,Florida,US,"28.5383,-81.3792","AS33363 Charter Communications, Inc",32801,America/New_York,
syn-097-090-068-069.biz.spectrum.com,Sunnyside,Washington,US,"46.3237,-120.0087",AS20115 Charter Communications LLC,98944,America/Los_Angeles,
c-98-207-138-67.hsd1.ca.comcast.net,Livermore,California,US,"37.6819,-121.7680","AS7922 Comcast Cable Communications, LLC",94550,America/Los_Angeles,
c-76-113-101-247.hsd1.nm.comcast.net,Albuquerque,New Mexico,US,"35.0845,-106.6511","AS7922 Comcast Cable Communications, LLC",87102,America/Denver,
,Kansas City,Missouri,US,"39.0997,-94.5786",AS8560 IONOS SE,64106,America/Chicago,
syn-074-064-110-203.res.spectrum.com,Yonkers,New York,US,"40.7975,-73.9683",AS12271 Charter Communications Inc,10025,America/New_York,
syn-074-064-151-111.res.spectrum.com,New York City,New York,US,"40.7571,-73.9657",AS12271 Charter Communications Inc,10022,America/New_York,
,Miami,Florida,US,"25.6615,-80.4410","AS7018 AT&T Enterprises, LLC",33196,America/New_York,
71-37-163-209.hstn.qwest.net,Decatur,Texas,US,"33.2343,-97.5861",AS19901 Brightspeed,76234,America/Chicago,
ool-44c424bd.dyn.optonline.net,New York City,New York,US,"40.7143,-74.0060",AS6128 Cablevision Systems Corp.,10001,America/New_York,
mail.ahhermel.com,Mankato,Minnesota,US,"44.1591,-94.0092","AS12042 Consolidated Communications, Inc.",56002,America/Chicago,
arpa-174.066.atl-001.abraxis.com,East Point,Georgia,US,"33.6795,-84.4394","AS7835 Abraxis Networks, Inc.",30344,America/New_York,
47-197-56-66.tamp.fl.frontiernet.net,Wesley Chapel,Florida,US,"28.2397,-82.3279","AS5650 Frontier Communications of America, Inc.",33543,America/New_York,
,Discovery Park,Tsuen Wan,HK,"22.3762,114.1114",AS17561 LARUS Limited,999077,Asia/Hong_Kong,True
,Seattle,Washington,US,"47.6062,-122.3321",AS43641 SOLLUTIUM EU Sp z.o.o.,98101,America/Los_Angeles,
184-98-110-116.phnx.qwest.net,Phoenix,Arizona,US,"33.4484,-112.0740","AS209 CenturyLink Communications, LLC",85001,America/Phoenix,
,Frankfurt am Main,Hesse,DE,"50.1155,8.6842","AS14061 DigitalOcean, LLC",60306,Europe/Berlin,
,Frankfurt am Main,Hesse,DE,"50.1155,8.6842","AS14061 DigitalOcean, LLC",60306,Europe/Berlin,
vps.munhozcontabilidade.com.br,Atlanta,Georgia,US,"33.7490,-84.3880","AS19871 Network Solutions, LLC",30302,America/New_York,
client-142-11-242-218.hostwindsdns.com,Dallas,Texas,US,"32.7831,-96.8067",AS54290 Hostwinds LLC.,75201,America/Chicago,
,Ashburn,Virginia,US,"39.0437,-77.4875",AS31898 Oracle Corporation,20147,America/New_York,
,Singapore,Singapore,SG,"1.3215,103.6957","AS14061 DigitalOcean, LLC",627753,Asia/Singapore,
ns02.firmseek.net,Washington,District of Columbia,US,"38.8951,-77.0364","AS30633 Leaseweb USA, Inc.",20004,America/New_York,
,Dallas,Texas,US,"32.8152,-96.8703",AS931 Hyonix,75247,America/Chicago,
149.28.102.64.vultrusercontent.com,Miami,Florida,US,"25.8130,-80.2320","AS20473 The Constant Company, LLC",33142,America/New_York,
,Frankfurt am Main,Hesse,DE,"50.1155,8.6842","AS14061 DigitalOcean, LLC",60306,Europe/Berlin,
s176-248-238-216.lyn.tx.wi-power.com,Tahoka,Texas,US,"33.1668,-101.7938",AS13904 Cherryland Services Inc,79373,America/Chicago,
ec2-54-82-94-173.compute-1.amazonaws.com,Ashburn,Virginia,US,"39.0437,-77.4875","AS14618 Amazon.com, Inc.",20147,America/New_York,
47-145-103-106.fdr01.arts.ca.ip.frontiernet.net,Cerritos,California,US,"33.8584,-118.0648","AS5650 Frontier Communications of America, Inc.",90703,America/Los_Angeles,
,Dallas,Texas,US,"32.7831,-96.8067",AS33070 Rackspace Hosting,75201,America/Chicago,
182.100.76.34.bc.googleusercontent.com,Brussels,Brussels Capital,BE,"50.8505,4.3488",AS396982 Google LLC,1000,Europe/Brussels,
47-148-101-45.fdr02.nrwl.ca.ip.frontiernet.net,Cerritos,California,US,"33.8584,-118.0648","AS5650 Frontier Communications of America, Inc.",90703,America/Los_Angeles,
,New York City,New York,US,"40.7143,-74.0060","AS36007 Kamatera, Inc.",10001,America/New_York,
drmons0552w-142-167-42-239.dhcp-dynamic.fibreop.ns.bellaliant.net,Dartmouth,Nova Scotia,CA,"44.6713,-63.5772",AS855 Bell Canada,B3A,America/Halifax,
1422763.cloudwaysapps.com,Singapore,Singapore,SG,"1.3215,103.6957","AS14061 DigitalOcean, LLC",627753,Asia/Singapore,
wod4.inherent.us,Buffalo,New York,US,"42.8865,-78.8784",AS36352 HostPapa,14202,America/New_York,
syn-108-189-102-139.biz.spectrum.com,Lutz,Florida,US,"28.1511,-82.4615","AS33363 Charter Communications, Inc",33549,America/New_York,
108-70-113-252.lightspeed.miamfl.sbcglobal.net,Hollywood,Florida,US,"26.0296,-80.2489","AS7018 AT&T Enterprises, LLC",33024,America/New_York,
,North Bergen,New Jersey,US,"40.8043,-74.0121","AS14061 DigitalOcean, LLC",07047,America/New_York,
104-2-211-240.lightspeed.bcvloh.sbcglobal.net,North Olmsted,Ohio,US,"41.4156,-81.9235","AS7018 AT&T Enterprises, LLC",44070,America/New_York,
h149.83.16.98.dynamic.ip.windstream.net,Columbus,Ohio,US,"39.9612,-82.9988",AS7029 Windstream Communications LLC,43215,America/New_York,
,Memphis,Tennessee,US,"35.1495,-90.0490","AS7922 Comcast Cable Communications, LLC",37544,America/Chicago,
static-75-76-64-191.oh.cpe.breezeline.net,Columbus,Ohio,US,"39.9612,-82.9988",AS11776 Breezeline,43215,America/New_York,
syn-076-173-227-059.res.spectrum.com,Honolulu,Hawaii,US,"21.3488,-157.8759",AS20001 Charter Communications Inc,96819,Pacific/Honolulu,
,Santa Clara,California,US,"37.3483,-121.9844","AS14061 DigitalOcean, LLC",95051,America/Los_Angeles,
c-73-75-67-220.hsd1.il.comcast.net,Elgin,Illinois,US,"42.0373,-88.2812","AS7922 Comcast Cable Communications, LLC",60121,America/Chicago,
,Washington,District of Columbia,US,"38.8951,-77.0364","AS7922 Comcast Cable Communications, LLC",20004,America/New_York,
,New York City,New York,US,"40.7143,-74.0060","AS7922 Comcast Cable Communications, LLC",10001,America/New_York,
c-98-227-87-90.hsd1.il.comcast.net,Rockford,Illinois,US,"42.2711,-89.0940","AS7922 Comcast Cable Communications, LLC",61105,America/Chicago,
,New York City,New York,US,"40.7143,-74.0060","AS36007 Kamatera, Inc.",10001,America/New_York,
kess-ha.kesspay.io,Singapore,Singapore,SG,"1.3215,103.6957","AS14061 DigitalOcean, LLC",627753,Asia/Singapore,
jvmanenos2.partnerwithroger.ga,Dallas,Texas,US,"32.7831,-96.8067",AS63018 Dedicated.com,75201,America/Chicago,
,Bratislava,Bratislava Region,SK,"48.1482,17.1067",AS44477 STARK INDUSTRIES SOLUTIONS LTD,840 02,Europe/Bratislava,
,San Jose,California,US,"37.3394,-121.8950","AS7018 AT&T Enterprises, LLC",95025,America/Los_Angeles,
,San Jose,California,US,"37.3394,-121.8950","AS7018 AT&T Enterprises, LLC",95025,America/Los_Angeles,
c-192-223-29-215.premium-dallas.nfoservers.com,Dallas,Texas,US,"32.7831,-96.8067","AS400475 Nuclearfallout Enterprises, Inc.",75201,America/Chicago,
,Ashburn,Virginia,US,"39.0437,-77.4875",AS701 Verizon Business,20147,America/New_York,
,Beauharnois,Quebec,CA,"45.3134,-73.8725",AS16276 OVH SAS,J6N,America/Toronto,
,Carlsbad,California,US,"33.1581,-117.3506","AS7018 AT&T Enterprises, LLC",92013,America/Los_Angeles,
,San Jose,California,US,"37.3394,-121.8950",AS8075 Microsoft Corporation,95025,America/Los_Angeles,
,Pelham,New Hampshire,US,"42.7345,-71.3245","AS7922 Comcast Cable Communications, LLC",03076,America/New_York,
203-16-237-24.gci.net,Juneau,Alaska,US,"58.3019,-134.4197","AS8047 GENERAL COMMUNICATION, INC.",99802,America/Juneau,
23-114-228-203.lightspeed.tukrga.sbcglobal.net,Smyrna,Georgia,US,"33.8840,-84.5144","AS7018 AT&T Enterprises, LLC",30080,America/New_York,
c-24-5-238-63.hsd1.ca.comcast.net,Petaluma,California,US,"38.2324,-122.6367","AS7922 Comcast Cable Communications, LLC",94953,America/Los_Angeles,
ool-18ba8cc4.dyn.optonline.net,New York City,New York,US,"40.7143,-74.0060",AS6128 Cablevision Systems Corp.,10001,America/New_York,
2.56.62.50.host.secureserver.net,Tempe,Arizona,US,"33.4148,-111.9093","AS26496 GoDaddy.com, LLC",85285,America/Phoenix,
63-58-143-63.static.reverse.lstn.net,Dallas,Texas,US,"32.7831,-96.8067","AS46475 Limestone Networks, Inc.",75201,America/Chicago,
66-228-43-176.ip.linodeusercontent.com,Cedar Knolls,New Jersey,US,"40.8220,-74.4488",AS63949 Akamai Connected Cloud,07927,America/New_York,
syn-068-201-014-050.res.spectrum.com,Wichita Falls,Texas,US,"33.9519,-98.5145",AS11427 Charter Communications Inc,76306,America/Chicago,
,Santa Clara,California,US,"37.3541,-121.9552","AS132203 Tencent Building, Kejizhongyi Avenue",95050,America/Los_Angeles,
,Bridgetown,Saint Michael,BB,"13.1073,-59.6202",AS46650 Columbus Communications Grenada Ltd.,,America/Barbados,
,Santa Clara,California,US,"37.3541,-121.9552",AS174 Cogent Communications,95050,America/Los_Angeles,
,Amsterdam,North Holland,NL,"52.3740,4.8897",AS8075 Microsoft Corporation,1012,Europe/Amsterdam,
syn-067-254-010-047.res.spectrum.com,New York City,New York,US,"40.7764,-73.9827",AS12271 Charter Communications Inc,10023,America/New_York,
,North Bergen,New Jersey,US,"40.8043,-74.0121","AS14061 DigitalOcean, LLC",07047,America/New_York,
,North Bergen,New Jersey,US,"40.8043,-74.0121","AS14061 DigitalOcean, LLC",07047,America/New_York,
w91.datasoft.ws,Nassau,New Providence,BS,"25.0582,-77.3431",AS26929 Colina Insurance Limited,,America/Nassau,
,Fowler,Colorado,US,"38.1292,-104.0233","AS16832 Secom, Inc",81039,America/Denver,
,Frankfurt am Main,Hesse,DE,"50.1155,8.6842","AS14061 DigitalOcean, LLC",60306,Europe/Berlin,
,Toronto,Ontario,CA,"43.7064,-79.3986","AS14061 DigitalOcean, LLC",M5A,America/Toronto,
35.141.148.132.host.secureserver.net,Phoenix,Arizona,US,"33.4484,-112.0740","AS26496 GoDaddy.com, LLC",85001,America/Phoenix,
162-205-201-182.lightspeed.tukrga.sbcglobal.net,Woodstock,Georgia,US,"34.1015,-84.5194","AS7018 AT&T Enterprises, LLC",30188,America/New_York,
,Frankfurt am Main,Hesse,DE,"50.1155,8.6842","AS14061 DigitalOcean, LLC",60306,Europe/Berlin,
,Piscataway,New Jersey,US,"40.4993,-74.3990",AS23470 ReliableSite.Net LLC,08854,America/New_York,
,Clifton,New Jersey,US,"40.8344,-74.1377","AS14061 DigitalOcean, LLC",07014,America/New_York,
108-222-30-27.lightspeed.miamfl.sbcglobal.net,Pompano Beach,Florida,US,"26.2343,-80.0941","AS7018 AT&T Enterprises, LLC",33062,America/New_York,
,Vancouver,British Columbia,CA,"49.2497,-123.1193",AS852 TELUS Communications Inc.,V5Y,America/Vancouver,
,Irving,Texas,US,"32.8140,-96.9489",AS36070 NCH Corporation,75059,America/Chicago,
131-191-12-44.click-network.com,Tacoma,Washington,US,"47.2529,-122.4443",AS14677 City of Tacoma,98401,America/Los_Angeles,
,Rochester,New York,US,"43.1548,-77.6156",AS4385 Rochester Institute of Technology,14604,America/New_York,
,North Bergen,New Jersey,US,"40.8043,-74.0121","AS14061 DigitalOcean, LLC",07047,America/New_York,
,Toronto,Ontario,CA,"43.7064,-79.3986","AS14061 DigitalOcean, LLC",M5A,America/Toronto,
,Frankfurt am Main,Hesse,DE,"50.1155,8.6842",AS49532 Eonix Corporation,60306,Europe/Berlin,
,Monterey,California,US,"36.6002,-121.8947","AS7018 AT&T Enterprises, LLC",93942,America/Los_Angeles,
host-24-138-129-228.public.eastlink.ca,Greater Sudbury,Ontario,CA,"46.4900,-80.9900",AS11260 EastLink,P3C,America/Toronto,
,Des Moines,Iowa,US,"41.6005,-93.6091",AS8075 Microsoft Corporation,50307,America/Chicago,
47-154-17-96.fdr01.snmn.ca.ip.frontiernet.net,Santa Monica,California,US,"34.0195,-118.4914","AS5650 Frontier Communications of America, Inc.",90401,America/Los_Angeles,
ec2-54-172-101-239.compute-1.amazonaws.com,Ashburn,Virginia,US,"39.0437,-77.4875","AS14618 Amazon.com, Inc.",20147,America/New_York,
ec2-34-227-25-43.compute-1.amazonaws.com,Ashburn,Virginia,US,"39.0437,-77.4875","AS14618 Amazon.com, Inc.",20147,America/New_York,
46.42.203.35.bc.googleusercontent.com,Montréal,Quebec,CA,"45.5088,-73.5878",AS396982 Google LLC,H3H,America/Toronto,
63-140-90-83-radius.dynamic.acsalaska.net,Anchorage,Alaska,US,"61.2181,-149.9003","AS7782 Alaska Communications Systems Group, Inc.",99509,America/Anchorage,
ool-44c46a75.dyn.optonline.net,Manorhaven,New York,US,"40.8432,-73.7148",AS6128 Cablevision Systems Corp.,11050,America/New_York,
c-73-225-139-41.hsd1.wa.comcast.net,Sumner,Washington,US,"47.2032,-122.2404","AS7922 Comcast Cable Communications, LLC",98390,America/Los_Angeles,
74-210-238-108.resi.cgocable.ca,Saint-Jean-sur-Richelieu,Quebec,CA,"45.3071,-73.2626",AS11290 Cogeco Connexion inc,J3B,America/Toronto,
,North Bergen,New Jersey,US,"40.8043,-74.0121","AS14061 DigitalOcean, LLC",07047,America/New_York,
96-254-74-40.7ecba14fed4ea6e0a93c10ba2736f95c.ip.frontiernet.net,Ashburn,Virginia,US,"39.0437,-77.4875",,20147,America/New_York,
pool-99-232-225-208.cpe.net.cable.rogers.com,Mississauga,Ontario,CA,"43.5789,-79.6583",AS812 Rogers Communications Canada Inc.,L5C,America/Toronto,
wsip-98-172-114-246.ks.ks.cox.net,Wichita,Kansas,US,"37.6922,-97.3375",AS22773 Cox Communications Inc.,67201,America/Chicago,
108-161-94-210.client.mchsi.com,Ankeny,Iowa,US,"41.7297,-93.6058",AS30036 Mediacom Communications Corp,50023,America/Chicago,
s37-245-143-216.dvec.az.wi-power.com,Las Cruces,New Mexico,US,"32.3123,-106.7783",AS13904 Cherryland Services Inc,88005,America/Denver,
mobile-166-130-84-115.mycingular.net,Rosaryville,Maryland,US,"38.7568,-76.8097","AS20057 AT&T Enterprises, LLC",20623,America/New_York,
,Frankfurt am Main,Hesse,DE,"50.1155,8.6842","AS14061 DigitalOcean, LLC",60306,Europe/Berlin,
,Frankfurt am Main,Hesse,DE,"50.1155,8.6842","AS14061 DigitalOcean, LLC",60306,Europe/Berlin,
c-98-255-72-35.hsd1.ca.comcast.net,Sacramento,California,US,"38.5816,-121.4944","AS7922 Comcast Cable Communications, LLC",94203,America/Los_Angeles,
,Halifax,Nova Scotia,CA,"44.6427,-63.5769",AS53913 City Wide Communications Inc.,B3J,America/Halifax,
,Frankfurt am Main,Hesse,DE,"50.1155,8.6842",AS212238 Datacamp Limited,60306,Europe/Berlin,
,Randolph,Vermont,US,"43.9251,-72.6659",AS55145 ECFiber,05060,America/New_York,
99-64-244-146.lightspeed.irvnca.sbcglobal.net,San Gabriel,California,US,"34.1155,-118.0857","AS7018 AT&T Enterprises, LLC",91775,America/Los_Angeles,
hawk015.startdedicated.com,St. Louis,Missouri,US,"38.6273,-90.1979",AS30083 velia.net,63101,America/Chicago,
,North Bergen,New Jersey,US,"40.8043,-74.0121","AS14061 DigitalOcean, LLC",07047,America/New_York,
198-200-76-98.cpe.distributel.net,Toronto,Ontario,CA,"43.7064,-79.3986",AS11814 Distributel Communications Limited,M5A,America/Toronto,
dhcp-198-2-69-139.cable.user.start.ca,London,Ontario,CA,"42.9834,-81.2330",AS40788 Start Communications,N6B,America/Toronto,
,Västerås,Västmanland,SE,"59.6162,16.5528",,720 01,Europe/Stockholm,
host-192-81-104-228.twlakes.net,Livingston,Tennessee,US,"36.2812,-85.3048",AS19331 Twin Lakes Telephone Cooperative Corporation,38580,America/Chicago,
173-18-8-58.client.mchsi.com,Urbandale,Iowa,US,"41.6267,-93.7122",AS30036 Mediacom Communications Corp,50322,America/Chicago,
,Santa Clara,California,US,"37.3483,-121.9844","AS14061 DigitalOcean, LLC",95051,America/Los_Angeles,
,Santa Clara,California,US,"37.3483,-121.9844","AS14061 DigitalOcean, LLC",95051,America/Los_Angeles,
c-76-122-151-139.hsd1.mi.comcast.net,Westland,Michigan,US,"42.3242,-83.4002","AS7922 Comcast Cable Communications, LLC",48185,America/Detroit,
c-73-42-82-82.hsd1.fl.comcast.net,Orlando,Florida,US,"28.5383,-81.3792","AS7922 Comcast Cable Communications, LLC",32801,America/New_York,
adsl-072-149-243-021.sip.msy.bellsouth.net,New Orleans,Louisiana,US,"29.9547,-90.0751","AS6389 AT&T Enterprises, LLC",70112,America/Chicago,
syn-072-225-012-072.res.spectrum.com,Fairport,New York,US,"43.0987,-77.4419",AS11351 Charter Communications Inc,14450,America/New_York,
syn-072-229-209-051.res.spectrum.com,New York City,New York,US,"40.7239,-73.8997",AS12271 Charter Communications Inc,11378,America/New_York,
c-71-203-15-25.hsd1.fl.comcast.net,Brandon,Florida,US,"27.9378,-82.2859","AS7922 Comcast Cable Communications, LLC",33509,America/New_York,
,Portmore,Saint Catherine Parish,JM,"17.9710,-76.8869",AS30689 FLOW,,America/Jamaica,
,Santa Clara,California,US,"37.3483,-121.9844","AS14061 DigitalOcean, LLC",95051,America/Los_Angeles,
ool-44c1c6a8.dyn.optonline.net,Myers Corner,New York,US,"41.6062,-73.8729",AS6128 Cablevision Systems Corp.,12590,America/New_York,
h153.74.119.64.dynamic.ip.windstream.net,New York City,New York,US,"40.7143,-74.0060",,10001,America/New_York,
,Phoenix,Arizona,US,"33.4484,-112.0740",AS4213 Krypt Technologies,85001,America/Phoenix,
23-94-235-150-host.colocrossing.com,Los Angeles,California,US,"34.0522,-118.2437",AS36352 HostPapa,90009,America/Los_Angeles,
wsip-24-234-175-131.lv.lv.cox.net,Las Vegas,Nevada,US,"36.1750,-115.1372",AS22773 Cox Communications Inc.,89111,America/Los_Angeles,
181.102.185.35.bc.googleusercontent.com,North Charleston,South Carolina,US,"32.8546,-79.9748",AS396982 Google LLC,29415,America/New_York,
,Bakersfield,California,US,"35.3866,-119.0171","AS7018 AT&T Enterprises, LLC",93301,America/Los_Angeles,
hrt107.rahanet.af,Herāt,Herat,AF,"34.3482,62.1997",AS135376 Rahanet Internet Service Provider,,Asia/Kabul,
c-98-254-125-18.hsd1.fl.comcast.net,North Miami,Florida,US,"25.8901,-80.1867","AS7922 Comcast Cable Communications, LLC",33161,America/New_York,
pool-99-229-75-221.cpe.net.cable.rogers.com,Richmond Hill,Ontario,CA,"43.8711,-79.4373",AS812 Rogers Communications Canada Inc.,L4C,America/Toronto,
,Paris,Île-de-France,FR,"48.8534,2.3488",AS212238 Datacamp Limited,75000,Europe/Paris,
syn-097-106-171-150.res.spectrum.com,Orlando,Florida,US,"28.5383,-81.3792","AS33363 Charter Communications, Inc",32801,America/New_York,
c-98-201-179-81.hsd1.tx.comcast.net,Houston,Texas,US,"29.7633,-95.3633","AS7922 Comcast Cable Communications, LLC",77002,America/Chicago,
ool-4b7fffc2.static.optonline.net,New York City,New York,US,"40.7143,-74.0060",AS6128 Cablevision Systems Corp.,10001,America/New_York,
c-75-64-196-80.hsd1.la.comcast.net,Shreveport,Louisiana,US,"32.5251,-93.7502","AS7922 Comcast Cable Communications, LLC",71101,America/Chicago,
dynamic.libertypr.net,San Juan,San Juan,PR,"18.4663,-66.1057",AS14638 Liberty Communications of Puerto Rico LLC,00901,America/Puerto_Rico,
dynamic.libertypr.net,Río Grande,Río Grande,PR,"18.3802,-65.8313",AS14638 Liberty Communications of Puerto Rico LLC,00745,America/Puerto_Rico,
c-69-138-69-150.hsd1.de.comcast.net,Smyrna,Delaware,US,"39.2998,-75.6047","AS7922 Comcast Cable Communications, LLC",19977,America/New_York,
,Kansas City,Missouri,US,"39.0997,-94.5786","AS32097 WholeSale Internet, Inc.",64106,America/Chicago,
,Warsaw,Indiana,US,"41.2381,-85.8530","AS209 CenturyLink Communications, LLC",46580,America/Indiana/Indianapolis,
50-42-29-114.static.nrwl.oh.ip.frontiernet.net,Norwalk,Ohio,US,"41.2426,-82.6157","AS5650 Frontier Communications of America, Inc.",44857,America/New_York,
,Boston,Massachusetts,US,"42.3584,-71.0598","AS7922 Comcast Cable Communications, LLC",02108,America/New_York,
,Chicago,Illinois,US,"41.8500,-87.6500",AS2828 Verizon Business,60666,America/Chicago,
,North Bergen,New Jersey,US,"40.8043,-74.0121","AS14061 DigitalOcean, LLC",07047,America/New_York,
,Singapore,Singapore,SG,"1.3215,103.6957","AS14061 DigitalOcean, LLC",627753,Asia/Singapore,
,Parsippany,New Jersey,US,"40.8579,-74.4260","AS54825 Packet Host, Inc.",07054,America/New_York,
149.28.11.235.vultrusercontent.com,Kent,Washington,US,"47.3776,-122.2854","AS20473 The Constant Company, LLC",98032,America/Los_Angeles,
107-205-165-211.lightspeed.miamfl.sbcglobal.net,Miami,Florida,US,"25.7664,-80.2317","AS7018 AT&T Enterprises, LLC",33135,America/New_York,
,Los Angeles,California,US,"34.0522,-118.2437",AS21859 Zenlayer Inc,90009,America/Los_Angeles,
stjhnf011fw-159-2-26-180.dhcp-dynamic.fibreop.nl.bellaliant.net,St. John's,Newfoundland and Labrador,CA,"47.5649,-52.7093",AS855 Bell Canada,A1A,America/St_Johns,
server.bbb.iamx.com,North Bergen,New Jersey,US,"40.8043,-74.0121","AS14061 DigitalOcean, LLC",07047,America/New_York,
,Land O' Lakes,Florida,US,"28.2189,-82.4576",AS23314 Summit Broadband,34639,America/New_York,
ec2-34-209-2-177.us-west-2.compute.amazonaws.com,Boardman,Oregon,US,"45.8399,-119.7006","AS16509 Amazon.com, Inc.",97818,America/Los_Angeles,
,Toronto,Ontario,CA,"43.7064,-79.3986","AS14061 DigitalOcean, LLC",M5A,America/Toronto,
69-172-179-212.cable.teksavvy.com,Vancouver,British Columbia,CA,"49.2497,-123.1193","AS5645 TekSavvy Solutions, Inc.",V5Y,America/Vancouver,
,Clifton,New Jersey,US,"40.8344,-74.1377","AS14061 DigitalOcean, LLC",07014,America/New_York,
www.darknesseo.com,New York City,New York,US,"40.7143,-74.0060","AS19624 Data Room, Inc",10001,America/New_York,
mail.listingschamp.com,Ashburn,Virginia,US,"39.0437,-77.4875",AS16276 OVH SAS,20147,America/New_York,
149.28.117.66.vultrusercontent.com,Elk Grove Village,Illinois,US,"42.0076,-87.9931","AS20473 The Constant Company, LLC",60007,America/Chicago,
,Singapore,Singapore,SG,"1.3215,103.6957","AS14061 DigitalOcean, LLC",627753,Asia/Singapore,
s38.arteplanatendimentocliente.com,Kansas City,Missouri,US,"39.0997,-94.5786","AS33387 Nocix, LLC",64170,America/Chicago,
,Kansas City,Missouri,US,"39.0997,-94.5786","AS32097 WholeSale Internet, Inc.",64170,America/Chicago,
,Iron Mountain,Michigan,US,"45.8202,-88.0660",AS237 Merit Network Inc.,49801,America/Menominee,
104-1-36-55.lightspeed.miamfl.sbcglobal.net,Hollywood,Florida,US,"25.9894,-80.2153","AS7018 AT&T Enterprises, LLC",33023,America/New_York,
dynamic-acs-72-23-37-56.zoominternet.net,Spencer,Ohio,US,"41.1003,-82.1232",AS27364 Armstrong,44275,America/New_York,
,Kansas City,Missouri,US,"39.0997,-94.5786","AS32097 WholeSale Internet, Inc.",64170,America/Chicago,
c-73-61-112-240.hsd1.ma.comcast.net,Plymouth,Massachusetts,US,"41.9584,-70.6673","AS7922 Comcast Cable Communications, LLC",02362,America/New_York,
,Kansas City,Missouri,US,"39.0997,-94.5786","AS32097 WholeSale Internet, Inc.",64106,America/Chicago,
107-173-22-146-host.colocrossing.com,Buffalo,New York,US,"42.8865,-78.8784",AS36352 HostPapa,14202,America/New_York,
,North Bergen,New Jersey,US,"40.8043,-74.0121","AS14061 DigitalOcean, LLC",07047,America/New_York,
,Burien,Washington,US,"47.4704,-122.3468",AS23033 Wowrack.com,98062,America/Los_Angeles,
,Secaucus,New Jersey,US,"40.7895,-74.0565",AS400536 Nodestop LLC,07094,America/New_York,
ec2-18-222-90-205.us-east-2.compute.amazonaws.com,Columbus,Ohio,US,"39.9612,-82.9988","AS16509 Amazon.com, Inc.",43215,America/New_York,
23-115-195-126.lightspeed.sndgca.sbcglobal.net,El Cajon,California,US,"32.7777,-116.9191","AS7018 AT&T Enterprises, LLC",92019,America/Los_Angeles,
,Ashburn,Virginia,US,"39.0437,-77.4875",AS16276 OVH SAS,20147,America/New_York,
,North Bergen,New Jersey,US,"40.8043,-74.0121","AS14061 DigitalOcean, LLC",07047,America/New_York,
,New York City,New York,US,"40.7143,-74.0060",AS395839 HOSTKEY,10001,America/New_York,
96-84-245-173-static.hfc.comcastbusiness.net,Denver,Colorado,US,"39.7392,-104.9847","AS7922 Comcast Cable Communications, LLC",80203,America/Denver,
,Tucker,Georgia,US,"33.8546,-84.2171","AS7018 AT&T Enterprises, LLC",30084,America/New_York,
174-26-212-213.phnx.qwest.net,Mesa,Arizona,US,"33.4223,-111.8226","AS209 CenturyLink Communications, LLC",85214,America/Phoenix,
syn-173-169-046-085.res.spectrum.com,Tampa,Florida,US,"28.0384,-82.3949","AS33363 Charter Communications, Inc",33617,America/New_York,
,Singapore,Singapore,SG,"1.3215,103.6957","AS14061 DigitalOcean, LLC",627753,Asia/Singapore,
,Clifton,New Jersey,US,"40.8344,-74.1377","AS14061 DigitalOcean, LLC",07014,America/New_York,
,Singapore,Singapore,SG,"1.3215,103.6957","AS14061 DigitalOcean, LLC",627753,Asia/Singapore,
,Santa Clara,California,US,"37.3483,-121.9844","AS14061 DigitalOcean, LLC",95051,America/Los_Angeles,
,Clifton,New Jersey,US,"40.8344,-74.1377","AS14061 DigitalOcean, LLC",07014,America/New_York,
160-3-242-161.cpe.sparklight.net,Show Low,Arizona,US,"34.2998,-110.0000","AS11492 CABLE ONE, INC.",85901,America/Phoenix,
,San Francisco,California,US,"37.7749,-122.4194",AS203020 HostRoyale Technologies Pvt Ltd,94102,America/Los_Angeles,
,Utrera,Andalusia,ES,"37.1852,-5.7809",AS984 OCTOPUS WEB SOLUTION INC,41710,Europe/Madrid,
,Toronto,Ontario,CA,"43.7064,-79.3986","AS14061 DigitalOcean, LLC",M5A,America/Toronto,
,Clifton,New Jersey,US,"40.8344,-74.1377","AS14061 DigitalOcean, LLC",07014,America/New_York,
web3.globalhostllc.com,Lenoir,North Carolina,US,"35.9140,-81.5390","AS31863 Centrilogic, Inc.",28633,America/New_York,
internal.sharpinnovations.com,North Bergen,New Jersey,US,"40.8043,-74.0121","AS14061 DigitalOcean, LLC",07047,America/New_York,
,Humacao,Humacao,PR,"18.1497,-65.8274",AS21559 OSNET Wireless,00791,America/Puerto_Rico,
mi3-cl9-its5.a2hosting.com,Detroit,Michigan,US,"42.3314,-83.0457","AS55293 A2 Hosting, Inc.",48226,America/Detroit,
syn-072-135-116-129.res.spectrum.com,Lexington,Kentucky,US,"38.0102,-84.4274",AS10796 Charter Communications Inc,40509,America/New_York,
ool-4579ad5b.dyn.optonline.net,New York City,New York,US,"40.7143,-74.0060",AS6128 Cablevision Systems Corp.,10001,America/New_York,
s146-238-68-64.trico.az.wi-power.com,Picture Rocks,Arizona,US,"32.3459,-111.2462",AS13904 Cherryland Services Inc,85653,America/Phoenix,
,Oistins,Christ Church,BB,"13.0707,-59.5464",AS14813 Columbus Telecommunications (Barbados) Limited,,America/Barbados,
70-137-58-66.gci.net,Anchorage,Alaska,US,"61.2181,-149.9003","AS8047 GENERAL COMMUNICATION, INC.",99509,America/Anchorage,
,Kingsport,Tennessee,US,"36.5484,-82.5618","AS26479 Point Broadband Fiber Holding, LLC",37660,America/New_York,
d149-67-236-44.nap.wideopenwest.com,Sterling Heights,Michigan,US,"42.5803,-83.0302",AS12083 WideOpenWest Finance LLC,48311,America/Detroit,
ool-435034cc.dyn.optonline.net,New York City,New York,US,"40.7143,-74.0060",AS6128 Cablevision Systems Corp.,10001,America/New_York,
,Chicago,Illinois,US,"41.8923,-87.6373","AS53828 NETWORK INNOVATIONS, LLC",60654,America/Chicago,
ec2-54-151-45-211.us-west-1.compute.amazonaws.com,San Jose,California,US,"37.3394,-121.8950","AS16509 Amazon.com, Inc.",95025,America/Los_Angeles,
dyn-cbm-bn-76-75-94-67.nexicom.net,Lakefield,Ontario,CA,"44.4334,-78.2662",AS11666 Nexicom Inc.,K9L,America/Toronto,
,Washington,Virginia,US,"38.7135,-78.1594",AS8075 Microsoft Corporation,22747,America/New_York,
,Santa Clara,California,US,"37.3483,-121.9844","AS14061 DigitalOcean, LLC",95051,America/Los_Angeles,
pool-71-121-251-150.bltmmd.fios.verizon.net,Columbia,Maryland,US,"39.2404,-76.8394",AS701 Verizon Business,21045,America/New_York,
ip72-217-76-104.ph.ph.cox.net,Phoenix,Arizona,US,"33.4484,-112.0740",AS22773 Cox Communications Inc.,85001,America/Phoenix,
pool-108-6-162-175.nycmny.fios.verizon.net,Kings Point,New York,US,"40.8198,-73.7351",AS701 Verizon Business,11024,America/New_York,
,San Francisco,California,US,"37.7309,-122.3886","AS14061 DigitalOcean, LLC",94124,America/Los_Angeles,
108-220-153-26.lightspeed.iplsin.sbcglobal.net,Indianapolis,Indiana,US,"39.7096,-86.2614","AS7018 AT&T Enterprises, LLC",46241,America/Indiana/Indianapolis,
,Tokyo,Tokyo,JP,"35.6895,139.6917",AS398993 PEG TECH INC,101-8656,Asia/Tokyo,
ip-192-31-55-205.xplore.ca,Chatham,Ontario,CA,"42.4122,-82.1849",,N7L,America/Toronto,
ip-206-124-194-20.dynamic.eatel.net,Gonzales,Louisiana,US,"30.2385,-90.9201",AS5009 REV,70737,America/Chicago,
,North Bergen,New Jersey,US,"40.8043,-74.0121","AS14061 DigitalOcean, LLC",07047,America/New_York,
,North Bergen,New Jersey,US,"40.8043,-74.0121","AS14061 DigitalOcean, LLC",07047,America/New_York,
,North Bergen,New Jersey,US,"40.8043,-74.0121","AS14061 DigitalOcean, LLC",07047,America/New_York,
208-107-227-115-dynamic.midco.net,Grand Forks,North Dakota,US,"47.9253,-97.0328",AS11232 Midcontinent Communications,58206,America/Chicago,
198-46-140-106-host.colocrossing.com,Buffalo,New York,US,"42.8865,-78.8784",AS36352 HostPapa,14202,America/New_York,
198-74-57-170.ip.linodeusercontent.com,Cedar Knolls,New Jersey,US,"40.8220,-74.4488",AS63949 Akamai Connected Cloud,07927,America/New_York,
104-58-24-35.lightspeed.stlsmo.sbcglobal.net,Affton,Missouri,US,"38.5506,-90.3332","AS7018 AT&T Enterprises, LLC",63123,America/Chicago,
184.189.233.35.bc.googleusercontent.com,The Dalles,Oregon,US,"45.5946,-121.1787",AS396982 Google LLC,97058,America/Los_Angeles,
,Santa Clara,California,US,"37.3483,-121.9844","AS14061 DigitalOcean, LLC",95051,America/Los_Angeles,
45-79-164-193.ip.linodeusercontent.com,Cedar Knolls,New Jersey,US,"40.8220,-74.4488",AS63949 Akamai Connected Cloud,07927,America/New_York,
,Singapore,Singapore,SG,"1.2897,103.8501",AS150436 Byteplus Pte. Ltd.,018989,Asia/Singapore,
macsmusicsvs.tempurl.host,Piscataway,New Jersey,US,"40.4993,-74.3990","AS20473 The Constant Company, LLC",08854,America/New_York,
syn-047-038-206-165.res.spectrum.com,Fort Worth,Texas,US,"32.7392,-97.3852",AS20115 Charter Communications LLC,76107,America/Chicago,
syn-047-037-090-133.res.spectrum.com,Fort Worth,Texas,US,"32.7392,-97.3852",AS20115 Charter Communications LLC,76107,America/Chicago,
50-77-5-22-static.hfc.comcastbusiness.net,Fort Pierce,Florida,US,"27.4467,-80.3256","AS7922 Comcast Cable Communications, LLC",34950,America/New_York,
bras-base-cctmpq0344w-grc-43-50-100-133-183.dsl.bell.ca,Tadoussac,Quebec,CA,"48.1500,-69.7167",AS577 Bell Canada,G5R,America/Toronto,
pool-100-6-150-112.pitbpa.fios.verizon.net,Pittsburgh,Pennsylvania,US,"40.4406,-79.9959",AS701 Verizon Business,15212,America/New_York,
,Nassau,New Providence,BS,"25.0582,-77.3431",AS8014 Bahamas Telecommunications Corporation,,America/Nassau,
ec2-3-87-70-201.compute-1.amazonaws.com,Ashburn,Virginia,US,"39.0437,-77.4875","AS14618 Amazon.com, Inc.",20147,America/New_York,
c-24-147-40-202.hsd1.ma.comcast.net,Fall River,Massachusetts,US,"41.7015,-71.1551","AS7922 Comcast Cable Communications, LLC",02722,America/New_York,
,Humacao,Humacao,PR,"18.1497,-65.8274",AS14638 Liberty Communications of Puerto Rico LLC,00791,America/Puerto_Rico,
c-24-6-160-149.hsd1.ca.comcast.net,Orcutt,California,US,"34.8653,-120.4360","AS7922 Comcast Cable Communications, LLC",93455,America/Los_Angeles,
5.192.68.34.bc.googleusercontent.com,Council Bluffs,Iowa,US,"41.2619,-95.8608",AS396982 Google LLC,51502,America/Chicago,
,Washington,District of Columbia,US,"38.8951,-77.0364",AS174 Cogent Communications,20004,America/New_York,
45-72-128-115.cpe.teksavvy.com,Toronto,Ontario,CA,"43.7064,-79.3986","AS5645 TekSavvy Solutions, Inc.",M5A,America/Toronto,
syn-047-036-113-033.res.spectrum.com,Carson City,Nevada,US,"39.2025,-119.7526",AS20115 Charter Communications LLC,89706,America/Los_Angeles,
,San Jose,California,US,"37.3394,-121.8950","AS7018 AT&T Enterprises, LLC",95025,America/Los_Angeles,
,North Bergen,New Jersey,US,"40.8043,-74.0121","AS14061 DigitalOcean, LLC",07047,America/New_York,
,Diego Martin,Diego Martin Regional Corporation,TT,"10.7208,-61.5662",AS27665 Columbus Communications Trinidad Limited.,,America/Port_of_Spain,
,Temecula,California,US,"33.4936,-117.1484",AS400996 AeroSurf,92589,America/Los_Angeles,
bras-vprn-ptcdon3309w-lp130-35-70-26-24-109.dsl.bell.ca,Milton,Ontario,CA,"43.5168,-79.8829",AS577 Bell Canada,L9E,America/Toronto,
,North Bergen,New Jersey,US,"40.8043,-74.0121","AS14061 DigitalOcean, LLC",07047,America/New_York,
69-221-238-60.lightspeed.knvltn.sbcglobal.net,Paintsville,Kentucky,US,"37.8145,-82.8071","AS7018 AT&T Enterprises, LLC",41240,America/New_York,
71-214-70-136.orlf.qwest.net,Horizon West,Florida,US,"28.4338,-81.6227","AS209 CenturyLink Communications, LLC",32830,America/New_York,
syn-072-229-010-227.res.spectrum.com,Bellerose Terrace,New York,US,"40.7272,-73.7949",AS12271 Charter Communications Inc,11366,America/New_York,
ip174-72-24-78.ph.ph.cox.net,Phoenix,Arizona,US,"33.4484,-112.0740",AS22773 Cox Communications Inc.,85001,America/Phoenix,
s0106688f2ed77393.gv.shawcable.net,Victoria,British Columbia,CA,"48.4359,-123.3516",AS6327 Shaw Communications Inc.,V8T,America/Vancouver,
,Marabella,San Fernando,TT,"10.3062,-61.4467",AS27665 Columbus Communications Trinidad Limited.,,America/Port_of_Spain,
ool-435216a5.dyn.optonline.net,Newark,New Jersey,US,"40.7357,-74.1724",AS6128 Cablevision Systems Corp.,07102,America/New_York,
tempo23-4.senders.date,Dallas,Texas,US,"32.7831,-96.8067",AS36454 WHG Hosting Services Ltd,75201,America/Chicago,
s94-234-68-64.lhec.tx.wi-power.com,Lockney,Texas,US,"34.1245,-101.4416",AS13904 Cherryland Services Inc,79241,America/Chicago,
,Albuquerque,New Mexico,US,"35.0845,-106.6511",AS3388 University of New Mexico,87102,America/Denver,
,Tulsa,Oklahoma,US,"36.1540,-95.9928",AS22747 TulsaConnect,74102,America/Chicago,
toroon63-1176243435.sdsl.bell.ca,Mississauga,Ontario,CA,"43.5789,-79.6583",AS577 Bell Canada,L5C,America/Toronto,
206-55-189-139.fttp.usinternet.com,Minneapolis,Minnesota,US,"44.9800,-93.2638",AS10242 US Internet Corp,55401,America/Chicago,
,Rockford,Michigan,US,"43.1200,-85.5600","AS20101 Michwave Technologies, Inc.",49351,America/Detroit,
static-host-185-211-33-161.awasr.om,Muscat,Muscat,OM,"23.5841,58.4078",AS204170 Awaser Oman LLC,,Asia/Muscat,
,Moscow,Moscow,RU,"55.7522,37.6156",AS47913 Moshonkin Ilia Sergeevich,101000,Europe/Moscow,
172-15-97-207.lightspeed.frokca.sbcglobal.net,Auburn,California,US,"38.8966,-121.0769","AS7018 AT&T Enterprises, LLC",95603,America/Los_Angeles,
173-18-38-235.client.mchsi.com,New York City,New York,US,"40.7143,-74.0060",AS30036 Mediacom Communications Corp,10001,America/New_York,
,Frankfurt am Main,Hesse,DE,"50.1155,8.6842","AS14061 DigitalOcean, LLC",60306,Europe/Berlin,
adsl-173-228-255-138.prtc.net,Dorado,Dorado,PR,"18.4588,-66.2677","AS10396 DATACOM CARIBE, INC.",00646,America/Puerto_Rico,
,Clifton,New Jersey,US,"40.8344,-74.1377","AS14061 DigitalOcean, LLC",07014,America/New_York,
,Santa Clara,California,US,"37.3483,-121.9844","AS14061 DigitalOcean, LLC",95051,America/Los_Angeles,
syn-108-189-182-190.biz.spectrum.com,Kissimmee,Florida,US,"28.3047,-81.4167","AS33363 Charter Communications, Inc",34741,America/New_York,
pool-108-35-14-247.nwrknj.fios.verizon.net,Shark River Hills,New Jersey,US,"40.1940,-74.0487",AS701 Verizon Business,07754,America/New_York,
static-108-46-196-185.nycmny.fios.verizon.net,New York City,New York,US,"40.7143,-74.0060",AS701 Verizon Business,10001,America/New_York,
104-188-34-119.lightspeed.miamfl.sbcglobal.net,Miami Springs,Florida,US,"25.8223,-80.2895","AS7018 AT&T Enterprises, LLC",33166,America/New_York,
,Los Angeles,California,US,"34.0522,-118.2437",AS55992 Beijing Qihu Technology Company Limited,90009,America/Los_Angeles,
,Paris,Île-de-France,FR,"48.8534,2.3488",AS212238 Datacamp Limited,75000,Europe/Paris,
,Palm Beach Gardens,Florida,US,"26.8234,-80.1386","AS7922 Comcast Cable Communications, LLC",33410,America/New_York,
,Princeton,Florida,US,"25.5384,-80.4089","AS7922 Comcast Cable Communications, LLC",33032,America/New_York,
pool-74-108-224-136.nycmny.fios.verizon.net,New York City,New York,US,"40.7143,-74.0060",AS701 Verizon Business,10001,America/New_York,
c-73-138-118-40.hsd1.fl.comcast.net,Vero Beach,Florida,US,"27.6386,-80.3973","AS7922 Comcast Cable Communications, LLC",32960,America/New_York,
syn-076-187-016-062.res.spectrum.com,Irving,Texas,US,"32.8140,-96.9489",AS11427 Charter Communications Inc,75059,America/Chicago,
syn-072-182-138-071.res.spectrum.com,Wichita Falls,Texas,US,"33.9519,-98.5145",AS11427 Charter Communications Inc,76306,America/Chicago,
23-95-50-146-host.colocrossing.com,Los Angeles,California,US,"34.0522,-118.2437",AS36352 HostPapa,90009,America/Los_Angeles,
c-24-14-1-201.hsd1.il.comcast.net,Algonquin,Illinois,US,"42.1656,-88.2943","AS7922 Comcast Cable Communications, LLC",60102,America/Chicago,
mail.surefireinc.com,Juneau,Wisconsin,US,"43.4055,-88.7051",AS20115 Charter Communications LLC,53039,America/Chicago,
host-24-222-199-238.public.eastlink.ca,Dartmouth,Nova Scotia,CA,"44.6713,-63.5772",AS11260 EastLink,B3A,America/Halifax,
,Santa Clara,California,US,"37.3483,-121.9844","AS14061 DigitalOcean, LLC",95051,America/Los_Angeles,
d75-155-237-221.bchsia.telus.net,Penticton,British Columbia,CA,"49.4806,-119.5858",AS852 TELUS Communications Inc.,V2A,America/Vancouver,
c-73-84-76-87.hsd1.fl.comcast.net,Westchester,Florida,US,"25.7548,-80.3273","AS7922 Comcast Cable Communications, LLC",33144,America/New_York,
ool-44c08349.dyn.optonline.net,Watertown,Connecticut,US,"41.6062,-73.1182",AS6128 Cablevision Systems Corp.,06795,America/New_York,
c-69-180-54-138.hsd1.ga.comcast.net,Atlanta,Georgia,US,"33.7490,-84.3880","AS7922 Comcast Cable Communications, LLC",30302,America/New_York,
syn-068-206-007-117.res.spectrum.com,Beaumont,Texas,US,"30.0948,-94.1648",AS11427 Charter Communications Inc,77706,America/Chicago,
,Philadelphia,Pennsylvania,US,"39.9524,-75.1636","AS209 CenturyLink Communications, LLC",19099,America/New_York,
,Santa Clara,California,US,"37.3541,-121.9552","AS132203 Tencent Building, Kejizhongyi Avenue",95050,America/Los_Angeles,
www.internet-albedo.net,Dallas,Texas,US,"32.7831,-96.8067","AS20052 Arbor Networks, Inc.",75201,America/Chicago,
553133.cloudwaysapps.com,North Bergen,New Jersey,US,"40.8043,-74.0121","AS14061 DigitalOcean, LLC",07047,America/New_York,
,Clifton,New Jersey,US,"40.8344,-74.1377","AS14061 DigitalOcean, LLC",07014,America/New_York,
,Santa Clara,California,US,"37.3483,-121.9844","AS14061 DigitalOcean, LLC",95051,America/Los_Angeles,
,Amsterdam,North Holland,NL,"52.3740,4.8897","AS14061 DigitalOcean, LLC",1012,Europe/Amsterdam,
9b.29.37a9.ip4.static.sl-reverse.com,Richardson,Texas,US,"32.9482,-96.7297",AS36351 IBM Cloud,75080,America/Chicago,
172-105-4-227.ip.linodeusercontent.com,Toronto,Ontario,CA,"43.7064,-79.3986",AS63949 Akamai Connected Cloud,M5A,America/Toronto,
168-124-174-206.static.gci.net,Soldotna,Alaska,US,"60.4878,-151.0583","AS8047 GENERAL COMMUNICATION, INC.",99669,America/Anchorage,
mintactively.net,Seattle,Washington,US,"47.4889,-122.3012",AS27323 Wowrack.com,98168,America/Los_Angeles,
syn-104-136-179-142.biz.spectrum.com,Palm Coast,Florida,US,"29.4861,-81.2045","AS33363 Charter Communications, Inc",32164,America/New_York,
,Frankfurt am Main,Hesse,DE,"50.1155,8.6842","AS14061 DigitalOcean, LLC",60306,Europe/Berlin,
,Singapore,Singapore,SG,"1.3215,103.6957","AS14061 DigitalOcean, LLC",627753,Asia/Singapore,
,Clifton,New Jersey,US,"40.8344,-74.1377","AS14061 DigitalOcean, LLC",07014,America/New_York,
c-98-197-194-229.hsd1.tx.comcast.net,Houston,Texas,US,"29.7633,-95.3633","AS7922 Comcast Cable Communications, LLC",77002,America/Chicago,
c-174-49-67-132.hsd1.ga.comcast.net,Atlanta,Georgia,US,"33.7490,-84.3880","AS7922 Comcast Cable Communications, LLC",30302,America/New_York,
,Baltimore,Maryland,US,"39.2904,-76.6122","AS7922 Comcast Cable Communications, LLC",21203,America/New_York,
,North Bergen,New Jersey,US,"40.8043,-74.0121","AS14061 DigitalOcean, LLC",07047,America/New_York,
ool-44c6496f.dyn.optonline.net,West Babylon,New York,US,"40.7182,-73.3543",AS6128 Cablevision Systems Corp.,11704,America/New_York,
syn-067-010-121-005.res.spectrum.com,Beaumont,Texas,US,"30.0948,-94.1648",AS11427 Charter Communications Inc,77706,America/Chicago,
,Bellevue,Washington,US,"47.6104,-122.2007","AS209 CenturyLink Communications, LLC",98004,America/Los_Angeles,
pool-71-121-198-103.bltmmd.fios.verizon.net,Carney,Maryland,US,"39.3943,-76.5236",AS701 Verizon Business,21234,America/New_York,
45-33-86-4.ip.linodeusercontent.com,Cedar Knolls,New Jersey,US,"40.8220,-74.4488",AS63949 Akamai Connected Cloud,07927,America/New_York,
c-73-219-81-216.hsd1.ct.comcast.net,Portsmouth,New Hampshire,US,"43.0770,-70.7577","AS7922 Comcast Cable Communications, LLC",03802,America/New_York,
,Fort Pierce,Florida,US,"27.4467,-80.3256","AS7922 Comcast Cable Communications, LLC",34950,America/New_York,
108.61.206.141.vultrusercontent.com,Los Angeles,California,US,"34.0614,-118.2385","AS20473 The Constant Company, LLC",90012,America/Los_Angeles,
,Las Vegas,Nevada,US,"36.1750,-115.1372",AS53667 FranTech Solutions,89111,America/Los_Angeles,
,San Jose,California,US,"37.3394,-121.8950",AS141167 AgotoZ HK Limited,95025,America/Los_Angeles,
d24-146-56-71.commercial.cgocable.net,Windsor,Ontario,CA,"42.3001,-83.0165",AS7992 Cogeco Connexion Inc.,N8X,America/Toronto,
syn-024-208-189-039.res.spectrum.com,Berea,Kentucky,US,"37.5799,-84.2749",AS10796 Charter Communications Inc,40403,America/New_York,
host-24-222-254-41.public.eastlink.ca,Greenwood,Nova Scotia,CA,"44.9741,-64.9317",AS11260 EastLink,B0S,America/Halifax,
ool-182feeef.dyn.optonline.net,New York City,New York,US,"40.7143,-74.0060",AS6128 Cablevision Systems Corp.,10001,America/New_York,
c-24-60-89-119.hsd1.ct.comcast.net,Bristol,Connecticut,US,"41.6718,-72.9493","AS7922 Comcast Cable Communications, LLC",06011,America/New_York,
28.193.73.34.bc.googleusercontent.com,North Charleston,South Carolina,US,"32.8546,-79.9748",AS396982 Google LLC,29415,America/New_York,
113.141.90.34.bc.googleusercontent.com,Groningen,Groningen,NL,"53.2192,6.5667",AS396982 Google LLC,9711,Europe/Amsterdam,
,Muskogee,Oklahoma,US,"35.7479,-95.3697",AS19108 Optimum,74403,America/Chicago,
47-184-85-182.dlls.tx.frontiernet.net,Denton,Texas,US,"33.2148,-97.1331","AS5650 Frontier Communications of America, Inc.",76203,America/Chicago,
47-147-20-246.lsan.ca.frontiernet.net,La Puente,California,US,"34.0200,-117.9495","AS5650 Frontier Communications of America, Inc.",91747,America/Los_Angeles,
,Jacksonville,Florida,US,"30.3322,-81.6556",AS13649 Flexential Colorado Corp.,32202,America/New_York,
,North Bergen,New Jersey,US,"40.8043,-74.0121","AS14061 DigitalOcean, LLC",07047,America/New_York,
,Saint Cloud,Minnesota,US,"45.5608,-94.1625",AS16904 Arvig Enterprises Inc.,56302,America/Chicago,
pool-71-115-161-60.syrcny.fios.verizon.net,Auburn,New York,US,"42.9317,-76.5661",AS701 Verizon Business,13021,America/New_York,
72-48-193-239.dyn.grandenetworks.net,Corpus Christi,Texas,US,"27.8006,-97.3964","AS7459 Grande Communications Networks, LLC",78401,America/Chicago,
syn-072-190-097-167.res.spectrum.com,Dallas,Texas,US,"32.8999,-96.7897",AS11427 Charter Communications Inc,75230,America/Chicago,
syn-072-186-149-162.biz.spectrum.com,Brandon,Florida,US,"27.9056,-82.2881","AS33363 Charter Communications, Inc",33511,America/New_York,
c-73-70-250-33.hsd1.ca.comcast.net,Benicia,California,US,"38.0494,-122.1586","AS7922 Comcast Cable Communications, LLC",94510,America/Los_Angeles,
syn-075-142-191-173.biz.spectrum.com,Fort Worth,Texas,US,"32.7254,-97.3208",AS20115 Charter Communications LLC,76104,America/Chicago,
,Smyrna,Georgia,US,"33.8840,-84.5144","AS7018 AT&T Enterprises, LLC",30080,America/New_York,
25-10-251-64.serverpronto.com,Fort Lauderdale,Florida,US,"26.1223,-80.1434",AS15083 Infolink Global Corporation,33302,America/New_York,
zem.karmvan.com,Fort Lauderdale,Florida,US,"26.1223,-80.1434",AS15083 Infolink Global Corporation,33302,America/New_York,
sv9920.si-servers.com,Chicago,Illinois,US,"41.8500,-87.6500",AS32475 Internap Holding LLC,60666,America/Chicago,
97-121-196-59.blng.qwest.net,Billings,Montana,US,"45.7833,-108.5007","AS209 CenturyLink Communications, LLC",59101,America/Denver,
,Fort Pierce,Florida,US,"27.4467,-80.3256","AS7922 Comcast Cable Communications, LLC",34950,America/New_York,
pool-100-37-88-190.nycmny.fios.verizon.net,New York City,New York,US,"40.7143,-74.0060",AS701 Verizon Business,10001,America/New_York,
107-197-170-19.lightspeed.irvnca.sbcglobal.net,San Clemente,California,US,"33.4270,-117.6120","AS7018 AT&T Enterprises, LLC",92672,America/Los_Angeles,
pool-108-53-153-213.nwrknj.fios.verizon.net,Elizabeth,New Jersey,US,"40.6640,-74.2107",AS701 Verizon Business,07207,America/New_York,
pool-108-29-4-118.nycmny.fios.verizon.net,New York City,New York,US,"40.7143,-74.0060",AS701 Verizon Business,10001,America/New_York,
108-237-148-64.lightspeed.livnmi.sbcglobal.net,Troy,Michigan,US,"42.5597,-83.1138","AS7018 AT&T Enterprises, LLC",48083,America/Detroit,
ec2-52-40-71-88.us-west-2.compute.amazonaws.com,Boardman,Oregon,US,"45.8399,-119.7006","AS16509 Amazon.com, Inc.",97818,America/Los_Angeles,
cli-9522107b.wholesale.adamo.es,Washington,District of Columbia,US,"38.8951,-77.0364",AS174 Cogent Communications,20004,America/New_York,
,North Bergen,New Jersey,US,"40.8043,-74.0121","AS14061 DigitalOcean, LLC",07047,America/New_York,
162-144-64-149.unifiedlayer.com,Tabiona,Utah,US,"40.3544,-110.7101",AS46606 Unified Layer,84072,America/Denver,
,Sahuarita,Arizona,US,"31.9576,-110.9557",AS13904 Cherryland Services Inc,85629,America/Phoenix,
,Irondequoit,New York,US,"43.2134,-77.5797",AS6167 Verizon Business,14617,America/New_York,
,Frankfurt am Main,Hesse,DE,"50.1155,8.6842","AS14061 DigitalOcean, LLC",60306,Europe/Berlin,
,Singapore,Singapore,SG,"1.3215,103.6957","AS14061 DigitalOcean, LLC",627753,Asia/Singapore,
170.250.108.119.hwccustomers.com,Doral,Florida,US,"25.8195,-80.3553",AS23089 Hotwire Communications,33178,America/New_York,
173-164-63-78-colorado.hfc.comcastbusiness.net,Denver,Colorado,US,"39.7392,-104.9847","AS7922 Comcast Cable Communications, LLC",80203,America/Denver,
syn-074-071-041-221.res.spectrum.com,New York City,New York,US,"40.7339,-74.0054",AS12271 Charter Communications Inc,10014,America/New_York,
syn-069-135-205-081.biz.spectrum.com,Lexington,Kentucky,US,"38.0102,-84.4274",AS10796 Charter Communications Inc,40509,America/New_York,
direct.babydriver.site,Dallas,Texas,US,"32.7831,-96.8067",AS36454 WHG Hosting Services Ltd,75201,America/Chicago,
syn-066-215-020-177.res.spectrum.com,Ventura,California,US,"34.3308,-119.3584",AS20115 Charter Communications LLC,93001,America/Los_Angeles,
ip-192-31-55-197.xplore.ca,Chatham,Ontario,CA,"42.4122,-82.1849",,N7L,America/Toronto,
,San Jose,California,US,"37.3394,-121.8950",AS54600 PEG TECH INC,95025,America/Los_Angeles,
204-15-84-146.ip.fdtnet.net,Lehi,Utah,US,"40.3916,-111.8508","AS13415 FirstDigital Communications, LLC",84043,America/Denver,
,Jacksonville,Florida,US,"30.3322,-81.6556","AS7922 Comcast Cable Communications, LLC",32202,America/New_York,
